sampledate,Temp,DO_con
5/21/2004 0:00,10.29,11.05
5/22/2004 0:00,10.3,10.94
5/23/2004 0:00,9.92,10.69
5/24/2004 0:00,9.77,10.73
5/25/2004 0:00,9.85,10.61
5/27/2004 0:00,10.41,10.45
5/28/2004 0:00,11.34,10.54
5/29/2004 0:00,11,10.41
7/17/2004 0:00,21.03,8.38
7/18/2004 0:00,21.69,8.51
7/19/2004 0:00,22.58,8.4
7/20/2004 0:00,23.52,8.34
7/21/2004 0:00,23.64,8.19
7/22/2004 0:00,22.32,8.31
7/23/2004 0:00,21.86,8.27
7/24/2004 0:00,22.12,8.35
7/25/2004 0:00,22.2,8.28
7/26/2004 0:00,23.02,8.23
7/27/2004 0:00,23.03,8.32
7/28/2004 0:00,22.27,8.38
7/29/2004 0:00,22.18,8.07
7/30/2004 0:00,22.39,8.12
7/31/2004 0:00,22.07,8.23
8/1/2004 0:00,22.8,8.19
8/2/2004 0:00,23.62,8.06
8/3/2004 0:00,22.62,8.29
8/4/2004 0:00,22.09,8.33
8/5/2004 0:00,22.05,8.08
8/6/2004 0:00,21.88,8.23
8/7/2004 0:00,21.69,8.31
8/8/2004 0:00,21.51,8.3
8/9/2004 0:00,21.29,8.33
8/10/2004 0:00,20.34,8.35
8/11/2004 0:00,19.42,8.44
8/12/2004 0:00,19.09,8.55
8/13/2004 0:00,19.04,8.42
8/14/2004 0:00,19.8,8.44
8/15/2004 0:00,19.38,8.72
8/16/2004 0:00,19,8.71
8/17/2004 0:00,19.29,8.72
8/18/2004 0:00,18.73,8.71
8/19/2004 0:00,18.32,8.79
8/20/2004 0:00,18.19,8.78
8/21/2004 0:00,18.1,8.87
8/22/2004 0:00,18.08,8.81
8/23/2004 0:00,18.01,8.86
8/24/2004 0:00,18.19,8.6
8/25/2004 0:00,18.65,8.72
8/26/2004 0:00,18.76,8.71
8/27/2004 0:00,19.08,8.64
8/28/2004 0:00,18.44,8.75
8/29/2004 0:00,18.34,8.82
8/30/2004 0:00,18.53,8.59
8/31/2004 0:00,18.57,8.67
9/1/2004 0:00,18.31,8.67
9/2/2004 0:00,19.13,8.75
9/3/2004 0:00,19.82,8.67
9/4/2004 0:00,20.23,8.63
9/5/2004 0:00,19.99,8.58
9/6/2004 0:00,19.45,8.52
9/7/2004 0:00,18.75,8.48
9/8/2004 0:00,18.57,8.64
9/9/2004 0:00,18.98,8.59
9/10/2004 0:00,18.61,8.57
9/11/2004 0:00,19.11,8.47
9/12/2004 0:00,19.19,8.58
9/13/2004 0:00,18.97,8.49
9/14/2004 0:00,19.06,8.38
9/15/2004 0:00,18.45,8.32
9/16/2004 0:00,18.1,8.33
9/17/2004 0:00,17.97,8.38
9/18/2004 0:00,18.23,8.55
9/19/2004 0:00,18,8.54
9/20/2004 0:00,17.87,8.54
9/21/2004 0:00,18.3,8.54
9/22/2004 0:00,18.5,8.62
9/23/2004 0:00,18.42,8.61
9/24/2004 0:00,17.76,8.49
9/25/2004 0:00,17.85,8.59
9/26/2004 0:00,17.82,8.65
9/27/2004 0:00,17.45,8.56
9/28/2004 0:00,17.17,8.56
9/29/2004 0:00,17.11,8.68
9/30/2004 0:00,16.8,8.62
10/1/2004 0:00,16.21,8.56
10/2/2004 0:00,15.52,8.75
10/3/2004 0:00,14.97,8.83
10/4/2004 0:00,14.29,9.01
10/5/2004 0:00,13.99,9.08
10/6/2004 0:00,14.11,9.23
10/7/2004 0:00,13.93,9.22
10/8/2004 0:00,13.85,9.18
10/9/2004 0:00,13.62,9.11
10/10/2004 0:00,13.97,9.32
10/11/2004 0:00,13.76,9.46
4/18/2005 0:00,4.15,11.47
4/19/2005 0:00,5.1,11.76
4/20/2005 0:00,4.36,11.49
4/21/2005 0:00,5.71,11.69
4/22/2005 0:00,5.06,11.7
4/23/2005 0:00,4.62,11.71
4/24/2005 0:00,4.64,11.79
4/25/2005 0:00,4.79,11.82
4/26/2005 0:00,4.91,11.88
4/27/2005 0:00,5.17,11.97
4/28/2005 0:00,4.99,11.95
4/29/2005 0:00,5.01,11.95
4/30/2005 0:00,5.09,12.07
5/1/2005 0:00,5.11,12.08
5/2/2005 0:00,5.12,12.11
5/3/2005 0:00,5.09,12.17
5/4/2005 0:00,5.51,12.2
5/5/2005 0:00,5.69,12.25
5/6/2005 0:00,6.48,12.32
5/7/2005 0:00,6.91,12.45
5/8/2005 0:00,7.03,12.49
5/9/2005 0:00,7.48,12.49
5/10/2005 0:00,8.1,12.45
5/11/2005 0:00,7.58,12.4
5/12/2005 0:00,7.43,12.35
5/13/2005 0:00,7.36,12.22
5/14/2005 0:00,7.29,12.2
5/15/2005 0:00,7.17,12.18
5/16/2005 0:00,7.64,12.38
5/17/2005 0:00,8.29,12.23
5/18/2005 0:00,7.98,12.43
5/19/2005 0:00,7.9,12.21
5/20/2005 0:00,8.7,12.15
5/21/2005 0:00,9.57,12.24
5/22/2005 0:00,9.56,12.16
5/23/2005 0:00,10.19,11.96
5/24/2005 0:00,11.44,11.88
5/25/2005 0:00,11.69,11.89
5/26/2005 0:00,11.58,11.63
5/27/2005 0:00,12.15,11.32
5/28/2005 0:00,12.69,11.2
5/29/2005 0:00,13.46,11.14
5/30/2005 0:00,13.44,11.28
5/31/2005 0:00,14.79,11.05
6/1/2005 0:00,15.23,10.96
6/2/2005 0:00,15.51,10.84
6/3/2005 0:00,16.29,10.65
6/4/2005 0:00,16.85,10.35
6/5/2005 0:00,16.8,10.24
6/6/2005 0:00,16.71,10.12
6/7/2005 0:00,17.13,9.75
6/8/2005 0:00,17.68,9.89
6/9/2005 0:00,18.49,9.76
6/10/2005 0:00,18.91,9.67
6/11/2005 0:00,19.4,9.52
6/12/2005 0:00,19.85,9.4
6/13/2005 0:00,20.36,9.14
6/14/2005 0:00,19.88,9.14
6/15/2005 0:00,19.41,9.36
6/16/2005 0:00,18.97,9.45
6/17/2005 0:00,19.07,9.26
6/18/2005 0:00,19.61,9.17
6/19/2005 0:00,20.19,9.21
6/20/2005 0:00,20.81,9.03
6/21/2005 0:00,21.24,8.89
6/22/2005 0:00,21.72,8.35
6/23/2005 0:00,21.68,9.03
6/24/2005 0:00,21.94,8.78
6/25/2005 0:00,22.4,8.67
6/26/2005 0:00,22.23,8.76
6/27/2005 0:00,22.12,8.83
6/28/2005 0:00,22.53,8.66
6/29/2005 0:00,22.47,8.6
6/30/2005 0:00,21.88,8.9
7/1/2005 0:00,20.96,8.04
7/8/2005 0:00,22.08,8.51
7/21/2005 0:00,25.25,8.18
7/22/2005 0:00,25.07,8.17
7/23/2005 0:00,24.54,8.19
7/24/2005 0:00,24.38,8.16
7/25/2005 0:00,24.05,8.12
7/26/2005 0:00,23.73,8.25
7/27/2005 0:00,23.4,8.36
7/28/2005 0:00,22.95,8.36
7/29/2005 0:00,23.36,8.35
7/30/2005 0:00,22.67,8.51
7/31/2005 0:00,23.04,8.48
8/1/2005 0:00,23.94,8.37
8/2/2005 0:00,24.62,8.32
8/3/2005 0:00,24.79,8.2
8/4/2005 0:00,24.66,8.09
8/5/2005 0:00,24.62,7.99
8/6/2005 0:00,24.18,8.07
8/7/2005 0:00,24.33,8.02
8/8/2005 0:00,24.38,8.01
8/9/2005 0:00,24.36,7.81
8/10/2005 0:00,24.33,7.78
8/11/2005 0:00,24.02,7.79
8/12/2005 0:00,23.7,7.76
8/13/2005 0:00,23.45,7.78
8/14/2005 0:00,23.35,7.79
8/15/2005 0:00,23.3,7.82
8/16/2005 0:00,23.39,7.83
8/17/2005 0:00,23.06,7.84
8/18/2005 0:00,22.66,7.82
8/19/2005 0:00,22.63,7.81
8/20/2005 0:00,22.6,7.87
8/21/2005 0:00,21.96,7.91
8/22/2005 0:00,21.36,7.94
8/23/2005 0:00,21.54,8
8/24/2005 0:00,21.06,8.08
8/25/2005 0:00,20.98,8.09
8/26/2005 0:00,20.87,8.07
8/27/2005 0:00,20.87,8.09
8/28/2005 0:00,20.79,8.08
8/29/2005 0:00,20.78,8.07
8/30/2005 0:00,20.68,8.07
8/31/2005 0:00,21.04,8.06
9/1/2005 0:00,20.49,8.15
9/2/2005 0:00,20.04,8.14
9/3/2005 0:00,20.43,8.08
9/4/2005 0:00,20.09,8.18
9/5/2005 0:00,20.31,8.17
9/6/2005 0:00,20.57,8.1
9/7/2005 0:00,20.54,8.02
9/8/2005 0:00,20.35,8.06
9/9/2005 0:00,20.22,8.2
9/10/2005 0:00,20.43,8.23
9/11/2005 0:00,20.58,8.17
9/12/2005 0:00,20.78,8.03
9/13/2005 0:00,21.03,7.92
9/14/2005 0:00,20.66,7.83
9/15/2005 0:00,20.42,7.9
9/16/2005 0:00,20.51,7.9
9/17/2005 0:00,20.33,7.98
9/18/2005 0:00,20.55,8.1
9/19/2005 0:00,20.17,8.01
9/20/2005 0:00,19.89,7.98
9/21/2005 0:00,20.03,8
9/22/2005 0:00,19.89,8.12
9/23/2005 0:00,19.45,8.12
9/24/2005 0:00,18.99,8.23
9/25/2005 0:00,18.72,8.14
9/26/2005 0:00,18.45,8.19
9/27/2005 0:00,18.26,8.24
9/28/2005 0:00,17.9,8.24
9/29/2005 0:00,17.09,8.28
9/30/2005 0:00,16.51,8.35
10/1/2005 0:00,16.66,8.39
10/2/2005 0:00,16.6,8.47
10/3/2005 0:00,16.99,8.48
10/4/2005 0:00,17.24,8.37
10/5/2005 0:00,17.2,8.34
10/6/2005 0:00,16.48,8.37
10/7/2005 0:00,15.63,8.38
10/8/2005 0:00,15.39,8.43
10/9/2005 0:00,15.14,8.48
10/10/2005 0:00,15.01,8.54
10/11/2005 0:00,14.9,8.56
10/12/2005 0:00,14.75,8.56
10/13/2005 0:00,14.67,8.59
10/14/2005 0:00,14.48,8.6
10/15/2005 0:00,14.08,8.64
10/16/2005 0:00,14,8.7
10/17/2005 0:00,13.58,8.73
10/18/2005 0:00,13.5,8.77
10/19/2005 0:00,13.16,8.71
10/20/2005 0:00,12.98,8.72
10/21/2005 0:00,12.71,8.71
10/22/2005 0:00,12.48,8.73
10/23/2005 0:00,12.13,8.8
10/24/2005 0:00,11.74,8.85
10/25/2005 0:00,11.5,8.82
10/26/2005 0:00,11.31,8.7
10/27/2005 0:00,11.18,8.71
10/28/2005 0:00,11.05,8.81
10/29/2005 0:00,10.86,8.88
10/30/2005 0:00,10.78,8.94
10/31/2005 0:00,10.66,8.96
11/1/2005 0:00,10.46,8.95
11/2/2005 0:00,10.26,8.95
11/3/2005 0:00,10.07,8.94
11/4/2005 0:00,9.88,8.79
11/5/2005 0:00,9.69,8.8
11/6/2005 0:00,9.51,8.8
11/7/2005 0:00,9.41,8.69
11/8/2005 0:00,9.31,8.64
11/9/2005 0:00,8.97,8.63
11/10/2005 0:00,8.46,8.48
11/11/2005 0:00,8.35,8.23
11/12/2005 0:00,8.35,8.3
11/13/2005 0:00,8.26,8.48
11/14/2005 0:00,7.93,8.56
11/15/2005 0:00,7.78,8.5
11/16/2005 0:00,7.38,8.74
11/17/2005 0:00,6.74,9.08
11/18/2005 0:00,6.46,9.08
11/19/2005 0:00,6.27,9.14
11/20/2005 0:00,6.09,9.21
11/21/2005 0:00,5.85,9.4
11/22/2005 0:00,5.55,9.5
11/23/2005 0:00,5.36,9.53
11/24/2005 0:00,4.78,9.74
11/25/2005 0:00,4.4,9.82
11/26/2005 0:00,4.02,9.87
5/26/2006 0:00,13.89,10.54
5/27/2006 0:00,14.49,10.46
5/28/2006 0:00,15.37,10.22
5/29/2006 0:00,16.6,9.97
5/30/2006 0:00,17.94,9.7
5/31/2006 0:00,18.29,9.69
6/1/2006 0:00,18.57,9.62
6/2/2006 0:00,18.84,9.5
6/3/2006 0:00,19.11,9.41
6/4/2006 0:00,19.51,9.31
6/5/2006 0:00,19.76,9.17
6/6/2006 0:00,19.6,9.02
6/7/2006 0:00,19.68,9
6/8/2006 0:00,19.7,9.12
6/9/2006 0:00,19.07,9.17
6/10/2006 0:00,18.37,9.25
6/11/2006 0:00,18.28,9.18
6/12/2006 0:00,18.57,9.15
6/13/2006 0:00,18.91,9.13
6/14/2006 0:00,19.07,9.17
6/15/2006 0:00,19.2,9.16
6/16/2006 0:00,19.62,9.13
6/17/2006 0:00,20.35,8.99
6/18/2006 0:00,20.77,8.88
6/19/2006 0:00,20.43,8.9
6/20/2006 0:00,20.34,8.99
6/21/2006 0:00,20.43,9.03
6/22/2006 0:00,20.32,8.99
6/23/2006 0:00,20.26,9.1
6/24/2006 0:00,,9.12
6/25/2006 0:00,20.5,9.15
6/26/2006 0:00,21.11,9.38
6/27/2006 0:00,21.05,9.21
6/28/2006 0:00,20.8,9.18
6/29/2006 0:00,20.88,9.24
6/30/2006 0:00,21.62,9.21
7/1/2006 0:00,21.74,9.04
7/2/2006 0:00,21.98,8.92
7/3/2006 0:00,,8.92
7/4/2006 0:00,21.77,9
7/5/2006 0:00,21.48,9.08
7/6/2006 0:00,21.79,9.22
7/7/2006 0:00,21.86,9.09
7/8/2006 0:00,21.84,8.91
7/9/2006 0:00,21.87,8.96
7/10/2006 0:00,21.77,9.2
7/11/2006 0:00,22.22,9.08
7/12/2006 0:00,22.94,9.11
7/13/2006 0:00,23.98,9.03
7/14/2006 0:00,24.34,8.74
7/15/2006 0:00,24.29,8.74
7/16/2006 0:00,24.3,8.69
7/17/2006 0:00,24.5,8.62
7/18/2006 0:00,24.63,8.68
7/19/2006 0:00,23.67,8.8
7/20/2006 0:00,23.7,8.77
7/21/2006 0:00,23.54,8.8
7/22/2006 0:00,23.38,8.84
7/23/2006 0:00,23.05,8.87
7/24/2006 0:00,23.09,8.82
7/25/2006 0:00,23.55,8.79
7/26/2006 0:00,23.86,8.7
7/27/2006 0:00,24.19,8.72
7/28/2006 0:00,24.45,8.7
7/29/2006 0:00,24.79,8.61
7/30/2006 0:00,24.32,8.62
7/31/2006 0:00,24.09,8.74
8/1/2006 0:00,24.44,8.62
8/2/2006 0:00,24.08,8.66
8/3/2006 0:00,24.09,8.76
8/4/2006 0:00,24.37,8.81
8/5/2006 0:00,24.14,8.83
8/6/2006 0:00,23.59,8.83
8/7/2006 0:00,23.32,8.87
8/8/2006 0:00,23.37,8.92
8/9/2006 0:00,23.29,8.94
8/10/2006 0:00,23.19,8.96
8/11/2006 0:00,,8.99
8/12/2006 0:00,22.87,9.06
8/13/2006 0:00,22.58,9.04
8/14/2006 0:00,22.22,9.06
8/15/2006 0:00,,9.03
8/16/2006 0:00,22.15,9.08
8/17/2006 0:00,22.05,9.08
8/18/2006 0:00,,9.09
6/13/2007 0:00,20.69,9.41
6/14/2007 0:00,21.45,9.25
6/15/2007 0:00,21.96,9.16
6/16/2007 0:00,22.45,9.07
6/17/2007 0:00,21.82,9.16
6/18/2007 0:00,21.09,9.17
6/19/2007 0:00,19.82,9.25
6/20/2007 0:00,19.36,9.32
6/21/2007 0:00,19.84,9.33
6/22/2007 0:00,19.95,9.37
6/23/2007 0:00,20.32,9.35
6/24/2007 0:00,21.18,9.28
6/25/2007 0:00,21.84,9.22
6/26/2007 0:00,22.52,9.09
6/27/2007 0:00,22.58,9.01
6/28/2007 0:00,22.02,9.02
6/29/2007 0:00,22.37,9
6/30/2007 0:00,22.23,9.05
7/1/2007 0:00,22.16,9.06
7/2/2007 0:00,21.52,9.12
7/3/2007 0:00,21.71,9.12
7/4/2007 0:00,22.13,9.06
7/5/2007 0:00,22.09,9.05
7/6/2007 0:00,22.62,8.98
7/7/2007 0:00,22.93,8.93
7/8/2007 0:00,23.61,8.74
7/9/2007 0:00,24.23,8.61
7/10/2007 0:00,23.34,8.74
7/11/2007 0:00,22.16,8.8
7/12/2007 0:00,21.59,8.79
7/17/2007 0:00,22.24,8.89
7/18/2007 0:00,22.45,8.84
7/19/2007 0:00,21.05,9
7/20/2007 0:00,21.54,8.9
7/21/2007 0:00,21.74,8.92
7/22/2007 0:00,21.67,8.92
7/23/2007 0:00,21.94,8.84
7/24/2007 0:00,23.19,8.71
7/25/2007 0:00,24.32,8.58
7/26/2007 0:00,24.95,8.51
7/27/2007 0:00,23.91,8.6
7/28/2007 0:00,24.34,8.58
7/29/2007 0:00,24.02,8.6
7/30/2007 0:00,24.51,8.51
7/31/2007 0:00,25,8.48
8/1/2007 0:00,24.96,8.44
8/2/2007 0:00,24.79,8.39
8/3/2007 0:00,24.56,8.37
8/4/2007 0:00,24.38,8.41
8/5/2007 0:00,23.96,8.41
8/6/2007 0:00,23.87,8.45
8/7/2007 0:00,23.56,8.48
8/8/2007 0:00,24.16,8.41
8/9/2007 0:00,23.96,8.5
8/10/2007 0:00,24.41,8.47
8/11/2007 0:00,24.13,8.5
8/12/2007 0:00,24.14,8.49
8/13/2007 0:00,23.96,8.52
8/14/2007 0:00,23.68,8.5
8/15/2007 0:00,23.5,8.49
8/16/2007 0:00,23.27,8.53
8/17/2007 0:00,22.62,8.59
8/18/2007 0:00,21.98,8.63
8/19/2007 0:00,21.53,8.66
8/20/2007 0:00,20.96,8.66
8/21/2007 0:00,20.46,8.69
8/22/2007 0:00,21.01,8.71
8/23/2007 0:00,21.33,8.82
8/24/2007 0:00,20.92,8.89
8/25/2007 0:00,20.57,8.92
8/26/2007 0:00,20.53,8.94
8/27/2007 0:00,20.45,8.93
8/28/2007 0:00,20.79,8.89
8/29/2007 0:00,20.62,8.94
8/30/2007 0:00,20.86,8.99
8/31/2007 0:00,20.86,9.08
9/1/2007 0:00,20.95,9.08
9/2/2007 0:00,20.82,9.05
9/3/2007 0:00,21.23,9
9/4/2007 0:00,21.16,9.02
9/5/2007 0:00,21.36,8.99
9/6/2007 0:00,21.57,8.91
9/7/2007 0:00,21.66,8.79
9/8/2007 0:00,21.39,8.81
9/9/2007 0:00,20.75,8.87
9/10/2007 0:00,20.31,8.9
9/11/2007 0:00,19.47,8.93
9/12/2007 0:00,18.65,9.01
9/13/2007 0:00,18.13,9.08
9/14/2007 0:00,17.34,9.16
9/15/2007 0:00,16.75,9.35
9/16/2007 0:00,16.47,9.44
9/17/2007 0:00,16.29,9.51
9/18/2007 0:00,16.34,9.52
9/19/2007 0:00,16.57,9.56
9/20/2007 0:00,16.5,9.63
9/21/2007 0:00,16.47,9.57
9/22/2007 0:00,16.42,9.58
9/23/2007 0:00,16.37,9.62
9/24/2007 0:00,16.58,9.65
9/25/2007 0:00,16.79,9.59
9/26/2007 0:00,16.69,9.61
9/27/2007 0:00,16.45,9.64
9/28/2007 0:00,16.61,9.6
9/29/2007 0:00,16.11,9.64
9/30/2007 0:00,15.89,9.6
10/1/2007 0:00,15.89,9.56
10/2/2007 0:00,15.86,9.55
10/3/2007 0:00,15.75,9.54
10/4/2007 0:00,15.71,9.57
10/5/2007 0:00,15.86,9.62
10/6/2007 0:00,16.14,9.65
10/7/2007 0:00,16.8,9.63
10/8/2007 0:00,17.04,9.63
10/9/2007 0:00,16.2,9.59
10/10/2007 0:00,15.25,9.61
10/11/2007 0:00,14.58,9.81
10/16/2007 0:00,13.37,9.92
10/17/2007 0:00,13.32,9.96
10/18/2007 0:00,13.26,10.05
10/19/2007 0:00,13.13,10.02
10/20/2007 0:00,12.92,10.05
10/21/2007 0:00,12.87,10.08
10/22/2007 0:00,12.64,10.07
10/23/2007 0:00,12.33,10.15
10/24/2007 0:00,11.95,10.22
10/25/2007 0:00,11.66,10.34
10/26/2007 0:00,11.74,10.28
10/27/2007 0:00,11.41,10.32
10/28/2007 0:00,11.13,10.51
10/29/2007 0:00,11.11,10.46
10/30/2007 0:00,10.95,10.55
10/31/2007 0:00,10.82,10.6
11/1/2007 0:00,10.42,10.75
11/2/2007 0:00,10.07,10.66
11/3/2007 0:00,9.87,10.72
11/4/2007 0:00,9.68,10.74
11/5/2007 0:00,9.47,10.71
11/6/2007 0:00,8.91,10.87
11/7/2007 0:00,8.59,10.72
11/8/2007 0:00,8.44,10.56
11/9/2007 0:00,8.27,10.52
11/10/2007 0:00,8.11,10.6
11/11/2007 0:00,8.06,10.67
11/12/2007 0:00,7.96,10.8
11/13/2007 0:00,7.8,10.88
11/14/2007 0:00,7.6,11.09
11/15/2007 0:00,7.24,11.31
11/16/2007 0:00,6.99,11.42
11/17/2007 0:00,6.87,11.44
5/30/2008 0:00,12.26,13.47
5/31/2008 0:00,12.04,13.44
6/1/2008 0:00,12.48,13.36
6/2/2008 0:00,13.12,13.2
6/3/2008 0:00,12.79,13.3
6/4/2008 0:00,12.98,13.22
6/5/2008 0:00,13.33,13.07
6/6/2008 0:00,13.08,13.09
6/18/2008 0:00,15.64,12.81
6/19/2008 0:00,16.26,12.83
6/20/2008 0:00,17.38,12.61
6/21/2008 0:00,17.63,12.53
6/22/2008 0:00,17.77,12.52
6/23/2008 0:00,17.95,12.57
6/24/2008 0:00,18.4,12.5
6/25/2008 0:00,18.87,12.37
6/26/2008 0:00,20.2,12
6/27/2008 0:00,20.18,12.04
6/28/2008 0:00,20.06,11.92
6/29/2008 0:00,19.65,11.91
6/30/2008 0:00,19.62,11.94
7/1/2008 0:00,19.93,11.88
7/2/2008 0:00,20.08,11.79
7/3/2008 0:00,20.39,11.71
7/4/2008 0:00,20.53,11.7
7/5/2008 0:00,20.66,11.65
7/6/2008 0:00,20.67,11.61
7/7/2008 0:00,21.51,11.45
7/8/2008 0:00,21.45,11.45
7/9/2008 0:00,21.22,11.42
7/10/2008 0:00,21.13,11.4
7/11/2008 0:00,21.13,11.41
7/12/2008 0:00,21.08,11.42
7/13/2008 0:00,20.24,11.48
7/14/2008 0:00,20.22,11.51
7/15/2008 0:00,20.62,11.49
7/16/2008 0:00,21.26,11.41
7/17/2008 0:00,21.27,11.45
7/18/2008 0:00,21.75,11.39
7/19/2008 0:00,22.22,11.35
7/20/2008 0:00,21.96,11.4
7/21/2008 0:00,21.98,11.39
7/22/2008 0:00,21.83,11.43
7/23/2008 0:00,22.39,11.31
7/24/2008 0:00,22.33,11.28
7/25/2008 0:00,22.2,11.26
7/26/2008 0:00,21.92,11.26
7/27/2008 0:00,21.94,11.21
7/28/2008 0:00,22.57,11.11
7/29/2008 0:00,22.29,11.12
7/30/2008 0:00,22.36,11.07
7/31/2008 0:00,22.78,11.01
8/1/2008 0:00,22.74,11
8/2/2008 0:00,23.19,10.89
8/3/2008 0:00,22.96,10.91
8/4/2008 0:00,23.25,10.83
8/5/2008 0:00,23.15,10.9
8/6/2008 0:00,23.12,10.9
8/7/2008 0:00,23,10.89
8/8/2008 0:00,22.96,10.9
8/9/2008 0:00,22.72,10.92
8/10/2008 0:00,22.38,11
8/11/2008 0:00,22.66,10.96
8/12/2008 0:00,22.49,11.01
8/13/2008 0:00,22.34,11.04
8/14/2008 0:00,22.18,11.06
8/15/2008 0:00,22.46,11.02
8/16/2008 0:00,22.2,11.08
8/17/2008 0:00,22.26,11.06
8/18/2008 0:00,22.39,11.01
8/19/2008 0:00,22.37,11
8/20/2008 0:00,22.46,11.01
8/21/2008 0:00,22.44,11
8/22/2008 0:00,22.11,11.04
8/23/2008 0:00,22.03,11.05
8/24/2008 0:00,21.65,11.09
8/25/2008 0:00,21.88,11.02
8/26/2008 0:00,21.54,11.15
8/27/2008 0:00,21.31,11.23
8/28/2008 0:00,21.17,11.28
8/29/2008 0:00,21.26,11.3
8/30/2008 0:00,21.63,11.3
8/31/2008 0:00,21.4,11.36
9/1/2008 0:00,21.39,11.35
9/2/2008 0:00,21.48,11.28
9/3/2008 0:00,21.25,11.26
9/4/2008 0:00,20.69,11.35
9/5/2008 0:00,20.51,11.44
9/6/2008 0:00,20.18,11.47
9/7/2008 0:00,19.86,11.56
9/8/2008 0:00,19.43,11.61
9/9/2008 0:00,19.25,11.73
9/10/2008 0:00,18.91,11.8
9/11/2008 0:00,18.57,11.87
9/12/2008 0:00,18.98,11.84
9/13/2008 0:00,18.63,11.93
9/14/2008 0:00,18.16,11.95
9/15/2008 0:00,17.9,12.04
9/16/2008 0:00,17.72,12.12
9/17/2008 0:00,17.86,12.18
9/18/2008 0:00,17.73,12.22
9/19/2008 0:00,17.65,12.23
9/20/2008 0:00,17.75,12.22
9/21/2008 0:00,17.83,12.2
9/22/2008 0:00,17.74,12.26
9/23/2008 0:00,17.78,12.25
9/24/2008 0:00,17.85,12.2
9/25/2008 0:00,17.74,12.22
9/26/2008 0:00,17.73,12.25
9/27/2008 0:00,17.74,12.2
9/28/2008 0:00,17.62,12.21
9/29/2008 0:00,17.36,12.22
9/30/2008 0:00,16.92,12.26
10/1/2008 0:00,16.39,12.37
10/2/2008 0:00,15.91,12.44
10/3/2008 0:00,15.51,12.51
10/4/2008 0:00,15.4,12.54
10/5/2008 0:00,15.13,12.64
10/6/2008 0:00,14.84,12.71
10/7/2008 0:00,14.59,12.75
10/8/2008 0:00,14.48,12.77
10/9/2008 0:00,14.15,12.86
10/10/2008 0:00,13.9,12.97
10/11/2008 0:00,13.83,13.03
10/12/2008 0:00,13.92,13.06
10/13/2008 0:00,14.08,13.06
10/14/2008 0:00,13.89,13.09
10/15/2008 0:00,13.49,13.12
10/16/2008 0:00,13.15,13.2
10/17/2008 0:00,12.91,13.22
10/18/2008 0:00,12.7,13.26
10/19/2008 0:00,12.42,13.33
10/20/2008 0:00,12.2,13.39
10/21/2008 0:00,11.97,13.43
10/22/2008 0:00,11.62,13.45
10/23/2008 0:00,11.36,13.58
10/24/2008 0:00,11.13,13.61
10/25/2008 0:00,10.91,13.64
10/26/2008 0:00,10.61,13.69
10/27/2008 0:00,10.04,13.86
10/28/2008 0:00,9.66,14.01
10/29/2008 0:00,9.48,14
10/30/2008 0:00,9.3,14.02
10/31/2008 0:00,9.3,14.05
11/1/2008 0:00,9.24,13.97
11/2/2008 0:00,9,13.95
11/3/2008 0:00,9.05,14
11/4/2008 0:00,9.1,14.13
11/5/2008 0:00,9.14,14.17
11/6/2008 0:00,9.26,14.23
11/7/2008 0:00,9.17,14.2
11/8/2008 0:00,9.02,14.12
11/9/2008 0:00,8.57,14.16
11/10/2008 0:00,8.11,14.24
11/11/2008 0:00,7.85,14.31
5/5/2009 0:00,5.68,12.39
5/6/2009 0:00,7.1,12.26
5/7/2009 0:00,7.73,12.24
5/8/2009 0:00,8.74,12.11
5/9/2009 0:00,7.22,12.32
5/10/2009 0:00,8.05,12.18
5/11/2009 0:00,8.71,12.12
5/12/2009 0:00,8.51,12.17
5/13/2009 0:00,8.4,12
5/14/2009 0:00,8.35,11.91
5/29/2009 0:00,12.89,11.26
5/30/2009 0:00,12.91,11.2
5/31/2009 0:00,13.2,11.06
6/1/2009 0:00,12.79,11.15
6/2/2009 0:00,12.66,11.2
6/3/2009 0:00,14.25,10.97
6/4/2009 0:00,13.64,11.08
6/5/2009 0:00,13.89,10.99
6/6/2009 0:00,14.25,10.9
6/7/2009 0:00,13.75,10.95
6/8/2009 0:00,13.23,10.91
6/9/2009 0:00,13.29,10.9
6/10/2009 0:00,13.34,10.96
6/11/2009 0:00,13.72,10.94
6/12/2009 0:00,15.12,10.77
6/13/2009 0:00,15.2,10.76
6/14/2009 0:00,15.97,10.58
6/15/2009 0:00,17.17,10.39
6/16/2009 0:00,17.06,10.38
6/17/2009 0:00,17.7,10.22
6/18/2009 0:00,18.37,10.05
6/19/2009 0:00,18.74,9.9
6/20/2009 0:00,19.45,9.69
6/21/2009 0:00,20.32,9.55
6/22/2009 0:00,20.52,9.46
6/23/2009 0:00,22.29,9.14
6/24/2009 0:00,23.23,8.97
6/25/2009 0:00,23.2,8.86
6/26/2009 0:00,23.52,8.73
6/27/2009 0:00,22.27,8.87
6/28/2009 0:00,20.9,8.99
6/29/2009 0:00,19.67,9.08
6/30/2009 0:00,18.5,9.26
7/1/2009 0:00,17.95,9.35
7/2/2009 0:00,17.74,9.4
7/3/2009 0:00,18.12,9.43
7/4/2009 0:00,19.03,9.37
7/5/2009 0:00,19.02,9.42
7/6/2009 0:00,19.06,9.4
7/7/2009 0:00,19.09,9.32
7/8/2009 0:00,19.51,9.39
7/9/2009 0:00,19.46,9.43
7/10/2009 0:00,19.84,9.35
7/11/2009 0:00,20.02,9.3
7/12/2009 0:00,19.82,9.29
7/13/2009 0:00,19.76,9.32
7/14/2009 0:00,19.76,9.34
7/15/2009 0:00,19.58,9.36
7/16/2009 0:00,19.17,9.4
7/17/2009 0:00,18.55,9.45
7/18/2009 0:00,18.19,9.48
7/19/2009 0:00,18.62,9.43
7/20/2009 0:00,18.98,9.51
7/21/2009 0:00,18.97,9.49
7/22/2009 0:00,18.82,9.5
7/24/2009 0:00,19.79,9.45
7/25/2009 0:00,19.66,9.4
7/26/2009 0:00,19.79,9.37
7/27/2009 0:00,19.81,9.33
8/11/2009 0:00,21.42,9.26
8/12/2009 0:00,21.43,9.25
8/13/2009 0:00,21.6,9.21
8/14/2009 0:00,22.49,9.13
8/15/2009 0:00,22.5,9.05
8/16/2009 0:00,22.24,8.99
8/17/2009 0:00,21.91,8.98
8/18/2009 0:00,21.48,9
8/19/2009 0:00,21.03,9.03
8/20/2009 0:00,20.65,8.98
8/21/2009 0:00,20.12,8.99
8/22/2009 0:00,19.73,9.08
8/23/2009 0:00,19.88,9.09
8/24/2009 0:00,19.79,9.11
8/25/2009 0:00,19.87,9.11
8/26/2009 0:00,20.39,9.08
8/27/2009 0:00,20.59,9.1
8/28/2009 0:00,20.27,9.13
8/29/2009 0:00,19.39,9.15
8/30/2009 0:00,18.83,9.22
8/31/2009 0:00,18.93,9.24
9/1/2009 0:00,19.13,9.29
9/2/2009 0:00,19.27,9.29
9/3/2009 0:00,19.64,9.26
9/4/2009 0:00,19.99,9.25
9/5/2009 0:00,20.2,9.24
9/6/2009 0:00,20.34,9.24
9/7/2009 0:00,20.73,9.21
9/8/2009 0:00,20.79,9.21
9/9/2009 0:00,20.76,9.21
9/10/2009 0:00,21.03,9.17
9/19/2009 0:00,20.41,9.21
9/20/2009 0:00,20.36,9.19
9/21/2009 0:00,20.38,9.17
9/22/2009 0:00,20.26,9.16
9/23/2009 0:00,20.2,9.18
9/24/2009 0:00,20.4,9.14
9/25/2009 0:00,19.95,9.2
9/26/2009 0:00,19.64,9.18
9/27/2009 0:00,19.21,9.16
9/28/2009 0:00,18.21,9.14
9/29/2009 0:00,17,9.28
9/30/2009 0:00,16.57,9.38
10/1/2009 0:00,16.09,9.5
10/2/2009 0:00,15.45,9.52
10/3/2009 0:00,14.9,9.57
10/4/2009 0:00,14.62,9.66
10/5/2009 0:00,14.36,9.73
10/6/2009 0:00,14.03,9.78
10/7/2009 0:00,13.63,9.85
10/8/2009 0:00,13.35,9.93
10/9/2009 0:00,13,10.01
10/10/2009 0:00,12.44,10.1
10/11/2009 0:00,11.75,10.2
10/12/2009 0:00,11.42,10.14
10/13/2009 0:00,10.99,10.21
10/14/2009 0:00,10.71,10.22
10/15/2009 0:00,10.51,10.29
10/16/2009 0:00,10.36,10.21
10/17/2009 0:00,10.24,10.37
10/18/2009 0:00,9.96,10.28
10/19/2009 0:00,9.9,10.21
10/20/2009 0:00,9.89,10.33
10/21/2009 0:00,9.71,10.28
10/22/2009 0:00,9.48,10.4
10/23/2009 0:00,9.23,10.15
10/24/2009 0:00,8.95,10.35
10/25/2009 0:00,8.83,10.28
10/26/2009 0:00,8.77,10.24
5/28/2011 0:00,11.68,11.26
5/29/2011 0:00,12.38,11.1
5/30/2011 0:00,12.09,11.1
5/31/2011 0:00,12.41,10.9
6/1/2011 0:00,12.29,10.62
6/2/2011 0:00,12.29,10.64
6/3/2011 0:00,12.6,10.6
6/4/2011 0:00,13.57,10.47
6/5/2011 0:00,15.04,10.3
6/6/2011 0:00,16.71,10.11
6/7/2011 0:00,16.65,10.14
6/8/2011 0:00,17.43,9.73
6/9/2011 0:00,16.7,9.62
6/10/2011 0:00,15.84,9.68
6/11/2011 0:00,15.54,9.68
6/12/2011 0:00,16.6,9.59
7/5/2011 0:00,22.69,8.41
7/6/2011 0:00,23.46,8.32
7/7/2011 0:00,22.83,8.38
7/8/2011 0:00,23.18,8.35
7/9/2011 0:00,22.7,8.39
7/10/2011 0:00,23.06,8.29
7/11/2011 0:00,23.54,8.18
7/12/2011 0:00,23.51,8.17
7/13/2011 0:00,22.67,8.27
7/14/2011 0:00,22.11,8.35
7/15/2011 0:00,21.77,8.4
7/16/2011 0:00,22.43,8.37
7/17/2011 0:00,22.9,8.33
7/18/2011 0:00,23.56,8.24
7/19/2011 0:00,24.02,8.24
7/20/2011 0:00,23.87,8.22
7/23/2011 0:00,24.48,8.11
7/24/2011 0:00,24.26,8.11
7/25/2011 0:00,24.01,8.16
7/26/2011 0:00,24.23,8.13
7/27/2011 0:00,23.62,8.16
7/28/2011 0:00,23.78,8.15
7/29/2011 0:00,,8.2
7/30/2011 0:00,,8.2
7/31/2011 0:00,,8.2
8/1/2011 0:00,,8.2
8/2/2011 0:00,,8.2
8/3/2011 0:00,,8.2
8/4/2011 0:00,,8.2
8/5/2011 0:00,,8.2
8/6/2011 0:00,,8.2
8/7/2011 0:00,,8.2
8/8/2011 0:00,,8.2
8/9/2011 0:00,,8.2
8/10/2011 0:00,,8.2
8/11/2011 0:00,,8.2
8/12/2011 0:00,,8.2
8/13/2011 0:00,,8.2
8/14/2011 0:00,,8.2
8/15/2011 0:00,,8.2
8/16/2011 0:00,,8.2
8/17/2011 0:00,,8.2
8/18/2011 0:00,,8.2
8/19/2011 0:00,,8.2
8/20/2011 0:00,,8.2
8/21/2011 0:00,,8.2
8/22/2011 0:00,,8.2
8/23/2011 0:00,,8.2
8/24/2011 0:00,,8.2
8/25/2011 0:00,,8.2
8/26/2011 0:00,,8.2
8/27/2011 0:00,,8.2
8/28/2011 0:00,,8.2
8/29/2011 0:00,,8.2
8/30/2011 0:00,,8.2
5/22/2012 0:00,15.12,10.75
5/23/2012 0:00,14.94,10.64
5/24/2012 0:00,15.01,10.52
5/25/2012 0:00,15.12,10.41
5/26/2012 0:00,15.37,10.4
5/27/2012 0:00,15.61,10.34
5/28/2012 0:00,16.34,10.23
5/29/2012 0:00,16.41,10.14
5/30/2012 0:00,16.05,10.11
5/31/2012 0:00,16.11,10.14
6/1/2012 0:00,16.51,10.15
6/2/2012 0:00,16.12,10.16
6/3/2012 0:00,16.68,10.03
6/4/2012 0:00,17.82,9.94
6/5/2012 0:00,17.81,9.97
6/6/2012 0:00,18.85,9.89
6/7/2012 0:00,19.74,9.8
6/8/2012 0:00,19.49,9.74
6/9/2012 0:00,19.53,9.69
6/10/2012 0:00,19.69,9.63
6/11/2012 0:00,19.61,9.56
6/12/2012 0:00,19.34,9.42
6/13/2012 0:00,19.14,9.45
6/14/2012 0:00,18.73,9.48
6/15/2012 0:00,19.13,9.47
6/16/2012 0:00,19.25,9.52
6/17/2012 0:00,19.05,9.5
6/18/2012 0:00,19.24,9.47
6/19/2012 0:00,19.77,9.4
6/20/2012 0:00,20,9.36
6/21/2012 0:00,20.09,9.29
6/22/2012 0:00,20.51,9.25
6/23/2012 0:00,20.28,9.31
6/24/2012 0:00,20.3,9.3
6/25/2012 0:00,21.04,9.27
6/26/2012 0:00,21.16,9.27
6/27/2012 0:00,21.38,9.24
6/28/2012 0:00,21.96,9.16
6/29/2012 0:00,22.09,9.08
6/30/2012 0:00,22.45,9.03
7/1/2012 0:00,23.34,8.95
7/2/2012 0:00,23.84,8.94
7/3/2012 0:00,24.22,8.8
7/4/2012 0:00,25.31,8.69
7/5/2012 0:00,25.26,8.69
7/6/2012 0:00,25.36,8.67
7/7/2012 0:00,24.67,8.73
7/8/2012 0:00,24.79,8.72
7/9/2012 0:00,24.72,8.73
7/10/2012 0:00,25.16,8.68
7/11/2012 0:00,25.11,8.73
7/12/2012 0:00,25.22,8.7
7/13/2012 0:00,25.13,8.67
7/14/2012 0:00,25.11,8.64
7/15/2012 0:00,25.67,8.6
7/16/2012 0:00,25.68,8.56
7/17/2012 0:00,25.34,8.51
7/18/2012 0:00,24.9,8.53
7/19/2012 0:00,24.74,8.57
7/20/2012 0:00,24.69,8.6
7/21/2012 0:00,24.98,8.56
7/22/2012 0:00,25.3,8.54
7/23/2012 0:00,25.49,8.49
7/24/2012 0:00,25.93,8.45
7/25/2012 0:00,25.27,8.45
7/26/2012 0:00,24.95,8.43
7/27/2012 0:00,24.58,8.48
7/28/2012 0:00,24.94,8.5
7/29/2012 0:00,24.87,8.58
7/30/2012 0:00,24.69,8.57
7/31/2012 0:00,24.78,8.52
8/1/2012 0:00,24.5,8.55
8/2/2012 0:00,24.67,8.55
8/3/2012 0:00,24.76,8.54
8/4/2012 0:00,24.35,8.56
8/5/2012 0:00,23.71,8.6
8/6/2012 0:00,23.48,8.65
8/7/2012 0:00,23.54,8.69
8/8/2012 0:00,23.16,8.66
8/9/2012 0:00,22.73,8.68
8/10/2012 0:00,22.25,8.8
8/11/2012 0:00,22.01,8.84
8/12/2012 0:00,22.22,8.84
8/13/2012 0:00,22.1,8.92
8/14/2012 0:00,22.32,8.94
8/15/2012 0:00,22.12,8.99
8/16/2012 0:00,21.85,8.93
8/17/2012 0:00,21.35,8.92
8/18/2012 0:00,21.12,8.98
8/19/2012 0:00,21.05,9.01
8/20/2012 0:00,20.91,9.06
8/21/2012 0:00,21.04,9.1
8/22/2012 0:00,21.16,9.11
8/23/2012 0:00,21.18,9.09
8/24/2012 0:00,21.27,9.07
8/25/2012 0:00,21.44,9.08
8/26/2012 0:00,21.61,9.08
8/27/2012 0:00,21.76,9.07
8/28/2012 0:00,22.19,9.07
8/29/2012 0:00,22,9.12
8/30/2012 0:00,21.99,9.06
8/31/2012 0:00,22.11,9.01
9/1/2012 0:00,22.17,9.02
9/2/2012 0:00,21.91,9.03
9/3/2012 0:00,22.2,8.99
9/4/2012 0:00,22.3,8.97
9/5/2012 0:00,22.24,8.93
9/6/2012 0:00,21.84,8.98
9/7/2012 0:00,21.5,8.99
9/8/2012 0:00,20.94,8.99
9/9/2012 0:00,20.56,8.99
9/10/2012 0:00,20.35,9.06
9/11/2012 0:00,20.05,9.07
9/12/2012 0:00,19.69,9.02
9/13/2012 0:00,19.25,9.04
9/14/2012 0:00,19.02,9.13
9/15/2012 0:00,18.87,9.19
9/16/2012 0:00,18.71,9.23
9/17/2012 0:00,18.47,9.24
9/18/2012 0:00,17.88,9.27
9/19/2012 0:00,17.1,9.33
9/20/2012 0:00,16.59,9.4
9/21/2012 0:00,16.18,9.46
9/22/2012 0:00,15.75,9.53
9/23/2012 0:00,15.28,9.64
9/24/2012 0:00,14.88,9.7
9/25/2012 0:00,14.9,9.76
9/26/2012 0:00,14.66,9.75
9/27/2012 0:00,14.92,9.73
9/28/2012 0:00,14.76,9.83
9/29/2012 0:00,14.79,9.89
9/30/2012 0:00,14.97,9.86
10/1/2012 0:00,14.76,9.95
10/2/2012 0:00,15,9.97
10/3/2012 0:00,15.12,10
10/4/2012 0:00,14.61,9.99
10/5/2012 0:00,13.67,9.83
10/6/2012 0:00,12.9,9.86
10/7/2012 0:00,12.45,9.97
10/8/2012 0:00,12.06,9.94
10/9/2012 0:00,11.73,9.97
10/10/2012 0:00,11.29,10.04
10/11/2012 0:00,10.91,10.1
10/12/2012 0:00,10.7,10.17
10/13/2012 0:00,10.47,10.1
10/14/2012 0:00,10.38,10.1
10/15/2012 0:00,10.27,10.07
10/16/2012 0:00,10.09,10.16
10/17/2012 0:00,10.15,10.2
10/18/2012 0:00,10.18,10.19
10/19/2012 0:00,10.12,10.25
10/20/2012 0:00,10.18,10.27
10/21/2012 0:00,10.08,10.29
10/22/2012 0:00,10.12,10.37
10/23/2012 0:00,10.08,10.42
10/24/2012 0:00,10.38,10.53
10/25/2012 0:00,10.31,10.5
10/26/2012 0:00,9.85,10.43
10/27/2012 0:00,9.5,10.25
10/28/2012 0:00,9.34,10.1
10/29/2012 0:00,9.29,10.08
10/30/2012 0:00,8.93,9.92
10/31/2012 0:00,8.56,10.22
11/1/2012 0:00,8.27,10.32
11/2/2012 0:00,8.02,10.3
11/3/2012 0:00,7.94,10.13
11/4/2012 0:00,7.8,10.2
11/5/2012 0:00,7.61,10.24
11/6/2012 0:00,7.44,10.34
11/7/2012 0:00,7.34,10.36
11/8/2012 0:00,7.2,10.51
11/9/2012 0:00,7.11,10.56
11/11/2012 0:00,7.02,10.73
11/12/2012 0:00,6.73,10.96
11/13/2012 0:00,6.41,11.1
11/14/2012 0:00,6.27,11.18
11/15/2012 0:00,6.05,11.59
6/7/2013 0:00,13.44,11.9
6/8/2013 0:00,13.39,11.95
6/9/2013 0:00,13.62,11.91
6/10/2013 0:00,14.72,11.68
6/11/2013 0:00,15.68,11.51
6/12/2013 0:00,16.64,11.26
6/13/2013 0:00,15.71,11.23
6/14/2013 0:00,17.47,10.68
6/15/2013 0:00,17.41,10.62
6/16/2013 0:00,17.31,10.58
6/17/2013 0:00,17.5,10.49
6/18/2013 0:00,17.71,10.51
6/19/2013 0:00,17.93,10.44
6/20/2013 0:00,18.24,10.31
6/21/2013 0:00,18.16,10.24
6/22/2013 0:00,18.21,10.26
6/23/2013 0:00,18.43,10.24
6/24/2013 0:00,19.55,10.09
6/25/2013 0:00,21.33,9.91
6/26/2013 0:00,21.89,9.74
6/27/2013 0:00,21.85,9.66
6/28/2013 0:00,21.36,9.66
6/29/2013 0:00,20.5,9.79
6/30/2013 0:00,20.05,9.91
7/1/2013 0:00,20.49,9.92
7/2/2013 0:00,21.49,9.85
7/3/2013 0:00,21.85,9.86
7/4/2013 0:00,21.85,9.94
7/5/2013 0:00,21.8,10
7/6/2013 0:00,21.87,10.17
7/7/2013 0:00,22.66,10.13
7/8/2013 0:00,23.39,10.23
7/9/2013 0:00,23.26,10.46
7/10/2013 0:00,22.46,10.63
7/11/2013 0:00,22.71,10.7
7/12/2013 0:00,22.43,10.83
7/13/2013 0:00,22.48,10.87
7/14/2013 0:00,22.93,10.78
7/15/2013 0:00,23.43,10.74
7/17/2013 0:00,14.74,13.99
7/18/2013 0:00,24.98,10.7
7/19/2013 0:00,24.95,10.62
7/20/2013 0:00,24.6,10.57
7/21/2013 0:00,23.98,10.68
7/26/2013 0:00,10.18,13.86
7/27/2013 0:00,20.92,8.6
7/28/2013 0:00,20.01,8.67
7/29/2013 0:00,20.21,8.76
7/30/2013 0:00,19.99,8.8
7/31/2013 0:00,19.9,8.85
8/1/2013 0:00,19.93,8.84
8/2/2013 0:00,20.01,8.85
8/3/2013 0:00,19.99,8.88
8/4/2013 0:00,20.35,8.88
8/5/2013 0:00,19.96,8.93
8/6/2013 0:00,20.05,8.92
8/7/2013 0:00,20.18,8.92
8/8/2013 0:00,20.23,8.93
8/9/2013 0:00,20.13,8.96
8/10/2013 0:00,20.19,8.99
8/11/2013 0:00,20.5,9.02
8/12/2013 0:00,20.34,9.15
8/13/2013 0:00,19.93,9.3
8/14/2013 0:00,19.68,9.44
8/15/2013 0:00,19.89,9.53
8/16/2013 0:00,20.56,9.55
8/17/2013 0:00,20.69,9.6
8/18/2013 0:00,20.66,9.72
8/19/2013 0:00,20.68,9.85
8/20/2013 0:00,20.98,9.95
8/21/2013 0:00,21.55,9.95
8/22/2013 0:00,21.71,9.98
8/23/2013 0:00,21.67,10.02
8/24/2013 0:00,21.6,10.06
8/25/2013 0:00,21.71,10.13
8/26/2013 0:00,22.36,10.15
8/27/2013 0:00,22.77,10.22
8/28/2013 0:00,23.32,10.24
8/29/2013 0:00,23.18,10.35
8/30/2013 0:00,22.68,10.41
8/31/2013 0:00,22.86,10.42
9/1/2013 0:00,22.5,10.5
9/2/2013 0:00,21.71,10.56
9/3/2013 0:00,21.2,10.69
9/4/2013 0:00,20.99,10.73
9/5/2013 0:00,21.07,10.73
9/6/2013 0:00,20.78,10.81
9/7/2013 0:00,21.03,10.78
9/8/2013 0:00,20.72,10.82
9/9/2013 0:00,20.65,10.83
9/10/2013 0:00,20.75,10.82
9/11/2013 0:00,20.78,10.81
9/12/2013 0:00,20.46,10.86
9/13/2013 0:00,19.97,10.91
9/14/2013 0:00,19.49,11.02
9/15/2013 0:00,19.13,11.06
9/16/2013 0:00,18.86,11.17
9/17/2013 0:00,18.37,11.27
9/18/2013 0:00,18.13,11.3
9/19/2013 0:00,18.24,11.28
9/20/2013 0:00,18.24,11.25
9/21/2013 0:00,17.73,11.34
9/22/2013 0:00,17.36,11.41
9/23/2013 0:00,17.05,11.52
9/24/2013 0:00,17.25,11.52
9/25/2013 0:00,17.44,11.5
9/26/2013 0:00,17.13,11.57
9/27/2013 0:00,16.97,11.61
9/28/2013 0:00,16.81,11.63
9/29/2013 0:00,16.66,11.62
9/30/2013 0:00,16.4,11.69
10/1/2013 0:00,16.19,11.72
10/2/2013 0:00,16.29,11.71
10/3/2013 0:00,15.94,11.76
10/4/2013 0:00,15.73,11.74
10/5/2013 0:00,15.42,11.77
10/6/2013 0:00,15.23,11.81
10/7/2013 0:00,14.93,11.86
10/8/2013 0:00,14.71,11.95
10/9/2013 0:00,14.61,12.02
10/10/2013 0:00,14.64,12.03
10/11/2013 0:00,14.59,12.07
10/12/2013 0:00,14.43,12.1
10/13/2013 0:00,14.26,12.14
10/14/2013 0:00,13.96,12.18
10/15/2013 0:00,13.66,12.22
10/16/2013 0:00,13.34,12.26
10/17/2013 0:00,13.05,12.31
10/18/2013 0:00,12.77,12.37
10/19/2013 0:00,12.44,12.44
10/20/2013 0:00,12.08,12.55
10/21/2013 0:00,11.52,12.66
10/22/2013 0:00,10.76,12.85
10/23/2013 0:00,10.42,12.92
10/27/2013 0:00,8.63,13.38
10/28/2013 0:00,8.46,13.39
10/29/2013 0:00,8.19,13.37
10/31/2013 0:00,8.12,13.43
11/1/2013 0:00,8.01,13.46
11/5/2013 0:00,7.38,13.44
11/6/2013 0:00,7.16,13.42
11/7/2013 0:00,6.85,13.51
11/8/2013 0:00,6.65,13.61
11/9/2013 0:00,6.47,13.48
11/10/2013 0:00,6.2,13.75
11/11/2013 0:00,5.84,14.05
11/12/2013 0:00,5.52,14.27
11/13/2013 0:00,5.32,14.41
11/14/2013 0:00,5.15,14.58
11/15/2013 0:00,5.1,14.56
11/16/2013 0:00,5.04,14.64
11/17/2013 0:00,5.01,14.68
11/18/2013 0:00,4.75,14.9
11/19/2013 0:00,4.55,15
