datetime,Rain
1/1/1991 0:00,0.8
1/2/1991 0:00,0.6
1/3/1991 0:00,1.6
1/4/1991 0:00,3.7
1/5/1991 0:00,3.5
1/6/1991 0:00,0.4
1/7/1991 0:00,0
1/8/1991 0:00,0
1/9/1991 0:00,4.7
1/10/1991 0:00,0.1
1/11/1991 0:00,5
1/12/1991 0:00,1.1
1/13/1991 0:00,0.7
1/14/1991 0:00,13.3
1/15/1991 0:00,1.6
1/16/1991 0:00,1.2
1/17/1991 0:00,2.2
1/18/1991 0:00,6
1/19/1991 0:00,0
1/20/1991 0:00,0.3
1/21/1991 0:00,0
1/22/1991 0:00,0
1/23/1991 0:00,5.3
1/24/1991 0:00,0
1/25/1991 0:00,0.2
1/26/1991 0:00,5.9
1/27/1991 0:00,17.1
1/28/1991 0:00,1.8
1/29/1991 0:00,0.3
1/30/1991 0:00,0.2
1/31/1991 0:00,0.4
2/1/1991 0:00,0.2
2/2/1991 0:00,0
2/3/1991 0:00,0
2/4/1991 0:00,0
2/5/1991 0:00,0
2/6/1991 0:00,0
2/7/1991 0:00,0
2/8/1991 0:00,0
2/9/1991 0:00,0
2/10/1991 0:00,0.9
2/11/1991 0:00,0.3
2/12/1991 0:00,0.1
2/13/1991 0:00,0.6
2/14/1991 0:00,6.9
2/15/1991 0:00,2.3
2/16/1991 0:00,1.9
2/17/1991 0:00,7
2/18/1991 0:00,5.9
2/19/1991 0:00,15.4
2/20/1991 0:00,0.7
2/21/1991 0:00,0.8
2/22/1991 0:00,4.6
2/23/1991 0:00,0
2/24/1991 0:00,0.3
2/25/1991 0:00,0
2/26/1991 0:00,0
2/27/1991 0:00,0
2/28/1991 0:00,0.1
3/1/1991 0:00,0.5
3/2/1991 0:00,37.7
3/3/1991 0:00,0
3/4/1991 0:00,6.8
3/5/1991 0:00,0
3/6/1991 0:00,8.8
3/7/1991 0:00,8.9
3/8/1991 0:00,0
3/9/1991 0:00,0
3/10/1991 0:00,0
3/11/1991 0:00,0
3/12/1991 0:00,0
3/13/1991 0:00,0
3/14/1991 0:00,0
3/15/1991 0:00,0
3/16/1991 0:00,0
3/17/1991 0:00,0
3/18/1991 0:00,0
3/19/1991 0:00,0
3/20/1991 0:00,0
3/21/1991 0:00,13.3
3/22/1991 0:00,1.5
3/23/1991 0:00,5.5
3/24/1991 0:00,4.9
3/25/1991 0:00,0.4
3/26/1991 0:00,0
3/27/1991 0:00,21.4
3/28/1991 0:00,13
3/29/1991 0:00,0.9
3/30/1991 0:00,0
3/31/1991 0:00,0.1
4/1/1991 0:00,1.5
4/2/1991 0:00,0
4/3/1991 0:00,0
4/4/1991 0:00,0
4/5/1991 0:00,2.1
4/6/1991 0:00,1.4
4/7/1991 0:00,0.2
4/8/1991 0:00,10.7
4/9/1991 0:00,8.4
4/10/1991 0:00,9.5
4/11/1991 0:00,0.1
4/12/1991 0:00,0
4/13/1991 0:00,0
4/14/1991 0:00,3.8
4/15/1991 0:00,8.3
4/16/1991 0:00,7.9
4/17/1991 0:00,0.5
4/18/1991 0:00,0.3
4/19/1991 0:00,2.3
4/20/1991 0:00,6
4/21/1991 0:00,4.4
4/22/1991 0:00,5.7
4/23/1991 0:00,0.2
4/24/1991 0:00,0.2
4/25/1991 0:00,0.1
4/26/1991 0:00,0.8
4/27/1991 0:00,0
4/28/1991 0:00,0
4/29/1991 0:00,0
4/30/1991 0:00,0
5/1/1991 0:00,0.2
5/2/1991 0:00,1.2
5/3/1991 0:00,0.9
5/4/1991 0:00,0
5/5/1991 0:00,0.5
5/6/1991 0:00,4
5/7/1991 0:00,2.8
5/8/1991 0:00,0.1
5/9/1991 0:00,0
5/10/1991 0:00,0
5/11/1991 0:00,0.1
5/12/1991 0:00,0.1
5/13/1991 0:00,1.2
5/14/1991 0:00,0.2
5/15/1991 0:00,0
5/16/1991 0:00,2.9
5/17/1991 0:00,20.4
5/18/1991 0:00,0.8
5/19/1991 0:00,0
5/20/1991 0:00,0
5/21/1991 0:00,0.7
5/22/1991 0:00,1.3
5/23/1991 0:00,0.4
5/24/1991 0:00,0.2
5/25/1991 0:00,0
5/26/1991 0:00,26
5/27/1991 0:00,0
5/28/1991 0:00,0
5/29/1991 0:00,0
5/30/1991 0:00,11.3
5/31/1991 0:00,2.2
6/1/1991 0:00,0.4
6/2/1991 0:00,0
6/3/1991 0:00,12.5
6/4/1991 0:00,0.2
6/5/1991 0:00,0
6/6/1991 0:00,0
6/7/1991 0:00,0
6/8/1991 0:00,0
6/9/1991 0:00,0
6/10/1991 0:00,2
6/11/1991 0:00,0.2
6/12/1991 0:00,1.3
6/13/1991 0:00,0
6/14/1991 0:00,0
6/15/1991 0:00,0
6/16/1991 0:00,0.4
6/17/1991 0:00,0
6/18/1991 0:00,0
6/19/1991 0:00,0
6/20/1991 0:00,0
6/21/1991 0:00,0
6/22/1991 0:00,0
6/23/1991 0:00,0
6/24/1991 0:00,0
6/25/1991 0:00,0
6/26/1991 0:00,0
6/27/1991 0:00,0
6/28/1991 0:00,0
6/29/1991 0:00,7.7
6/30/1991 0:00,0.5
7/1/1991 0:00,0.1
7/2/1991 0:00,0.1
7/3/1991 0:00,0
7/4/1991 0:00,0.2
7/5/1991 0:00,6.8
7/6/1991 0:00,0
7/7/1991 0:00,0.2
7/8/1991 0:00,7.2
7/9/1991 0:00,0
7/10/1991 0:00,7.7
7/11/1991 0:00,0.2
7/12/1991 0:00,0.2
7/13/1991 0:00,1.2
7/14/1991 0:00,0.6
7/15/1991 0:00,0.5
7/16/1991 0:00,0
7/17/1991 0:00,1.4
7/18/1991 0:00,0
7/19/1991 0:00,0
7/20/1991 0:00,0
7/21/1991 0:00,10.3
7/22/1991 0:00,40.6
7/23/1991 0:00,3.8
7/24/1991 0:00,1
7/25/1991 0:00,5.1
7/26/1991 0:00,0.5
7/27/1991 0:00,0
7/28/1991 0:00,0.1
7/29/1991 0:00,13
7/30/1991 0:00,11.2
7/31/1991 0:00,2.1
8/1/1991 0:00,0.7
8/2/1991 0:00,0.2
8/3/1991 0:00,3.7
8/4/1991 0:00,4.9
8/5/1991 0:00,0.1
8/6/1991 0:00,0.1
8/7/1991 0:00,0
8/8/1991 0:00,0
8/9/1991 0:00,1
8/10/1991 0:00,9.1
8/11/1991 0:00,1.2
8/12/1991 0:00,0
8/13/1991 0:00,0
8/14/1991 0:00,0
8/15/1991 0:00,1.6
8/16/1991 0:00,0.2
8/17/1991 0:00,17.1
8/18/1991 0:00,1.3
8/19/1991 0:00,0.4
8/20/1991 0:00,0
8/21/1991 0:00,0
8/22/1991 0:00,0.2
8/23/1991 0:00,0.1
8/24/1991 0:00,0.1
8/25/1991 0:00,0.3
8/26/1991 0:00,1
8/27/1991 0:00,0
8/28/1991 0:00,0
8/29/1991 0:00,0
8/30/1991 0:00,0
8/31/1991 0:00,0
9/1/1991 0:00,0.1
9/2/1991 0:00,0
9/3/1991 0:00,10.4
9/4/1991 0:00,0.5
9/5/1991 0:00,0
9/6/1991 0:00,0
9/7/1991 0:00,0
9/8/1991 0:00,0
9/9/1991 0:00,0
9/10/1991 0:00,3.6
9/11/1991 0:00,0
9/12/1991 0:00,0.2
9/13/1991 0:00,0.1
9/14/1991 0:00,0.5
9/15/1991 0:00,42.2
9/16/1991 0:00,1.2
9/17/1991 0:00,0
9/18/1991 0:00,0.4
9/19/1991 0:00,0.1
9/20/1991 0:00,0
9/21/1991 0:00,0.1
9/22/1991 0:00,0.1
9/23/1991 0:00,12.1
9/24/1991 0:00,0
9/25/1991 0:00,0
9/26/1991 0:00,9.8
9/27/1991 0:00,0.3
9/28/1991 0:00,0.2
9/29/1991 0:00,9.8
9/30/1991 0:00,3.4
10/1/1991 0:00,0.5
10/2/1991 0:00,9.3
10/3/1991 0:00,18.6
10/4/1991 0:00,4.7
10/5/1991 0:00,14.3
10/6/1991 0:00,7.9
10/7/1991 0:00,0
10/8/1991 0:00,0
10/9/1991 0:00,0
10/10/1991 0:00,2.9
10/11/1991 0:00,0
10/12/1991 0:00,0
10/13/1991 0:00,0.1
10/14/1991 0:00,2.6
10/15/1991 0:00,1.7
10/16/1991 0:00,0.2
10/17/1991 0:00,0
10/18/1991 0:00,0.4
10/19/1991 0:00,1.7
10/20/1991 0:00,1.5
10/21/1991 0:00,0.3
10/22/1991 0:00,0
10/23/1991 0:00,0
10/24/1991 0:00,4.9
10/25/1991 0:00,22.1
10/26/1991 0:00,24.4
10/27/1991 0:00,22.2
10/28/1991 0:00,0.4
10/29/1991 0:00,0
10/30/1991 0:00,0
10/31/1991 0:00,0
11/1/1991 0:00,0
11/2/1991 0:00,1.8
11/3/1991 0:00,1.9
11/4/1991 0:00,9.8
11/5/1991 0:00,0.1
11/6/1991 0:00,8.1
11/7/1991 0:00,0.5
11/8/1991 0:00,0.4
11/9/1991 0:00,0.1
11/10/1991 0:00,0.3
11/11/1991 0:00,0.1
11/12/1991 0:00,0
11/13/1991 0:00,0.6
11/14/1991 0:00,0
11/15/1991 0:00,13.4
11/16/1991 0:00,1.4
11/17/1991 0:00,0.1
11/18/1991 0:00,0
11/19/1991 0:00,0
11/20/1991 0:00,10.6
11/21/1991 0:00,0
11/22/1991 0:00,0.2
11/23/1991 0:00,0.5
11/24/1991 0:00,15.3
11/25/1991 0:00,1.3
11/26/1991 0:00,0
11/27/1991 0:00,0.8
11/28/1991 0:00,3.6
11/29/1991 0:00,4.9
11/30/1991 0:00,6
12/1/1991 0:00,0
12/2/1991 0:00,0
12/3/1991 0:00,6
12/4/1991 0:00,0.3
12/5/1991 0:00,1.3
12/6/1991 0:00,2
12/7/1991 0:00,18.1
12/8/1991 0:00,8.3
12/9/1991 0:00,1.6
12/10/1991 0:00,0.5
12/11/1991 0:00,0
12/12/1991 0:00,1.6
12/13/1991 0:00,5.5
12/14/1991 0:00,14.4
12/15/1991 0:00,4.5
12/16/1991 0:00,0.4
12/17/1991 0:00,6.3
12/18/1991 0:00,2.8
12/19/1991 0:00,0
12/20/1991 0:00,3
12/21/1991 0:00,6.5
12/22/1991 0:00,0
12/23/1991 0:00,0
12/24/1991 0:00,0.3
12/25/1991 0:00,0
12/26/1991 0:00,0.4
12/27/1991 0:00,2.9
12/28/1991 0:00,0
12/29/1991 0:00,0
12/30/1991 0:00,0.5
12/31/1991 0:00,0
1/1/1992 0:00,0
1/2/1992 0:00,0
1/3/1992 0:00,0
1/4/1992 0:00,10.9
1/5/1992 0:00,0.8
1/6/1992 0:00,0
1/7/1992 0:00,0
1/8/1992 0:00,0
1/9/1992 0:00,4.9
1/10/1992 0:00,0.2
1/11/1992 0:00,0.3
1/12/1992 0:00,0
1/13/1992 0:00,2.5
1/14/1992 0:00,21.8
1/15/1992 0:00,0.1
1/16/1992 0:00,0
1/17/1992 0:00,4.4
1/18/1992 0:00,0.1
1/19/1992 0:00,0
1/20/1992 0:00,0
1/21/1992 0:00,0
1/22/1992 0:00,0
1/23/1992 0:00,14.3
1/24/1992 0:00,4.2
1/25/1992 0:00,0
1/26/1992 0:00,0
1/27/1992 0:00,0.2
1/28/1992 0:00,0
1/29/1992 0:00,0
1/30/1992 0:00,0.7
1/31/1992 0:00,0.4
2/1/1992 0:00,0
2/2/1992 0:00,0
2/3/1992 0:00,0
2/4/1992 0:00,2.8
2/5/1992 0:00,0.2
2/6/1992 0:00,0.3
2/7/1992 0:00,0.2
2/8/1992 0:00,0.4
2/9/1992 0:00,0.2
2/10/1992 0:00,3.1
2/11/1992 0:00,3.9
2/12/1992 0:00,0
2/13/1992 0:00,0
2/14/1992 0:00,0.2
2/15/1992 0:00,13
2/16/1992 0:00,0.8
2/17/1992 0:00,0
2/18/1992 0:00,0
2/19/1992 0:00,10.2
2/20/1992 0:00,3.8
2/21/1992 0:00,6.4
2/22/1992 0:00,0.2
2/23/1992 0:00,0.2
2/24/1992 0:00,0
2/25/1992 0:00,4.9
2/26/1992 0:00,1.6
2/27/1992 0:00,1.9
2/28/1992 0:00,4.4
2/29/1992 0:00,0.2
3/1/1992 0:00,3.2
3/2/1992 0:00,7.1
3/3/1992 0:00,0.1
3/4/1992 0:00,0
3/5/1992 0:00,0
3/6/1992 0:00,5.8
3/7/1992 0:00,5.5
3/8/1992 0:00,0.9
3/9/1992 0:00,0.4
3/10/1992 0:00,43.5
3/11/1992 0:00,3.3
3/12/1992 0:00,1.2
3/13/1992 0:00,9.1
3/14/1992 0:00,0
3/15/1992 0:00,0
3/16/1992 0:00,1.8
3/17/1992 0:00,5.2
3/18/1992 0:00,0
3/19/1992 0:00,0
3/20/1992 0:00,0
3/21/1992 0:00,0.1
3/22/1992 0:00,0
3/23/1992 0:00,0.4
3/24/1992 0:00,0
3/25/1992 0:00,0.2
3/26/1992 0:00,2.8
3/27/1992 0:00,3.6
3/28/1992 0:00,0
3/29/1992 0:00,0
3/30/1992 0:00,0.5
3/31/1992 0:00,0
4/1/1992 0:00,0
4/2/1992 0:00,0.1
4/3/1992 0:00,0
4/4/1992 0:00,0.1
4/5/1992 0:00,0
4/6/1992 0:00,0
4/7/1992 0:00,0
4/8/1992 0:00,0
4/9/1992 0:00,0
4/10/1992 0:00,0.7
4/11/1992 0:00,10
4/12/1992 0:00,1.2
4/13/1992 0:00,0.1
4/14/1992 0:00,0
4/15/1992 0:00,0
4/16/1992 0:00,6.3
4/17/1992 0:00,0
4/18/1992 0:00,0
4/19/1992 0:00,0
4/20/1992 0:00,0
4/21/1992 0:00,6.8
4/22/1992 0:00,10
4/23/1992 0:00,0.3
4/24/1992 0:00,0.4
4/25/1992 0:00,0.9
4/26/1992 0:00,0
4/27/1992 0:00,0
4/28/1992 0:00,0
4/29/1992 0:00,0
4/30/1992 0:00,0.9
5/1/1992 0:00,12.4
5/2/1992 0:00,4.7
5/3/1992 0:00,0
5/4/1992 0:00,0.1
5/5/1992 0:00,0
5/6/1992 0:00,0
5/7/1992 0:00,0
5/8/1992 0:00,0
5/9/1992 0:00,2.3
5/10/1992 0:00,0.1
5/11/1992 0:00,0
5/12/1992 0:00,0
5/13/1992 0:00,4
5/14/1992 0:00,0
5/15/1992 0:00,0.1
5/16/1992 0:00,0.1
5/17/1992 0:00,4.5
5/18/1992 0:00,1
5/19/1992 0:00,0
5/20/1992 0:00,0
5/21/1992 0:00,0
5/22/1992 0:00,0
5/23/1992 0:00,0.9
5/24/1992 0:00,0.3
5/25/1992 0:00,0.6
5/26/1992 0:00,0
5/27/1992 0:00,0
5/28/1992 0:00,0
5/29/1992 0:00,0
5/30/1992 0:00,1.9
5/31/1992 0:00,1
6/1/1992 0:00,0
6/2/1992 0:00,0
6/3/1992 0:00,0
6/4/1992 0:00,0
6/5/1992 0:00,3.5
6/6/1992 0:00,0.3
6/7/1992 0:00,0.2
6/8/1992 0:00,0.1
6/9/1992 0:00,0.1
6/10/1992 0:00,0
6/11/1992 0:00,0
6/12/1992 0:00,0
6/13/1992 0:00,0
6/14/1992 0:00,0
6/15/1992 0:00,0
6/16/1992 0:00,0
6/17/1992 0:00,0
6/18/1992 0:00,16.3
6/19/1992 0:00,0.7
6/20/1992 0:00,5.7
6/21/1992 0:00,2
6/22/1992 0:00,0.1
6/23/1992 0:00,0
6/24/1992 0:00,0
6/25/1992 0:00,0
6/26/1992 0:00,0
6/27/1992 0:00,0
6/28/1992 0:00,0
6/29/1992 0:00,1.9
6/30/1992 0:00,0.4
7/1/1992 0:00,0
7/2/1992 0:00,0.1
7/3/1992 0:00,13.6
7/4/1992 0:00,0.2
7/5/1992 0:00,0
7/6/1992 0:00,0.1
7/7/1992 0:00,0
7/8/1992 0:00,27.7
7/9/1992 0:00,0.7
7/10/1992 0:00,4.6
7/11/1992 0:00,0.5
7/12/1992 0:00,24.8
7/13/1992 0:00,0.4
7/14/1992 0:00,0.2
7/15/1992 0:00,0.2
7/16/1992 0:00,0.1
7/17/1992 0:00,3.8
7/18/1992 0:00,7.2
7/19/1992 0:00,0.2
7/20/1992 0:00,3.9
7/21/1992 0:00,0.3
7/22/1992 0:00,0
7/23/1992 0:00,0
7/24/1992 0:00,0
7/25/1992 0:00,0
7/26/1992 0:00,0
7/27/1992 0:00,0
7/28/1992 0:00,0.1
7/29/1992 0:00,0
7/30/1992 0:00,0
7/31/1992 0:00,11.4
8/1/1992 0:00,0.5
8/2/1992 0:00,4
8/3/1992 0:00,0.1
8/4/1992 0:00,1
8/5/1992 0:00,0.6
8/6/1992 0:00,0
8/7/1992 0:00,0
8/8/1992 0:00,10.5
8/9/1992 0:00,0.6
8/10/1992 0:00,0.3
8/11/1992 0:00,0.1
8/12/1992 0:00,0
8/13/1992 0:00,0
8/14/1992 0:00,0
8/15/1992 0:00,0
8/16/1992 0:00,4.8
8/17/1992 0:00,7.3
8/18/1992 0:00,6.3
8/19/1992 0:00,1.1
8/20/1992 0:00,0
8/21/1992 0:00,0
8/22/1992 0:00,0
8/23/1992 0:00,0
8/24/1992 0:00,0
8/25/1992 0:00,0
8/26/1992 0:00,0
8/27/1992 0:00,0.1
8/28/1992 0:00,38
8/29/1992 0:00,2.4
8/30/1992 0:00,3.1
8/31/1992 0:00,0.6
9/1/1992 0:00,0
9/2/1992 0:00,0
9/3/1992 0:00,6.2
9/4/1992 0:00,0.2
9/5/1992 0:00,0
9/6/1992 0:00,9.4
9/7/1992 0:00,16.7
9/8/1992 0:00,6.8
9/9/1992 0:00,0.2
9/10/1992 0:00,8.6
9/11/1992 0:00,0.1
9/12/1992 0:00,0
9/13/1992 0:00,0
9/14/1992 0:00,0
9/15/1992 0:00,0
9/16/1992 0:00,0
9/17/1992 0:00,0.6
9/18/1992 0:00,38.4
9/19/1992 0:00,0
9/20/1992 0:00,0
9/21/1992 0:00,26.7
9/22/1992 0:00,55.6
9/23/1992 0:00,1
9/24/1992 0:00,0
9/25/1992 0:00,0
9/26/1992 0:00,0
9/27/1992 0:00,14.1
9/28/1992 0:00,0.5
9/29/1992 0:00,0
9/30/1992 0:00,0.2
10/1/1992 0:00,0
10/2/1992 0:00,0
10/3/1992 0:00,0
10/4/1992 0:00,0
10/5/1992 0:00,0
10/6/1992 0:00,0
10/7/1992 0:00,0
10/8/1992 0:00,0
10/9/1992 0:00,0
10/10/1992 0:00,0
10/11/1992 0:00,0
10/12/1992 0:00,0
10/13/1992 0:00,1
10/14/1992 0:00,0.9
10/15/1992 0:00,0.4
10/16/1992 0:00,35.2
10/17/1992 0:00,1.2
10/18/1992 0:00,4
10/19/1992 0:00,1.2
10/20/1992 0:00,2.2
10/21/1992 0:00,0.9
10/22/1992 0:00,0
10/23/1992 0:00,9.3
10/24/1992 0:00,0.5
10/25/1992 0:00,0
10/26/1992 0:00,0
10/27/1992 0:00,0
10/28/1992 0:00,0.3
10/29/1992 0:00,0
10/30/1992 0:00,0
10/31/1992 0:00,0
11/1/1992 0:00,0
11/2/1992 0:00,30.1
11/3/1992 0:00,2.9
11/4/1992 0:00,6.3
11/5/1992 0:00,4.5
11/6/1992 0:00,0.8
11/7/1992 0:00,0.1
11/8/1992 0:00,0.1
11/9/1992 0:00,2.1
11/10/1992 0:00,15.5
11/11/1992 0:00,0.9
11/12/1992 0:00,48.5
11/13/1992 0:00,8.9
11/14/1992 0:00,4.7
11/15/1992 0:00,0.3
11/16/1992 0:00,2.7
11/17/1992 0:00,3.7
11/18/1992 0:00,0.1
11/19/1992 0:00,0.2
11/20/1992 0:00,0.4
11/21/1992 0:00,0.9
11/22/1992 0:00,0.4
11/23/1992 0:00,22.6
11/24/1992 0:00,1.7
11/25/1992 0:00,6
11/26/1992 0:00,0.2
11/27/1992 0:00,0.3
11/28/1992 0:00,0
11/29/1992 0:00,0
11/30/1992 0:00,0
12/1/1992 0:00,0
12/2/1992 0:00,0.6
12/3/1992 0:00,4.4
12/4/1992 0:00,0.8
12/5/1992 0:00,0.1
12/6/1992 0:00,0.2
12/7/1992 0:00,0
12/8/1992 0:00,0
12/9/1992 0:00,0
12/10/1992 0:00,3.1
12/11/1992 0:00,5.1
12/12/1992 0:00,0.2
12/13/1992 0:00,0
12/14/1992 0:00,0.2
12/15/1992 0:00,0
12/16/1992 0:00,0.5
12/17/1992 0:00,0.3
12/18/1992 0:00,0.3
12/19/1992 0:00,6.3
12/20/1992 0:00,4.9
12/21/1992 0:00,0.3
12/22/1992 0:00,1.2
12/23/1992 0:00,5.1
12/24/1992 0:00,0.3
12/25/1992 0:00,15.2
12/26/1992 0:00,0.5
12/27/1992 0:00,0
12/28/1992 0:00,0.3
12/29/1992 0:00,3.1
12/30/1992 0:00,0.2
12/31/1992 0:00,1.8
1/1/1993 0:00,0.2
1/2/1993 0:00,6.1
1/3/1993 0:00,12.3
1/4/1993 0:00,23.3
1/5/1993 0:00,11.4
1/6/1993 0:00,1.1
1/7/1993 0:00,3.8
1/8/1993 0:00,0.7
1/9/1993 0:00,0
1/10/1993 0:00,0
1/11/1993 0:00,0.3
1/12/1993 0:00,0
1/13/1993 0:00,8.3
1/14/1993 0:00,0
1/15/1993 0:00,0
1/16/1993 0:00,1.2
1/17/1993 0:00,0.7
1/18/1993 0:00,0
1/19/1993 0:00,0
1/20/1993 0:00,0
1/21/1993 0:00,1.4
1/22/1993 0:00,2.9
1/23/1993 0:00,0.4
1/24/1993 0:00,11.2
1/25/1993 0:00,0
1/26/1993 0:00,0.3
1/27/1993 0:00,0.9
1/28/1993 0:00,5.9
1/29/1993 0:00,2.3
1/30/1993 0:00,6.1
1/31/1993 0:00,4.5
2/1/1993 0:00,0.1
2/2/1993 0:00,0
2/3/1993 0:00,0
2/4/1993 0:00,0
2/5/1993 0:00,0
2/6/1993 0:00,0
2/7/1993 0:00,0
2/8/1993 0:00,0
2/9/1993 0:00,0
2/10/1993 0:00,0
2/11/1993 0:00,0
2/12/1993 0:00,0
2/13/1993 0:00,0
2/14/1993 0:00,0
2/15/1993 0:00,0
2/16/1993 0:00,0
2/17/1993 0:00,0.1
2/18/1993 0:00,0.1
2/19/1993 0:00,0.8
2/20/1993 0:00,0.2
2/21/1993 0:00,3.3
2/22/1993 0:00,7.1
2/23/1993 0:00,2.3
2/24/1993 0:00,0.6
2/25/1993 0:00,0.2
2/26/1993 0:00,0.2
2/27/1993 0:00,0
2/28/1993 0:00,0
3/1/1993 0:00,0.1
3/2/1993 0:00,0
3/3/1993 0:00,0
3/4/1993 0:00,0
3/5/1993 0:00,0.2
3/6/1993 0:00,0.1
3/7/1993 0:00,1.3
3/8/1993 0:00,1.3
3/9/1993 0:00,0.2
3/10/1993 0:00,0.2
3/11/1993 0:00,0.6
3/12/1993 0:00,0
3/13/1993 0:00,1
3/14/1993 0:00,0.3
3/15/1993 0:00,0
3/16/1993 0:00,23
3/17/1993 0:00,1.5
3/18/1993 0:00,1.9
3/19/1993 0:00,2.9
3/20/1993 0:00,2.9
3/21/1993 0:00,2.9
3/22/1993 0:00,1.5
3/23/1993 0:00,0
3/24/1993 0:00,0.1
3/25/1993 0:00,0.1
3/26/1993 0:00,0
3/27/1993 0:00,0
3/28/1993 0:00,0
3/29/1993 0:00,0
3/30/1993 0:00,0
3/31/1993 0:00,0.1
4/1/1993 0:00,8.2
4/2/1993 0:00,0.7
4/3/1993 0:00,2.3
4/4/1993 0:00,0.6
4/5/1993 0:00,0.1
4/6/1993 0:00,0
4/7/1993 0:00,0
4/8/1993 0:00,0
4/9/1993 0:00,15.2
4/10/1993 0:00,6.8
4/11/1993 0:00,1.3
4/12/1993 0:00,0.4
4/13/1993 0:00,0
4/14/1993 0:00,0
4/15/1993 0:00,0.2
4/16/1993 0:00,0.7
4/17/1993 0:00,1.1
4/18/1993 0:00,2.8
4/19/1993 0:00,1.8
4/20/1993 0:00,22.8
4/21/1993 0:00,1
4/22/1993 0:00,0
4/23/1993 0:00,0
4/24/1993 0:00,0.3
4/25/1993 0:00,0.4
4/26/1993 0:00,0.6
4/27/1993 0:00,0
4/28/1993 0:00,0
4/29/1993 0:00,0.5
4/30/1993 0:00,3.4
5/1/1993 0:00,0
5/2/1993 0:00,0.2
5/3/1993 0:00,0
5/4/1993 0:00,0
5/5/1993 0:00,4.4
5/6/1993 0:00,0
5/7/1993 0:00,0
5/8/1993 0:00,0
5/9/1993 0:00,0
5/10/1993 0:00,0
5/11/1993 0:00,0.1
5/12/1993 0:00,0
5/13/1993 0:00,0.1
5/14/1993 0:00,9.5
5/15/1993 0:00,0.5
5/16/1993 0:00,0.1
5/17/1993 0:00,0
5/18/1993 0:00,0
5/19/1993 0:00,0.8
5/20/1993 0:00,2.5
5/21/1993 0:00,4
5/22/1993 0:00,0.2
5/23/1993 0:00,1.3
5/24/1993 0:00,27.7
5/25/1993 0:00,2.5
5/26/1993 0:00,0.9
5/27/1993 0:00,0.7
5/28/1993 0:00,17.3
5/29/1993 0:00,0.5
5/30/1993 0:00,1.4
5/31/1993 0:00,15.4
6/1/1993 0:00,0.9
6/2/1993 0:00,0.1
6/3/1993 0:00,0.2
6/4/1993 0:00,0.5
6/5/1993 0:00,3.4
6/6/1993 0:00,0.3
6/7/1993 0:00,0.8
6/8/1993 0:00,3.5
6/9/1993 0:00,6.5
6/10/1993 0:00,0.4
6/11/1993 0:00,0.5
6/12/1993 0:00,0.1
6/13/1993 0:00,0
6/14/1993 0:00,14.8
6/15/1993 0:00,4
6/16/1993 0:00,0.1
6/17/1993 0:00,0
6/18/1993 0:00,20.6
6/19/1993 0:00,0.1
6/20/1993 0:00,12.2
6/21/1993 0:00,2.8
6/22/1993 0:00,0.2
6/23/1993 0:00,0
6/24/1993 0:00,0
6/25/1993 0:00,51.2
6/26/1993 0:00,1.2
6/27/1993 0:00,2.2
6/28/1993 0:00,0.4
6/29/1993 0:00,0
6/30/1993 0:00,0
7/1/1993 0:00,0
7/2/1993 0:00,0
7/3/1993 0:00,6.6
7/4/1993 0:00,1.4
7/5/1993 0:00,0.4
7/6/1993 0:00,5.8
7/7/1993 0:00,0.1
7/8/1993 0:00,0.2
7/9/1993 0:00,0.3
7/10/1993 0:00,0.2
7/11/1993 0:00,7
7/12/1993 0:00,0.2
7/13/1993 0:00,0
7/14/1993 0:00,0.2
7/15/1993 0:00,0
7/16/1993 0:00,1
7/17/1993 0:00,0.1
7/18/1993 0:00,0
7/19/1993 0:00,0
7/20/1993 0:00,0
7/21/1993 0:00,2.9
7/22/1993 0:00,0.4
7/23/1993 0:00,0
7/24/1993 0:00,0
7/25/1993 0:00,0
7/26/1993 0:00,11.1
7/27/1993 0:00,0.2
7/28/1993 0:00,14.6
7/29/1993 0:00,5.9
7/30/1993 0:00,6.2
7/31/1993 0:00,0.2
8/1/1993 0:00,0.2
8/2/1993 0:00,1.3
8/3/1993 0:00,0
8/4/1993 0:00,0.5
8/5/1993 0:00,0.1
8/6/1993 0:00,0
8/7/1993 0:00,0
8/8/1993 0:00,0.1
8/9/1993 0:00,1.4
8/10/1993 0:00,0.5
8/11/1993 0:00,0.1
8/12/1993 0:00,0.1
8/13/1993 0:00,0
8/14/1993 0:00,0.2
8/15/1993 0:00,0.8
8/16/1993 0:00,0
8/17/1993 0:00,0
8/18/1993 0:00,0
8/19/1993 0:00,0
8/20/1993 0:00,4.7
8/21/1993 0:00,0
8/22/1993 0:00,0
8/23/1993 0:00,0
8/24/1993 0:00,1.4
8/25/1993 0:00,0
8/26/1993 0:00,0
8/27/1993 0:00,9
8/28/1993 0:00,0.3
8/29/1993 0:00,0.3
8/30/1993 0:00,0
8/31/1993 0:00,3.3
9/1/1993 0:00,0.2
9/2/1993 0:00,8.2
9/3/1993 0:00,34.9
9/4/1993 0:00,0
9/5/1993 0:00,0.2
9/6/1993 0:00,0.3
9/7/1993 0:00,0
9/8/1993 0:00,1.3
9/9/1993 0:00,25.4
9/10/1993 0:00,2.7
9/11/1993 0:00,0.4
9/12/1993 0:00,0.1
9/13/1993 0:00,0
9/14/1993 0:00,17.2
9/15/1993 0:00,17.8
9/16/1993 0:00,0
9/17/1993 0:00,0.1
9/18/1993 0:00,0.8
9/19/1993 0:00,0.3
9/20/1993 0:00,0
9/21/1993 0:00,0
9/22/1993 0:00,0
9/23/1993 0:00,21.6
9/24/1993 0:00,0.2
9/25/1993 0:00,0.1
9/26/1993 0:00,8.4
9/27/1993 0:00,1.8
9/28/1993 0:00,4
9/29/1993 0:00,0.3
9/30/1993 0:00,0.1
10/1/1993 0:00,7.9
10/2/1993 0:00,1.4
10/3/1993 0:00,13.3
10/4/1993 0:00,6.8
10/5/1993 0:00,0
10/6/1993 0:00,0
10/7/1993 0:00,22.7
10/8/1993 0:00,3.3
10/9/1993 0:00,1.9
10/10/1993 0:00,0.8
10/11/1993 0:00,0.9
10/12/1993 0:00,1.1
10/13/1993 0:00,0.1
10/14/1993 0:00,0.1
10/15/1993 0:00,0
10/16/1993 0:00,10.9
10/17/1993 0:00,53.9
10/18/1993 0:00,0
10/19/1993 0:00,0
10/20/1993 0:00,3.1
10/21/1993 0:00,14.1
10/22/1993 0:00,0.2
10/23/1993 0:00,0
10/24/1993 0:00,0
10/25/1993 0:00,0.8
10/26/1993 0:00,0
10/27/1993 0:00,0
10/28/1993 0:00,0
10/29/1993 0:00,1
10/30/1993 0:00,0.9
10/31/1993 0:00,0.1
11/1/1993 0:00,0
11/2/1993 0:00,0.2
11/3/1993 0:00,13.2
11/4/1993 0:00,3.4
11/5/1993 0:00,17.4
11/6/1993 0:00,0.7
11/7/1993 0:00,0.6
11/8/1993 0:00,0
11/9/1993 0:00,0.1
11/10/1993 0:00,0.2
11/11/1993 0:00,4.7
11/12/1993 0:00,0.2
11/13/1993 0:00,11.9
11/14/1993 0:00,0.1
11/15/1993 0:00,8.7
11/16/1993 0:00,0.4
11/17/1993 0:00,0
11/18/1993 0:00,0
11/19/1993 0:00,4.8
11/20/1993 0:00,1.7
11/21/1993 0:00,0.3
11/22/1993 0:00,0
11/23/1993 0:00,0
11/24/1993 0:00,0
11/25/1993 0:00,0
11/26/1993 0:00,0.2
11/27/1993 0:00,18.5
11/28/1993 0:00,10.6
11/29/1993 0:00,4.4
11/30/1993 0:00,0
12/1/1993 0:00,0
12/2/1993 0:00,0.3
12/3/1993 0:00,1.1
12/4/1993 0:00,0.1
12/5/1993 0:00,0
12/6/1993 0:00,0.6
12/7/1993 0:00,0.2
12/8/1993 0:00,0
12/9/1993 0:00,0.3
12/10/1993 0:00,7.6
12/11/1993 0:00,0.3
12/12/1993 0:00,0
12/13/1993 0:00,0
12/14/1993 0:00,0
12/15/1993 0:00,0
12/16/1993 0:00,0.1
12/17/1993 0:00,0
12/18/1993 0:00,0.5
12/19/1993 0:00,1.7
12/20/1993 0:00,0.4
12/21/1993 0:00,1.3
12/22/1993 0:00,1.1
12/23/1993 0:00,0
12/24/1993 0:00,3.5
12/25/1993 0:00,3.1
12/26/1993 0:00,0.2
12/27/1993 0:00,0
12/28/1993 0:00,0
12/29/1993 0:00,9.4
12/30/1993 0:00,0
12/31/1993 0:00,0.5
1/1/1994 0:00,16.7
1/2/1994 0:00,0.1
1/3/1994 0:00,0.1
1/4/1994 0:00,0
1/5/1994 0:00,0.1
1/6/1994 0:00,0
1/7/1994 0:00,0.1
1/8/1994 0:00,0.3
1/9/1994 0:00,0.1
1/10/1994 0:00,0.4
1/11/1994 0:00,1.4
1/12/1994 0:00,1.7
1/13/1994 0:00,0.7
1/14/1994 0:00,0.4
1/15/1994 0:00,0.2
1/16/1994 0:00,0.7
1/17/1994 0:00,2.9
1/18/1994 0:00,0.3
1/19/1994 0:00,0.9
1/20/1994 0:00,0.5
1/21/1994 0:00,5.3
1/22/1994 0:00,3.7
1/23/1994 0:00,5
1/24/1994 0:00,0.5
1/25/1994 0:00,0
1/26/1994 0:00,0
1/27/1994 0:00,5.1
1/28/1994 0:00,23.5
1/29/1994 0:00,0.2
1/30/1994 0:00,0.1
1/31/1994 0:00,0
2/1/1994 0:00,0
2/2/1994 0:00,0.4
2/3/1994 0:00,1.5
2/4/1994 0:00,4.3
2/5/1994 0:00,2
2/6/1994 0:00,0.8
2/7/1994 0:00,2.8
2/8/1994 0:00,0
2/9/1994 0:00,0
2/10/1994 0:00,0
2/11/1994 0:00,0
2/12/1994 0:00,0
2/13/1994 0:00,2.1
2/14/1994 0:00,0.1
2/15/1994 0:00,1
2/16/1994 0:00,0.2
2/17/1994 0:00,0
2/18/1994 0:00,0
2/19/1994 0:00,0
2/20/1994 0:00,9.4
2/21/1994 0:00,0.7
2/22/1994 0:00,0
2/23/1994 0:00,8.2
2/24/1994 0:00,1.7
2/25/1994 0:00,0.2
2/26/1994 0:00,0
2/27/1994 0:00,0.1
2/28/1994 0:00,0.6
3/1/1994 0:00,0
3/2/1994 0:00,0
3/3/1994 0:00,0
3/4/1994 0:00,0
3/5/1994 0:00,0
3/6/1994 0:00,0
3/7/1994 0:00,0.2
3/8/1994 0:00,0
3/9/1994 0:00,0.5
3/10/1994 0:00,0.5
3/11/1994 0:00,0.1
3/12/1994 0:00,2.4
3/13/1994 0:00,0.8
3/14/1994 0:00,1.1
3/15/1994 0:00,2.3
3/16/1994 0:00,0.6
3/17/1994 0:00,0
3/18/1994 0:00,0.2
3/19/1994 0:00,0
3/20/1994 0:00,0.1
3/21/1994 0:00,5.4
3/22/1994 0:00,0
3/23/1994 0:00,0.1
3/24/1994 0:00,1.7
3/25/1994 0:00,0.4
3/26/1994 0:00,0
3/27/1994 0:00,3.5
3/28/1994 0:00,0
3/29/1994 0:00,0
3/30/1994 0:00,0
3/31/1994 0:00,0
4/1/1994 0:00,0.2
4/2/1994 0:00,1.8
4/3/1994 0:00,0.3
4/4/1994 0:00,0
4/5/1994 0:00,5.8
4/6/1994 0:00,0.6
4/7/1994 0:00,0.4
4/8/1994 0:00,0
4/9/1994 0:00,0
4/10/1994 0:00,0
4/11/1994 0:00,0
4/12/1994 0:00,0.7
4/13/1994 0:00,5.1
4/14/1994 0:00,2
4/15/1994 0:00,3.9
4/16/1994 0:00,4.8
4/17/1994 0:00,0.4
4/18/1994 0:00,0
4/19/1994 0:00,0
4/20/1994 0:00,0
4/21/1994 0:00,0
4/22/1994 0:00,0.3
4/23/1994 0:00,0
4/24/1994 0:00,0
4/25/1994 0:00,0.9
4/26/1994 0:00,1
4/27/1994 0:00,3
4/28/1994 0:00,0.1
4/29/1994 0:00,0.3
4/30/1994 0:00,7.1
5/1/1994 0:00,2.6
5/2/1994 0:00,0.4
5/3/1994 0:00,0
5/4/1994 0:00,0
5/5/1994 0:00,7.2
5/6/1994 0:00,8.5
5/7/1994 0:00,0.1
5/8/1994 0:00,0.2
5/9/1994 0:00,1.2
5/10/1994 0:00,0
5/11/1994 0:00,28.3
5/12/1994 0:00,2.1
5/13/1994 0:00,0
5/14/1994 0:00,0
5/15/1994 0:00,8.1
5/16/1994 0:00,10
5/17/1994 0:00,0
5/18/1994 0:00,0
5/19/1994 0:00,0
5/20/1994 0:00,0
5/21/1994 0:00,0
5/22/1994 0:00,0
5/23/1994 0:00,0
5/24/1994 0:00,0
5/25/1994 0:00,0
5/26/1994 0:00,16.2
5/27/1994 0:00,0.2
5/28/1994 0:00,3.8
5/29/1994 0:00,0.6
5/30/1994 0:00,6.6
5/31/1994 0:00,7.8
6/1/1994 0:00,2.7
6/2/1994 0:00,0.3
6/3/1994 0:00,0
6/4/1994 0:00,0.4
6/5/1994 0:00,0
6/6/1994 0:00,15.3
6/7/1994 0:00,1.6
6/8/1994 0:00,0
6/9/1994 0:00,0.4
6/10/1994 0:00,0.1
6/11/1994 0:00,0
6/12/1994 0:00,0.1
6/13/1994 0:00,23.1
6/14/1994 0:00,0.7
6/15/1994 0:00,0
6/16/1994 0:00,0
6/17/1994 0:00,0
6/18/1994 0:00,0
6/19/1994 0:00,0
6/20/1994 0:00,0
6/21/1994 0:00,0
6/22/1994 0:00,0.1
6/23/1994 0:00,0.2
6/24/1994 0:00,6.2
6/25/1994 0:00,15.7
6/26/1994 0:00,4.4
6/27/1994 0:00,0
6/28/1994 0:00,0
6/29/1994 0:00,16.2
6/30/1994 0:00,10.4
7/1/1994 0:00,22.2
7/2/1994 0:00,0.5
7/3/1994 0:00,0.2
7/4/1994 0:00,1.6
7/5/1994 0:00,8
7/6/1994 0:00,0.4
7/7/1994 0:00,0.2
7/8/1994 0:00,29.3
7/9/1994 0:00,3.7
7/10/1994 0:00,1.9
7/11/1994 0:00,0.2
7/12/1994 0:00,2.5
7/13/1994 0:00,0.3
7/14/1994 0:00,0
7/15/1994 0:00,3.2
7/16/1994 0:00,0.3
7/17/1994 0:00,0.1
7/18/1994 0:00,0
7/19/1994 0:00,0
7/20/1994 0:00,0
7/21/1994 0:00,8
7/22/1994 0:00,25.7
7/23/1994 0:00,0.6
7/24/1994 0:00,1.6
7/25/1994 0:00,9.6
7/26/1994 0:00,3.2
7/27/1994 0:00,0.1
7/28/1994 0:00,0.2
7/29/1994 0:00,0.1
7/30/1994 0:00,0
7/31/1994 0:00,0
8/1/1994 0:00,0.1
8/2/1994 0:00,0
8/3/1994 0:00,0
8/4/1994 0:00,19.8
8/5/1994 0:00,0
8/6/1994 0:00,0.1
8/7/1994 0:00,0.2
8/8/1994 0:00,0
8/9/1994 0:00,0.2
8/10/1994 0:00,0
8/11/1994 0:00,0.2
8/12/1994 0:00,0
8/13/1994 0:00,2
8/14/1994 0:00,3.2
8/15/1994 0:00,0
8/16/1994 0:00,0
8/17/1994 0:00,0
8/18/1994 0:00,0
8/19/1994 0:00,0
8/20/1994 0:00,5.2
8/21/1994 0:00,8.1
8/22/1994 0:00,0.4
8/23/1994 0:00,0
8/24/1994 0:00,21
8/25/1994 0:00,0.2
8/26/1994 0:00,15.6
8/27/1994 0:00,0.2
8/28/1994 0:00,8.1
8/29/1994 0:00,0
8/30/1994 0:00,5.1
8/31/1994 0:00,15
9/1/1994 0:00,0.7
9/2/1994 0:00,0.2
9/3/1994 0:00,0.4
9/4/1994 0:00,0.2
9/5/1994 0:00,0
9/6/1994 0:00,0
9/7/1994 0:00,0.4
9/8/1994 0:00,0.1
9/9/1994 0:00,0
9/10/1994 0:00,0.1
9/11/1994 0:00,0
9/12/1994 0:00,0
9/13/1994 0:00,4.6
9/14/1994 0:00,0.4
9/15/1994 0:00,5
9/16/1994 0:00,1.6
9/17/1994 0:00,0.6
9/18/1994 0:00,3.6
9/19/1994 0:00,2.7
9/20/1994 0:00,0
9/21/1994 0:00,0
9/22/1994 0:00,0
9/23/1994 0:00,0
9/24/1994 0:00,0
9/25/1994 0:00,0
9/26/1994 0:00,16.6
9/27/1994 0:00,13.2
9/28/1994 0:00,13.5
9/29/1994 0:00,4.1
9/30/1994 0:00,0
10/1/1994 0:00,0.1
10/2/1994 0:00,0.1
10/3/1994 0:00,0.1
10/4/1994 0:00,0
10/5/1994 0:00,0
10/6/1994 0:00,0
10/7/1994 0:00,0
10/8/1994 0:00,0
10/9/1994 0:00,12.4
10/10/1994 0:00,0.3
10/11/1994 0:00,0.2
10/12/1994 0:00,0
10/13/1994 0:00,0
10/14/1994 0:00,0
10/15/1994 0:00,0
10/16/1994 0:00,0
10/17/1994 0:00,0.2
10/18/1994 0:00,5.6
10/19/1994 0:00,17
10/20/1994 0:00,3.6
10/21/1994 0:00,0.2
10/22/1994 0:00,0.2
10/23/1994 0:00,4
10/24/1994 0:00,5.4
10/25/1994 0:00,25.9
10/26/1994 0:00,0.4
10/27/1994 0:00,0
10/28/1994 0:00,0.4
10/29/1994 0:00,5.8
10/30/1994 0:00,0.3
10/31/1994 0:00,0
11/1/1994 0:00,11.7
11/2/1994 0:00,0
11/3/1994 0:00,0
11/4/1994 0:00,22.3
11/5/1994 0:00,2.1
11/6/1994 0:00,24.3
11/7/1994 0:00,0.3
11/8/1994 0:00,0
11/9/1994 0:00,0
11/10/1994 0:00,0.1
11/11/1994 0:00,0
11/12/1994 0:00,0
11/13/1994 0:00,0
11/14/1994 0:00,1.1
11/15/1994 0:00,0.3
11/16/1994 0:00,0.1
11/17/1994 0:00,0
11/18/1994 0:00,0.4
11/19/1994 0:00,0
11/20/1994 0:00,0.2
11/21/1994 0:00,12.8
11/22/1994 0:00,11.4
11/23/1994 0:00,0.2
11/24/1994 0:00,0.1
11/25/1994 0:00,4
11/26/1994 0:00,0.7
11/27/1994 0:00,8.4
11/28/1994 0:00,13
11/29/1994 0:00,11.5
11/30/1994 0:00,0.5
12/1/1994 0:00,0
12/2/1994 0:00,0.5
12/3/1994 0:00,3.8
12/4/1994 0:00,0.1
12/5/1994 0:00,4.6
12/6/1994 0:00,0.8
12/7/1994 0:00,0
12/8/1994 0:00,0
12/9/1994 0:00,5.9
12/10/1994 0:00,5.9
12/11/1994 0:00,2.6
12/12/1994 0:00,0.1
12/13/1994 0:00,0
12/14/1994 0:00,0
12/15/1994 0:00,0
12/16/1994 0:00,0.9
12/17/1994 0:00,13
12/18/1994 0:00,2.3
12/19/1994 0:00,0
12/20/1994 0:00,0
12/21/1994 0:00,0
12/22/1994 0:00,0
12/23/1994 0:00,0
12/24/1994 0:00,0
12/25/1994 0:00,0
12/26/1994 0:00,0
12/27/1994 0:00,0
12/28/1994 0:00,1
12/29/1994 0:00,0
12/30/1994 0:00,0
12/31/1994 0:00,0
1/1/1995 0:00,2.3
1/2/1995 0:00,2.4
1/3/1995 0:00,23.5
1/4/1995 0:00,2.3
1/5/1995 0:00,4.2
1/6/1995 0:00,4.9
1/7/1995 0:00,1
1/8/1995 0:00,3.3
1/9/1995 0:00,0
1/10/1995 0:00,0
1/11/1995 0:00,1.2
1/12/1995 0:00,5.8
1/13/1995 0:00,7.8
1/14/1995 0:00,9
1/15/1995 0:00,16.5
1/16/1995 0:00,2.3
1/17/1995 0:00,0.2
1/18/1995 0:00,0
1/19/1995 0:00,0
1/20/1995 0:00,0.3
1/21/1995 0:00,2.7
1/22/1995 0:00,1.2
1/23/1995 0:00,0.5
1/24/1995 0:00,0
1/25/1995 0:00,0
1/26/1995 0:00,0
1/27/1995 0:00,0
1/28/1995 0:00,0.2
1/29/1995 0:00,0
1/30/1995 0:00,0
1/31/1995 0:00,2.6
2/1/1995 0:00,3.8
2/2/1995 0:00,0
2/3/1995 0:00,0.1
2/4/1995 0:00,0.8
2/5/1995 0:00,0.3
2/6/1995 0:00,0.1
2/7/1995 0:00,0.4
2/8/1995 0:00,0.1
2/9/1995 0:00,1.3
2/10/1995 0:00,5.9
2/11/1995 0:00,5.2
2/12/1995 0:00,1.7
2/13/1995 0:00,13.7
2/14/1995 0:00,0.1
2/15/1995 0:00,9.2
2/16/1995 0:00,0
2/17/1995 0:00,0.1
2/18/1995 0:00,0.1
2/19/1995 0:00,0
2/20/1995 0:00,0.6
2/21/1995 0:00,0
2/22/1995 0:00,0
2/23/1995 0:00,0
2/24/1995 0:00,0.5
2/25/1995 0:00,0
2/26/1995 0:00,0
2/27/1995 0:00,0
2/28/1995 0:00,0
3/1/1995 0:00,0
3/2/1995 0:00,0
3/3/1995 0:00,0
3/4/1995 0:00,0
3/5/1995 0:00,0.7
3/6/1995 0:00,4.7
3/7/1995 0:00,33.3
3/8/1995 0:00,4.1
3/9/1995 0:00,0.7
3/10/1995 0:00,0
3/11/1995 0:00,0.2
3/12/1995 0:00,0
3/13/1995 0:00,0.1
3/14/1995 0:00,0
3/15/1995 0:00,0
3/16/1995 0:00,0
3/17/1995 0:00,0.6
3/18/1995 0:00,0
3/19/1995 0:00,1.6
3/20/1995 0:00,5.2
3/21/1995 0:00,2
3/22/1995 0:00,1.5
3/23/1995 0:00,0.5
3/24/1995 0:00,0.9
3/25/1995 0:00,0
3/26/1995 0:00,0
3/27/1995 0:00,0.2
3/28/1995 0:00,0
3/29/1995 0:00,0
3/30/1995 0:00,0.1
3/31/1995 0:00,0
4/1/1995 0:00,0
4/2/1995 0:00,0
4/3/1995 0:00,2.8
4/4/1995 0:00,3.8
4/5/1995 0:00,0.2
4/6/1995 0:00,1.3
4/7/1995 0:00,0.1
4/8/1995 0:00,0
4/9/1995 0:00,1.4
4/10/1995 0:00,0
4/11/1995 0:00,0.5
4/12/1995 0:00,3.5
4/13/1995 0:00,1.8
4/14/1995 0:00,0.7
4/15/1995 0:00,0
4/16/1995 0:00,0
4/17/1995 0:00,0
4/18/1995 0:00,11.8
4/19/1995 0:00,5.6
4/20/1995 0:00,0.1
4/21/1995 0:00,32.3
4/22/1995 0:00,1.6
4/23/1995 0:00,0.7
4/24/1995 0:00,1.3
4/25/1995 0:00,0.2
4/26/1995 0:00,0.3
4/27/1995 0:00,11.1
4/28/1995 0:00,2.7
4/29/1995 0:00,3.2
4/30/1995 0:00,0
5/1/1995 0:00,0.3
5/2/1995 0:00,0
5/3/1995 0:00,0
5/4/1995 0:00,0
5/5/1995 0:00,0
5/6/1995 0:00,0
5/7/1995 0:00,0
5/8/1995 0:00,0
5/9/1995 0:00,0
5/10/1995 0:00,20.6
5/11/1995 0:00,9.3
5/12/1995 0:00,0.2
5/13/1995 0:00,0.6
5/14/1995 0:00,9.2
5/15/1995 0:00,3.2
5/16/1995 0:00,0
5/17/1995 0:00,19.9
5/18/1995 0:00,0.2
5/19/1995 0:00,0
5/20/1995 0:00,6.6
5/21/1995 0:00,0.2
5/22/1995 0:00,0
5/23/1995 0:00,21.5
5/24/1995 0:00,1.4
5/25/1995 0:00,0.1
5/26/1995 0:00,0.3
5/27/1995 0:00,0
5/28/1995 0:00,14.2
5/29/1995 0:00,8.3
5/30/1995 0:00,0
5/31/1995 0:00,0
6/1/1995 0:00,0
6/2/1995 0:00,2.1
6/3/1995 0:00,7
6/4/1995 0:00,0.1
6/5/1995 0:00,0.3
6/6/1995 0:00,0
6/7/1995 0:00,0.5
6/8/1995 0:00,0.2
6/9/1995 0:00,0
6/10/1995 0:00,0
6/11/1995 0:00,2.3
6/12/1995 0:00,0
6/13/1995 0:00,0
6/14/1995 0:00,0
6/15/1995 0:00,0
6/16/1995 0:00,0
6/17/1995 0:00,0
6/18/1995 0:00,0
6/19/1995 0:00,0
6/20/1995 0:00,0.1
6/21/1995 0:00,0
6/22/1995 0:00,0
6/23/1995 0:00,0
6/24/1995 0:00,0
6/25/1995 0:00,40.1
6/26/1995 0:00,0
6/27/1995 0:00,0
6/28/1995 0:00,0
6/29/1995 0:00,86.5
6/30/1995 0:00,3.5
7/1/1995 0:00,4
7/2/1995 0:00,0.1
7/3/1995 0:00,0
7/4/1995 0:00,0
7/5/1995 0:00,11.8
7/6/1995 0:00,5.3
7/7/1995 0:00,5.4
7/8/1995 0:00,0.4
7/9/1995 0:00,13.6
7/10/1995 0:00,0.2
7/11/1995 0:00,0
7/12/1995 0:00,0
7/13/1995 0:00,0
7/14/1995 0:00,0
7/15/1995 0:00,38.4
7/16/1995 0:00,13.4
7/17/1995 0:00,3.3
7/18/1995 0:00,2.4
7/19/1995 0:00,0
7/20/1995 0:00,10.5
7/21/1995 0:00,0.2
7/22/1995 0:00,0.2
7/23/1995 0:00,25.9
7/24/1995 0:00,0.1
7/25/1995 0:00,0.3
7/26/1995 0:00,0
7/27/1995 0:00,0
7/28/1995 0:00,19
7/29/1995 0:00,0.4
7/30/1995 0:00,0.1
7/31/1995 0:00,0
8/1/1995 0:00,0.2
8/2/1995 0:00,0
8/3/1995 0:00,15.3
8/4/1995 0:00,2.8
8/5/1995 0:00,29
8/6/1995 0:00,0.2
8/7/1995 0:00,0
8/8/1995 0:00,0.1
8/9/1995 0:00,0
8/10/1995 0:00,0
8/11/1995 0:00,3.7
8/12/1995 0:00,0.3
8/13/1995 0:00,0.5
8/14/1995 0:00,1.5
8/15/1995 0:00,0.2
8/16/1995 0:00,0.1
8/17/1995 0:00,0
8/18/1995 0:00,0.1
8/19/1995 0:00,0
8/20/1995 0:00,0
8/21/1995 0:00,0
8/22/1995 0:00,0.1
8/23/1995 0:00,0
8/24/1995 0:00,0.1
8/25/1995 0:00,0
8/26/1995 0:00,1.8
8/27/1995 0:00,0.6
8/28/1995 0:00,0
8/29/1995 0:00,0
8/30/1995 0:00,0
8/31/1995 0:00,22.2
9/1/1995 0:00,0
9/2/1995 0:00,0
9/3/1995 0:00,3.1
9/4/1995 0:00,0.2
9/5/1995 0:00,0.1
9/6/1995 0:00,0
9/7/1995 0:00,16.7
9/8/1995 0:00,2.1
9/9/1995 0:00,0
9/10/1995 0:00,0
9/11/1995 0:00,0.5
9/12/1995 0:00,0
9/13/1995 0:00,11.7
9/14/1995 0:00,1.1
9/15/1995 0:00,0
9/16/1995 0:00,9.6
9/17/1995 0:00,18.8
9/18/1995 0:00,2
9/19/1995 0:00,0
9/20/1995 0:00,1.9
9/21/1995 0:00,4.9
9/22/1995 0:00,15.4
9/23/1995 0:00,0.9
9/24/1995 0:00,0
9/25/1995 0:00,0.2
9/26/1995 0:00,0
9/27/1995 0:00,0.1
9/28/1995 0:00,0.2
9/29/1995 0:00,0
9/30/1995 0:00,0
10/1/1995 0:00,1.8
10/2/1995 0:00,1
10/3/1995 0:00,2.4
10/4/1995 0:00,0.2
10/5/1995 0:00,3.3
10/6/1995 0:00,10.1
10/7/1995 0:00,0.8
10/8/1995 0:00,2.1
10/9/1995 0:00,0.5
10/10/1995 0:00,0.4
10/11/1995 0:00,0
10/12/1995 0:00,0
10/13/1995 0:00,0
10/14/1995 0:00,22.7
10/15/1995 0:00,23.4
10/16/1995 0:00,2.3
10/17/1995 0:00,0
10/18/1995 0:00,0
10/19/1995 0:00,0
10/20/1995 0:00,8.8
10/21/1995 0:00,24.1
10/22/1995 0:00,5.3
10/23/1995 0:00,0
10/24/1995 0:00,12.4
10/25/1995 0:00,1.2
10/26/1995 0:00,0.2
10/27/1995 0:00,20.3
10/28/1995 0:00,5.5
10/29/1995 0:00,0.6
10/30/1995 0:00,3.1
10/31/1995 0:00,0
11/1/1995 0:00,3.3
11/2/1995 0:00,17.9
11/3/1995 0:00,10.8
11/4/1995 0:00,0.7
11/5/1995 0:00,0.4
11/6/1995 0:00,0
11/7/1995 0:00,12
11/8/1995 0:00,0.5
11/9/1995 0:00,0.8
11/10/1995 0:00,7.3
11/11/1995 0:00,46
11/12/1995 0:00,5.8
11/13/1995 0:00,5.4
11/14/1995 0:00,1.8
11/15/1995 0:00,8.5
11/16/1995 0:00,0.3
11/17/1995 0:00,0.2
11/18/1995 0:00,2.8
11/19/1995 0:00,0.3
11/20/1995 0:00,0.2
11/21/1995 0:00,5
11/22/1995 0:00,0.9
11/23/1995 0:00,5
11/24/1995 0:00,0.2
11/25/1995 0:00,1.6
11/26/1995 0:00,3.9
11/27/1995 0:00,16.1
11/28/1995 0:00,9.3
11/29/1995 0:00,0
11/30/1995 0:00,5.2
12/1/1995 0:00,5.7
12/2/1995 0:00,1
12/3/1995 0:00,7
12/4/1995 0:00,0
12/5/1995 0:00,4.7
12/6/1995 0:00,8.9
12/7/1995 0:00,0.2
12/8/1995 0:00,0.2
12/9/1995 0:00,0.3
12/10/1995 0:00,0.1
12/11/1995 0:00,15.8
12/12/1995 0:00,0
12/13/1995 0:00,0
12/14/1995 0:00,7.3
12/15/1995 0:00,0.3
12/16/1995 0:00,9.1
12/17/1995 0:00,0.2
12/18/1995 0:00,0.3
12/19/1995 0:00,0
12/20/1995 0:00,0
12/21/1995 0:00,0
12/22/1995 0:00,0.2
12/23/1995 0:00,0
12/24/1995 0:00,0
12/25/1995 0:00,2.1
12/26/1995 0:00,0
12/27/1995 0:00,1
12/28/1995 0:00,0
12/29/1995 0:00,1
12/30/1995 0:00,1
12/31/1995 0:00,4
1/1/1996 0:00,0
1/2/1996 0:00,0
1/3/1996 0:00,3.6
1/4/1996 0:00,0
1/5/1996 0:00,0.1
1/6/1996 0:00,0.1
1/7/1996 0:00,0
1/8/1996 0:00,1.1
1/9/1996 0:00,0.6
1/10/1996 0:00,0.2
1/11/1996 0:00,0.2
1/12/1996 0:00,0
1/13/1996 0:00,0.6
1/14/1996 0:00,1.3
1/15/1996 0:00,0.2
1/16/1996 0:00,4.3
1/17/1996 0:00,11.1
1/18/1996 0:00,5.7
1/19/1996 0:00,25.6
1/20/1996 0:00,0.8
1/21/1996 0:00,0.3
1/22/1996 0:00,0
1/23/1996 0:00,0
1/24/1996 0:00,9.1
1/25/1996 0:00,0.2
1/26/1996 0:00,5.6
1/27/1996 0:00,28.8
1/28/1996 0:00,0.2
1/29/1996 0:00,12.2
1/30/1996 0:00,5.4
1/31/1996 0:00,0.4
2/1/1996 0:00,0.1
2/2/1996 0:00,0.5
2/3/1996 0:00,0.1
2/4/1996 0:00,0
2/5/1996 0:00,3.1
2/6/1996 0:00,0
2/7/1996 0:00,3.7
2/8/1996 0:00,3.2
2/9/1996 0:00,0.7
2/10/1996 0:00,0.5
2/11/1996 0:00,12.4
2/12/1996 0:00,0.1
2/13/1996 0:00,0
2/14/1996 0:00,0.2
2/15/1996 0:00,0
2/16/1996 0:00,0
2/17/1996 0:00,0.4
2/18/1996 0:00,0
2/19/1996 0:00,0
2/20/1996 0:00,0.5
2/21/1996 0:00,0.9
2/22/1996 0:00,0.2
2/23/1996 0:00,5.1
2/24/1996 0:00,36.2
2/25/1996 0:00,3.4
2/26/1996 0:00,0
2/27/1996 0:00,0.1
2/28/1996 0:00,1.8
2/29/1996 0:00,0.4
3/1/1996 0:00,0.3
3/2/1996 0:00,6.8
3/3/1996 0:00,5.6
3/4/1996 0:00,0.2
3/5/1996 0:00,1.1
3/6/1996 0:00,0.5
3/7/1996 0:00,0.2
3/8/1996 0:00,0.2
3/9/1996 0:00,0.3
3/10/1996 0:00,0
3/11/1996 0:00,0
3/12/1996 0:00,0
3/13/1996 0:00,0
3/14/1996 0:00,0
3/15/1996 0:00,0
3/16/1996 0:00,0
3/17/1996 0:00,0
3/18/1996 0:00,0
3/19/1996 0:00,0
3/20/1996 0:00,2.8
3/21/1996 0:00,0.2
3/22/1996 0:00,1.9
3/23/1996 0:00,0.7
3/24/1996 0:00,1.6
3/25/1996 0:00,12.7
3/26/1996 0:00,3.8
3/27/1996 0:00,2.3
3/28/1996 0:00,0
3/29/1996 0:00,0
3/30/1996 0:00,0
3/31/1996 0:00,0
4/1/1996 0:00,0.1
4/2/1996 0:00,0
4/3/1996 0:00,0
4/4/1996 0:00,0
4/5/1996 0:00,0
4/6/1996 0:00,0
4/7/1996 0:00,0
4/8/1996 0:00,6.1
4/9/1996 0:00,1.4
4/10/1996 0:00,1
4/11/1996 0:00,2.2
4/12/1996 0:00,3.9
4/13/1996 0:00,7.4
4/14/1996 0:00,2.8
4/15/1996 0:00,3.3
4/16/1996 0:00,8.9
4/17/1996 0:00,2.7
4/18/1996 0:00,0.5
4/19/1996 0:00,0.5
4/20/1996 0:00,15.9
4/21/1996 0:00,0.7
4/22/1996 0:00,1.2
4/23/1996 0:00,4.4
4/24/1996 0:00,2.1
4/25/1996 0:00,15.6
4/26/1996 0:00,6.2
4/27/1996 0:00,0.5
4/28/1996 0:00,0.2
4/29/1996 0:00,0
4/30/1996 0:00,16.4
5/1/1996 0:00,6
5/2/1996 0:00,0.3
5/3/1996 0:00,0
5/4/1996 0:00,0
5/5/1996 0:00,0
5/6/1996 0:00,0
5/7/1996 0:00,0
5/8/1996 0:00,0
5/9/1996 0:00,0
5/10/1996 0:00,11.4
5/11/1996 0:00,0.3
5/12/1996 0:00,0.7
5/13/1996 0:00,0.1
5/14/1996 0:00,0
5/15/1996 0:00,0
5/16/1996 0:00,0
5/17/1996 0:00,0
5/18/1996 0:00,10.7
5/19/1996 0:00,21
5/20/1996 0:00,1.4
5/21/1996 0:00,0.3
5/22/1996 0:00,0.2
5/23/1996 0:00,0
5/24/1996 0:00,0
5/25/1996 0:00,0.1
5/26/1996 0:00,0
5/27/1996 0:00,0
5/28/1996 0:00,0
5/29/1996 0:00,0
5/30/1996 0:00,0
5/31/1996 0:00,0
6/1/1996 0:00,0
6/2/1996 0:00,2.8
6/3/1996 0:00,0.5
6/4/1996 0:00,11.7
6/5/1996 0:00,13.5
6/6/1996 0:00,9
6/7/1996 0:00,1.2
6/8/1996 0:00,3.3
6/9/1996 0:00,1
6/10/1996 0:00,2.4
6/11/1996 0:00,2.2
6/12/1996 0:00,0.2
6/13/1996 0:00,0.3
6/14/1996 0:00,1.5
6/15/1996 0:00,0
6/16/1996 0:00,0
6/17/1996 0:00,0
6/18/1996 0:00,0
6/19/1996 0:00,7.6
6/20/1996 0:00,5.5
6/21/1996 0:00,0.2
6/22/1996 0:00,18.9
6/23/1996 0:00,0
6/24/1996 0:00,0.2
6/25/1996 0:00,1.4
6/26/1996 0:00,0
6/27/1996 0:00,0.1
6/28/1996 0:00,0
6/29/1996 0:00,10
6/30/1996 0:00,1.8
7/1/1996 0:00,0.2
7/2/1996 0:00,35
7/3/1996 0:00,7.5
7/4/1996 0:00,0
7/5/1996 0:00,0
7/6/1996 0:00,1.4
7/7/1996 0:00,0.6
7/8/1996 0:00,1.4
7/9/1996 0:00,0.7
7/10/1996 0:00,0.3
7/11/1996 0:00,0
7/12/1996 0:00,0
7/13/1996 0:00,13.5
7/14/1996 0:00,11.9
7/15/1996 0:00,23.5
7/16/1996 0:00,0
7/17/1996 0:00,0
7/18/1996 0:00,18
7/19/1996 0:00,29.9
7/20/1996 0:00,0
7/21/1996 0:00,0
7/22/1996 0:00,0
7/23/1996 0:00,1.6
7/24/1996 0:00,15.4
7/25/1996 0:00,0.9
7/26/1996 0:00,1.1
7/27/1996 0:00,0.2
7/28/1996 0:00,0.3
7/29/1996 0:00,0.5
7/30/1996 0:00,13.5
7/31/1996 0:00,1.9
8/1/1996 0:00,5.4
8/2/1996 0:00,0.1
8/3/1996 0:00,0.2
8/4/1996 0:00,0
8/5/1996 0:00,0.2
8/6/1996 0:00,0
8/7/1996 0:00,8.8
8/8/1996 0:00,0
8/9/1996 0:00,0.1
8/10/1996 0:00,0
8/11/1996 0:00,0
8/12/1996 0:00,0.3
8/13/1996 0:00,0
8/14/1996 0:00,0
8/15/1996 0:00,2.1
8/16/1996 0:00,0.5
8/17/1996 0:00,0.9
8/18/1996 0:00,0
8/19/1996 0:00,0.8
8/20/1996 0:00,18.7
8/21/1996 0:00,0
8/22/1996 0:00,7.2
8/23/1996 0:00,0.1
8/24/1996 0:00,0.1
8/25/1996 0:00,0.2
8/26/1996 0:00,0.5
8/27/1996 0:00,0
8/28/1996 0:00,0
8/29/1996 0:00,0
8/30/1996 0:00,0
8/31/1996 0:00,0
9/1/1996 0:00,0
9/2/1996 0:00,0
9/3/1996 0:00,0
9/4/1996 0:00,0
9/5/1996 0:00,0
9/6/1996 0:00,4
9/7/1996 0:00,2.1
9/8/1996 0:00,0.5
9/9/1996 0:00,0.9
9/10/1996 0:00,1
9/11/1996 0:00,12.4
9/12/1996 0:00,8.3
9/13/1996 0:00,43.3
9/14/1996 0:00,4.9
9/15/1996 0:00,1.9
9/16/1996 0:00,0.2
9/17/1996 0:00,0
9/18/1996 0:00,0
9/19/1996 0:00,0
9/20/1996 0:00,0
9/21/1996 0:00,0
9/22/1996 0:00,0
9/23/1996 0:00,0.1
9/24/1996 0:00,5.5
9/25/1996 0:00,1.2
9/26/1996 0:00,0
9/27/1996 0:00,15.7
9/28/1996 0:00,22.5
9/29/1996 0:00,12.6
9/30/1996 0:00,0.1
10/1/1996 0:00,0
10/2/1996 0:00,2.4
10/3/1996 0:00,0.2
10/4/1996 0:00,0.5
10/5/1996 0:00,0.1
10/6/1996 0:00,0
10/7/1996 0:00,2.8
10/8/1996 0:00,0.2
10/9/1996 0:00,2
10/10/1996 0:00,0.8
10/11/1996 0:00,0.1
10/12/1996 0:00,0
10/13/1996 0:00,0.1
10/14/1996 0:00,0.5
10/15/1996 0:00,0
10/16/1996 0:00,0
10/17/1996 0:00,0
10/18/1996 0:00,9.2
10/19/1996 0:00,8.2
10/20/1996 0:00,0.2
10/21/1996 0:00,0.4
10/22/1996 0:00,0
10/23/1996 0:00,5.2
10/24/1996 0:00,10.3
10/25/1996 0:00,2.8
10/26/1996 0:00,0.4
10/27/1996 0:00,1.9
10/28/1996 0:00,0
10/29/1996 0:00,0
10/30/1996 0:00,22.1
10/31/1996 0:00,2.7
11/1/1996 0:00,2.8
11/2/1996 0:00,4.2
11/3/1996 0:00,2.8
11/4/1996 0:00,0.4
11/5/1996 0:00,5.3
11/6/1996 0:00,0
11/7/1996 0:00,37.4
11/8/1996 0:00,5.2
11/9/1996 0:00,0.2
11/10/1996 0:00,1.7
11/11/1996 0:00,10
11/12/1996 0:00,0.2
11/13/1996 0:00,1.4
11/14/1996 0:00,0.7
11/15/1996 0:00,0.2
11/16/1996 0:00,0.1
11/17/1996 0:00,3.5
11/18/1996 0:00,1
11/19/1996 0:00,0.5
11/20/1996 0:00,0
11/21/1996 0:00,0.1
11/22/1996 0:00,0
11/23/1996 0:00,5.9
11/24/1996 0:00,0.3
11/25/1996 0:00,0
11/26/1996 0:00,0.1
11/27/1996 0:00,0
11/28/1996 0:00,0
11/29/1996 0:00,0
11/30/1996 0:00,0.8
12/1/1996 0:00,10.7
12/2/1996 0:00,3.4
12/3/1996 0:00,0.3
12/4/1996 0:00,1.3
12/5/1996 0:00,0.6
12/6/1996 0:00,0.5
12/7/1996 0:00,9.8
12/8/1996 0:00,0.2
12/9/1996 0:00,0
12/10/1996 0:00,0.7
12/11/1996 0:00,0.2
12/12/1996 0:00,3.8
12/13/1996 0:00,4.7
12/14/1996 0:00,0.1
12/15/1996 0:00,4.8
12/16/1996 0:00,0.6
12/17/1996 0:00,15.2
12/18/1996 0:00,2.6
12/19/1996 0:00,3.5
12/20/1996 0:00,0.1
12/21/1996 0:00,0.4
12/22/1996 0:00,1.4
12/23/1996 0:00,9
12/24/1996 0:00,11.7
12/25/1996 0:00,0
12/26/1996 0:00,0.7
12/27/1996 0:00,4.7
12/28/1996 0:00,3.8
12/29/1996 0:00,3.8
12/30/1996 0:00,0.6
12/31/1996 0:00,4.7
1/1/1997 0:00,0.5
1/2/1997 0:00,1.5
1/3/1997 0:00,0.8
1/4/1997 0:00,7.4
1/5/1997 0:00,25.3
1/6/1997 0:00,5.2
1/7/1997 0:00,0
1/8/1997 0:00,0
1/9/1997 0:00,14.8
1/10/1997 0:00,0.4
1/11/1997 0:00,0.4
1/12/1997 0:00,0.3
1/13/1997 0:00,4
1/14/1997 0:00,7.2
1/15/1997 0:00,7.2
1/16/1997 0:00,7.2
1/17/1997 0:00,3.8
1/18/1997 0:00,0
1/19/1997 0:00,0.7
1/20/1997 0:00,4
1/21/1997 0:00,0
1/22/1997 0:00,39.5
1/23/1997 0:00,2.3
1/24/1997 0:00,2.1
1/25/1997 0:00,10
1/26/1997 0:00,0.2
1/27/1997 0:00,7
1/28/1997 0:00,2
1/29/1997 0:00,0.4
1/30/1997 0:00,0.2
1/31/1997 0:00,4.7
2/1/1997 0:00,0.5
2/2/1997 0:00,1.2
2/3/1997 0:00,3
2/4/1997 0:00,4.8
2/5/1997 0:00,5.3
2/6/1997 0:00,0.7
2/7/1997 0:00,1
2/8/1997 0:00,0.3
2/9/1997 0:00,0.1
2/10/1997 0:00,0
2/11/1997 0:00,2.4
2/12/1997 0:00,4.9
2/13/1997 0:00,0.1
2/14/1997 0:00,0.6
2/15/1997 0:00,0.6
2/16/1997 0:00,2.2
2/17/1997 0:00,0.1
2/18/1997 0:00,0
2/19/1997 0:00,0.6
2/20/1997 0:00,3
2/21/1997 0:00,39.2
2/22/1997 0:00,12.2
2/23/1997 0:00,2.1
2/24/1997 0:00,4.2
2/25/1997 0:00,0
2/26/1997 0:00,1.8
2/27/1997 0:00,15.1
2/28/1997 0:00,0.2
3/1/1997 0:00,4.4
3/2/1997 0:00,2.9
3/3/1997 0:00,1.5
3/4/1997 0:00,0
3/5/1997 0:00,0
3/6/1997 0:00,2.5
3/7/1997 0:00,1
3/8/1997 0:00,1
3/9/1997 0:00,4.5
3/10/1997 0:00,3
3/11/1997 0:00,0
3/12/1997 0:00,0
3/13/1997 0:00,0
3/14/1997 0:00,12.2
3/15/1997 0:00,1.9
3/16/1997 0:00,0.5
3/17/1997 0:00,3.2
3/18/1997 0:00,0
3/19/1997 0:00,0
3/20/1997 0:00,0.3
3/21/1997 0:00,7
3/22/1997 0:00,0.3
3/23/1997 0:00,0.2
3/24/1997 0:00,0.3
3/25/1997 0:00,9.1
3/26/1997 0:00,0
3/27/1997 0:00,0
3/28/1997 0:00,0.6
3/29/1997 0:00,1.2
3/30/1997 0:00,1.6
3/31/1997 0:00,7.8
4/1/1997 0:00,0
4/2/1997 0:00,0
4/3/1997 0:00,0
4/4/1997 0:00,0
4/5/1997 0:00,3.8
4/6/1997 0:00,7.7
4/7/1997 0:00,2.1
4/8/1997 0:00,0.7
4/9/1997 0:00,0.1
4/10/1997 0:00,0.1
4/11/1997 0:00,0
4/12/1997 0:00,2.8
4/13/1997 0:00,1.3
4/14/1997 0:00,0.1
4/15/1997 0:00,0
4/16/1997 0:00,4
4/17/1997 0:00,0.2
4/18/1997 0:00,0
4/19/1997 0:00,12
4/20/1997 0:00,0.2
4/21/1997 0:00,0.2
4/22/1997 0:00,0
4/23/1997 0:00,0
4/24/1997 0:00,0
4/25/1997 0:00,0
4/26/1997 0:00,0
4/27/1997 0:00,0.3
4/28/1997 0:00,10
4/29/1997 0:00,0.1
4/30/1997 0:00,0
5/1/1997 0:00,14
5/2/1997 0:00,0.5
5/3/1997 0:00,23
5/4/1997 0:00,0
5/5/1997 0:00,17
5/6/1997 0:00,5
5/7/1997 0:00,0
5/8/1997 0:00,4
5/9/1997 0:00,2
5/10/1997 0:00,1
5/11/1997 0:00,0
5/12/1997 0:00,3
5/13/1997 0:00,0
5/14/1997 0:00,0
5/15/1997 0:00,7.9
5/16/1997 0:00,0.3
5/17/1997 0:00,0.3
5/18/1997 0:00,1
5/19/1997 0:00,1.1
5/20/1997 0:00,0.3
5/21/1997 0:00,0.2
5/22/1997 0:00,0
5/23/1997 0:00,0
5/24/1997 0:00,0.7
5/25/1997 0:00,0.6
5/26/1997 0:00,0
5/27/1997 0:00,0
5/28/1997 0:00,0
5/29/1997 0:00,0
5/30/1997 0:00,6.7
5/31/1997 0:00,0.3
6/1/1997 0:00,0
6/2/1997 0:00,0.1
6/3/1997 0:00,0
6/4/1997 0:00,0
6/5/1997 0:00,0
6/6/1997 0:00,0
6/7/1997 0:00,1
6/8/1997 0:00,1.5
6/9/1997 0:00,0
6/10/1997 0:00,0
6/11/1997 0:00,0.1
6/12/1997 0:00,0
6/13/1997 0:00,0
6/14/1997 0:00,0
6/15/1997 0:00,0
6/16/1997 0:00,12.1
6/17/1997 0:00,0.5
6/18/1997 0:00,0.2
6/19/1997 0:00,0
6/20/1997 0:00,1.9
6/21/1997 0:00,11.9
6/22/1997 0:00,0.5
6/23/1997 0:00,0.1
6/24/1997 0:00,11.4
6/25/1997 0:00,0.2
6/26/1997 0:00,0.1
6/27/1997 0:00,0.2
6/28/1997 0:00,0
6/29/1997 0:00,0.3
6/30/1997 0:00,0.5
7/1/1997 0:00,1.2
7/2/1997 0:00,0
7/3/1997 0:00,11.1
7/4/1997 0:00,0.7
7/5/1997 0:00,0.3
7/6/1997 0:00,9.7
7/7/1997 0:00,0.5
7/8/1997 0:00,10
7/9/1997 0:00,0.3
7/10/1997 0:00,0
7/11/1997 0:00,0.1
7/12/1997 0:00,0
7/13/1997 0:00,0
7/14/1997 0:00,0.1
7/15/1997 0:00,0
7/16/1997 0:00,0
7/17/1997 0:00,0
7/18/1997 0:00,0.2
7/19/1997 0:00,0.1
7/20/1997 0:00,0
7/21/1997 0:00,3.6
7/22/1997 0:00,0
7/23/1997 0:00,0
7/24/1997 0:00,0
7/25/1997 0:00,0
7/26/1997 0:00,0.2
7/27/1997 0:00,0.3
7/28/1997 0:00,0.3
7/29/1997 0:00,0
7/30/1997 0:00,0
7/31/1997 0:00,0
8/1/1997 0:00,0
8/2/1997 0:00,1
8/3/1997 0:00,0
8/4/1997 0:00,1
8/5/1997 0:00,1
8/6/1997 0:00,0
8/7/1997 0:00,0
8/8/1997 0:00,0
8/9/1997 0:00,0
8/10/1997 0:00,1.3
8/11/1997 0:00,2.5
8/12/1997 0:00,0.2
8/13/1997 0:00,11.4
8/14/1997 0:00,0.3
8/15/1997 0:00,7
8/16/1997 0:00,5.8
8/17/1997 0:00,0
8/18/1997 0:00,0.3
8/19/1997 0:00,0.1
8/20/1997 0:00,0
8/21/1997 0:00,22.5
8/22/1997 0:00,0.9
8/23/1997 0:00,0.5
8/24/1997 0:00,0.1
8/25/1997 0:00,6.4
8/26/1997 0:00,0
8/27/1997 0:00,0
8/28/1997 0:00,0.5
8/29/1997 0:00,0
8/30/1997 0:00,0.3
8/31/1997 0:00,2.7
9/1/1997 0:00,0
9/2/1997 0:00,2.5
9/3/1997 0:00,0
9/4/1997 0:00,0
9/5/1997 0:00,0
9/6/1997 0:00,0
9/7/1997 0:00,0
9/8/1997 0:00,1.4
9/9/1997 0:00,0
9/10/1997 0:00,2.6
9/11/1997 0:00,2.8
9/12/1997 0:00,0.4
9/13/1997 0:00,0.5
9/14/1997 0:00,0
9/15/1997 0:00,0.1
9/16/1997 0:00,0.1
9/17/1997 0:00,18.1
9/18/1997 0:00,0
9/19/1997 0:00,7
9/20/1997 0:00,0.7
9/21/1997 0:00,0.1
9/22/1997 0:00,2.1
9/23/1997 0:00,0
9/24/1997 0:00,0
9/25/1997 0:00,1.4
9/26/1997 0:00,0.1
9/27/1997 0:00,0
9/28/1997 0:00,0.2
9/29/1997 0:00,11.9
9/30/1997 0:00,5.1
10/1/1997 0:00,0
10/2/1997 0:00,0
10/3/1997 0:00,0
10/4/1997 0:00,19.4
10/5/1997 0:00,1.7
10/6/1997 0:00,2.4
10/7/1997 0:00,0
10/8/1997 0:00,0
10/9/1997 0:00,11.4
10/10/1997 0:00,0
10/11/1997 0:00,0
10/12/1997 0:00,0
10/13/1997 0:00,0
10/14/1997 0:00,2.6
10/15/1997 0:00,2.4
10/16/1997 0:00,0
10/17/1997 0:00,0
10/18/1997 0:00,0
10/19/1997 0:00,0
10/20/1997 0:00,0.9
10/21/1997 0:00,11.2
10/22/1997 0:00,10.3
10/23/1997 0:00,0
10/24/1997 0:00,0
10/25/1997 0:00,0
10/26/1997 0:00,8.1
10/27/1997 0:00,16.8
10/28/1997 0:00,2.9
10/29/1997 0:00,1
10/30/1997 0:00,0.2
10/31/1997 0:00,13.1
11/1/1997 0:00,7
11/2/1997 0:00,4.2
11/3/1997 0:00,2.8
11/4/1997 0:00,5.4
11/5/1997 0:00,0.2
11/6/1997 0:00,0.2
11/7/1997 0:00,0
11/8/1997 0:00,0.1
11/9/1997 0:00,0
11/10/1997 0:00,1.6
11/11/1997 0:00,0.2
11/12/1997 0:00,6.7
11/13/1997 0:00,1
11/14/1997 0:00,1.8
11/15/1997 0:00,1.3
11/16/1997 0:00,0.4
11/17/1997 0:00,1.8
11/18/1997 0:00,0
11/19/1997 0:00,0.9
11/20/1997 0:00,3.7
11/21/1997 0:00,1.6
11/22/1997 0:00,0.2
11/23/1997 0:00,4.1
11/24/1997 0:00,4
11/25/1997 0:00,0
11/26/1997 0:00,12.2
11/27/1997 0:00,3.4
11/28/1997 0:00,7.8
11/29/1997 0:00,0.5
11/30/1997 0:00,0.5
12/1/1997 0:00,2.3
12/2/1997 0:00,0
12/3/1997 0:00,0.8
12/4/1997 0:00,5.5
12/5/1997 0:00,0.6
12/6/1997 0:00,2.8
12/7/1997 0:00,1
12/8/1997 0:00,2.6
12/9/1997 0:00,0
12/10/1997 0:00,0
12/11/1997 0:00,0
12/12/1997 0:00,0.7
12/13/1997 0:00,3.1
12/14/1997 0:00,1.7
12/15/1997 0:00,0
12/16/1997 0:00,1.1
12/17/1997 0:00,0
12/18/1997 0:00,0
12/19/1997 0:00,0
12/20/1997 0:00,0
12/21/1997 0:00,0
12/22/1997 0:00,0
12/23/1997 0:00,0.7
12/24/1997 0:00,0.2
12/25/1997 0:00,2.6
12/26/1997 0:00,2.5
12/27/1997 0:00,0.8
12/28/1997 0:00,0.2
12/29/1997 0:00,0
12/30/1997 0:00,0.2
12/31/1997 0:00,0
1/1/1998 0:00,2.9
1/2/1998 0:00,0.1
1/3/1998 0:00,3
1/4/1998 0:00,2.3
1/5/1998 0:00,26.8
1/6/1998 0:00,7.7
1/7/1998 0:00,0.3
1/8/1998 0:00,2.3
1/9/1998 0:00,11.7
1/10/1998 0:00,12.3
1/11/1998 0:00,1.8
1/12/1998 0:00,2.6
1/13/1998 0:00,6.5
1/14/1998 0:00,6.5
1/15/1998 0:00,0.3
1/16/1998 0:00,0
1/17/1998 0:00,0
1/18/1998 0:00,0.2
1/19/1998 0:00,7
1/20/1998 0:00,0.1
1/21/1998 0:00,1.9
1/22/1998 0:00,0
1/23/1998 0:00,5.9
1/24/1998 0:00,1.1
1/25/1998 0:00,1.4
1/26/1998 0:00,0.1
1/27/1998 0:00,0
1/28/1998 0:00,0
1/29/1998 0:00,5.6
1/30/1998 0:00,1.8
1/31/1998 0:00,0
2/1/1998 0:00,0.2
2/2/1998 0:00,3.4
2/3/1998 0:00,0.1
2/4/1998 0:00,0
2/5/1998 0:00,0
2/6/1998 0:00,0
2/7/1998 0:00,0
2/8/1998 0:00,0
2/9/1998 0:00,0
2/10/1998 0:00,0
2/11/1998 0:00,2.1
2/12/1998 0:00,7.7
2/13/1998 0:00,0
2/14/1998 0:00,0
2/15/1998 0:00,0
2/16/1998 0:00,1.4
2/17/1998 0:00,0.3
2/18/1998 0:00,3.4
2/19/1998 0:00,0.6
2/20/1998 0:00,0.3
2/21/1998 0:00,0.3
2/22/1998 0:00,0.1
2/23/1998 0:00,0.1
2/24/1998 0:00,0
2/25/1998 0:00,1.3
2/26/1998 0:00,0
2/27/1998 0:00,0
2/28/1998 0:00,0
3/1/1998 0:00,11.2
3/2/1998 0:00,6.5
3/3/1998 0:00,3.2
3/4/1998 0:00,4.8
3/5/1998 0:00,0.1
3/6/1998 0:00,1.2
3/7/1998 0:00,1.4
3/8/1998 0:00,7.9
3/9/1998 0:00,23.4
3/10/1998 0:00,0.5
3/11/1998 0:00,0
3/12/1998 0:00,0
3/13/1998 0:00,0.2
3/14/1998 0:00,4.8
3/15/1998 0:00,0.4
3/16/1998 0:00,1.2
3/17/1998 0:00,0
3/18/1998 0:00,0
3/19/1998 0:00,8.9
3/20/1998 0:00,0.2
3/21/1998 0:00,0.7
3/22/1998 0:00,6.6
3/23/1998 0:00,4.7
3/24/1998 0:00,0
3/25/1998 0:00,0
3/26/1998 0:00,12.1
3/27/1998 0:00,0.1
3/28/1998 0:00,4.7
3/29/1998 0:00,0.4
3/30/1998 0:00,13
3/31/1998 0:00,23.4
4/1/1998 0:00,7.9
4/2/1998 0:00,7
4/3/1998 0:00,0.6
4/4/1998 0:00,1.1
4/5/1998 0:00,0
4/6/1998 0:00,1.5
4/7/1998 0:00,0
4/8/1998 0:00,0
4/9/1998 0:00,0
4/10/1998 0:00,0
4/11/1998 0:00,0
4/12/1998 0:00,0
4/13/1998 0:00,0
4/14/1998 0:00,0
4/15/1998 0:00,0
4/16/1998 0:00,12.5
4/17/1998 0:00,4.2
4/18/1998 0:00,0.2
4/19/1998 0:00,0
4/20/1998 0:00,0.7
4/21/1998 0:00,0
4/22/1998 0:00,0
4/23/1998 0:00,0.3
4/24/1998 0:00,0.2
4/25/1998 0:00,0
4/26/1998 0:00,0.1
4/27/1998 0:00,1
4/28/1998 0:00,0
4/29/1998 0:00,0
4/30/1998 0:00,0
5/1/1998 0:00,0
5/2/1998 0:00,0.6
5/3/1998 0:00,0.1
5/4/1998 0:00,2.3
5/5/1998 0:00,0
5/6/1998 0:00,0.4
5/7/1998 0:00,2.3
5/8/1998 0:00,0.3
5/9/1998 0:00,0
5/10/1998 0:00,1
5/11/1998 0:00,4.9
5/12/1998 0:00,0.1
5/13/1998 0:00,0
5/14/1998 0:00,0
5/15/1998 0:00,0.7
5/16/1998 0:00,0.6
5/17/1998 0:00,0.8
5/18/1998 0:00,0
5/19/1998 0:00,0.7
5/20/1998 0:00,0
5/21/1998 0:00,0
5/22/1998 0:00,0
5/23/1998 0:00,0
5/24/1998 0:00,0
5/25/1998 0:00,0
5/26/1998 0:00,0
5/27/1998 0:00,0
5/28/1998 0:00,0
5/29/1998 0:00,0
5/30/1998 0:00,0
5/31/1998 0:00,5.5
6/1/1998 0:00,0.9
6/2/1998 0:00,3.7
6/3/1998 0:00,0.1
6/4/1998 0:00,2
6/5/1998 0:00,0.3
6/6/1998 0:00,0
6/7/1998 0:00,0
6/8/1998 0:00,0
6/9/1998 0:00,0.1
6/10/1998 0:00,0
6/11/1998 0:00,0.1
6/12/1998 0:00,5
6/13/1998 0:00,0
6/14/1998 0:00,4.5
6/15/1998 0:00,4.1
6/16/1998 0:00,2.1
6/17/1998 0:00,7.7
6/18/1998 0:00,0
6/19/1998 0:00,0.1
6/20/1998 0:00,0
6/21/1998 0:00,0
6/22/1998 0:00,0.4
6/23/1998 0:00,0
6/24/1998 0:00,0
6/25/1998 0:00,14
6/26/1998 0:00,13.5
6/27/1998 0:00,0.2
6/28/1998 0:00,0
6/29/1998 0:00,0.3
6/30/1998 0:00,13.5
7/1/1998 0:00,1.5
7/2/1998 0:00,0
7/3/1998 0:00,0.5
7/4/1998 0:00,5.9
7/5/1998 0:00,0.1
7/6/1998 0:00,0.1
7/7/1998 0:00,0
7/8/1998 0:00,0
7/9/1998 0:00,3.7
7/10/1998 0:00,0.1
7/11/1998 0:00,0.2
7/12/1998 0:00,0.1
7/13/1998 0:00,0
7/14/1998 0:00,0
7/15/1998 0:00,0
7/16/1998 0:00,8.2
7/17/1998 0:00,1.9
7/18/1998 0:00,0.2
7/19/1998 0:00,0.5
7/20/1998 0:00,0.1
7/21/1998 0:00,11.9
7/22/1998 0:00,0.4
7/23/1998 0:00,0.3
7/24/1998 0:00,0.4
7/25/1998 0:00,0
7/26/1998 0:00,0
7/27/1998 0:00,7.7
7/28/1998 0:00,11.9
7/29/1998 0:00,0.5
7/30/1998 0:00,3.6
7/31/1998 0:00,0.2
8/1/1998 0:00,0
8/2/1998 0:00,0.2
8/3/1998 0:00,0
8/4/1998 0:00,0
8/5/1998 0:00,0
8/6/1998 0:00,3
8/7/1998 0:00,0.3
8/8/1998 0:00,0.8
8/9/1998 0:00,4.3
8/10/1998 0:00,0.2
8/11/1998 0:00,0
8/12/1998 0:00,0
8/13/1998 0:00,0
8/14/1998 0:00,0
8/15/1998 0:00,0
8/16/1998 0:00,0
8/17/1998 0:00,0.5
8/18/1998 0:00,0.5
8/19/1998 0:00,0
8/20/1998 0:00,0.9
8/21/1998 0:00,0.2
8/22/1998 0:00,0
8/23/1998 0:00,31.7
8/24/1998 0:00,6.8
8/25/1998 0:00,0.9
8/26/1998 0:00,0
8/27/1998 0:00,0
8/28/1998 0:00,0.4
8/29/1998 0:00,0.2
8/30/1998 0:00,0.1
8/31/1998 0:00,0
9/1/1998 0:00,0
9/2/1998 0:00,0.3
9/3/1998 0:00,0.1
9/4/1998 0:00,0.2
9/5/1998 0:00,0
9/6/1998 0:00,0.1
9/7/1998 0:00,0.4
9/8/1998 0:00,7.8
9/9/1998 0:00,0
9/10/1998 0:00,0
9/11/1998 0:00,0
9/12/1998 0:00,0
9/13/1998 0:00,0
9/14/1998 0:00,2.9
9/15/1998 0:00,8.5
9/16/1998 0:00,0.4
9/17/1998 0:00,0.1
9/18/1998 0:00,0.1
9/19/1998 0:00,0
9/20/1998 0:00,0.5
9/21/1998 0:00,0.4
9/22/1998 0:00,1.3
9/23/1998 0:00,0.1
9/24/1998 0:00,0
9/25/1998 0:00,0.2
9/26/1998 0:00,46.1
9/27/1998 0:00,0.8
9/28/1998 0:00,0.3
9/29/1998 0:00,0.4
9/30/1998 0:00,0.7
10/1/1998 0:00,0.9
10/2/1998 0:00,0.2
10/3/1998 0:00,0
10/4/1998 0:00,0
10/5/1998 0:00,0
10/6/1998 0:00,0.1
10/7/1998 0:00,8.4
10/8/1998 0:00,0.4
10/9/1998 0:00,0.3
10/10/1998 0:00,0
10/11/1998 0:00,0.1
10/12/1998 0:00,0
10/13/1998 0:00,1.4
10/14/1998 0:00,8.2
10/15/1998 0:00,0.2
10/16/1998 0:00,0
10/17/1998 0:00,0.9
10/18/1998 0:00,5.9
10/19/1998 0:00,0.5
10/20/1998 0:00,2.8
10/21/1998 0:00,0
10/22/1998 0:00,0
10/23/1998 0:00,0
10/24/1998 0:00,0
10/25/1998 0:00,0
10/26/1998 0:00,0
10/27/1998 0:00,0.3
10/28/1998 0:00,14.4
10/29/1998 0:00,0
10/30/1998 0:00,0.2
10/31/1998 0:00,0
11/1/1998 0:00,0
11/2/1998 0:00,0
11/3/1998 0:00,0
11/4/1998 0:00,0
11/5/1998 0:00,0
11/6/1998 0:00,0.2
11/7/1998 0:00,0.4
11/8/1998 0:00,0
11/9/1998 0:00,0
11/10/1998 0:00,17.5
11/11/1998 0:00,7.8
11/12/1998 0:00,0.6
11/13/1998 0:00,0
11/14/1998 0:00,10.7
11/15/1998 0:00,1.6
11/16/1998 0:00,3.6
11/17/1998 0:00,0.4
11/18/1998 0:00,0
11/19/1998 0:00,2.3
11/20/1998 0:00,5.5
11/21/1998 0:00,0.8
11/22/1998 0:00,0.6
11/23/1998 0:00,0
11/24/1998 0:00,1.8
11/25/1998 0:00,0.8
11/26/1998 0:00,8.9
11/27/1998 0:00,0.4
11/28/1998 0:00,0.1
11/29/1998 0:00,1
11/30/1998 0:00,20.4
12/1/1998 0:00,5.9
12/2/1998 0:00,0.1
12/3/1998 0:00,1.1
12/4/1998 0:00,0.5
12/5/1998 0:00,3.2
12/6/1998 0:00,4.1
12/7/1998 0:00,7
12/8/1998 0:00,0
12/9/1998 0:00,0
12/10/1998 0:00,0
12/11/1998 0:00,0
12/12/1998 0:00,0
12/13/1998 0:00,0
12/14/1998 0:00,0.1
12/15/1998 0:00,0
12/16/1998 0:00,0
12/17/1998 0:00,0
12/18/1998 0:00,4.2
12/19/1998 0:00,0.6
12/20/1998 0:00,0.2
12/21/1998 0:00,8.9
12/22/1998 0:00,1.3
12/23/1998 0:00,2.1
12/24/1998 0:00,2.1
12/25/1998 0:00,2.1
12/26/1998 0:00,2.1
12/27/1998 0:00,2.1
12/28/1998 0:00,2.1
12/29/1998 0:00,2.1
12/30/1998 0:00,2.1
12/31/1998 0:00,2.1
1/1/1999 0:00,2.1
1/2/1999 0:00,2.1
1/3/1999 0:00,2.1
1/4/1999 0:00,2.1
1/5/1999 0:00,2.1
1/6/1999 0:00,4.9
1/7/1999 0:00,0.1
1/8/1999 0:00,0.5
1/9/1999 0:00,1.3
1/10/1999 0:00,2.1
1/11/1999 0:00,0.9
1/12/1999 0:00,1.6
1/13/1999 0:00,0.4
1/14/1999 0:00,1
1/15/1999 0:00,5.8
1/16/1999 0:00,2.4
1/17/1999 0:00,4.3
1/18/1999 0:00,1.5
1/19/1999 0:00,5.1
1/20/1999 0:00,0.7
1/21/1999 0:00,0
1/22/1999 0:00,6.2
1/23/1999 0:00,29.7
1/24/1999 0:00,0.9
1/25/1999 0:00,2.3
1/26/1999 0:00,0
1/27/1999 0:00,5
1/28/1999 0:00,4.8
1/29/1999 0:00,0.2
1/30/1999 0:00,0.2
1/31/1999 0:00,0.2
2/1/1999 0:00,0.4
2/2/1999 0:00,5.4
2/3/1999 0:00,0.3
2/4/1999 0:00,1.1
2/5/1999 0:00,0.2
2/6/1999 0:00,2.1
2/7/1999 0:00,0
2/8/1999 0:00,0
2/9/1999 0:00,0.4
2/10/1999 0:00,0
2/11/1999 0:00,0.3
2/12/1999 0:00,17.3
2/13/1999 0:00,0.8
2/14/1999 0:00,0.3
2/15/1999 0:00,0
2/16/1999 0:00,2.3
2/17/1999 0:00,6.1
2/18/1999 0:00,1.3
2/19/1999 0:00,0.1
2/20/1999 0:00,0.3
2/21/1999 0:00,0.2
2/22/1999 0:00,2.5
2/23/1999 0:00,0
2/24/1999 0:00,0
2/25/1999 0:00,0
2/26/1999 0:00,0
2/27/1999 0:00,0
2/28/1999 0:00,0.2
3/1/1999 0:00,0.1
3/2/1999 0:00,0
3/3/1999 0:00,6.6
3/4/1999 0:00,1.5
3/5/1999 0:00,0
3/6/1999 0:00,0.2
3/7/1999 0:00,0
3/8/1999 0:00,0
3/9/1999 0:00,0
3/10/1999 0:00,0
3/11/1999 0:00,0
3/12/1999 0:00,0
3/13/1999 0:00,0
3/14/1999 0:00,0
3/15/1999 0:00,0.5
3/16/1999 0:00,0
3/17/1999 0:00,0
3/18/1999 0:00,0.9
3/19/1999 0:00,0
3/20/1999 0:00,0.1
3/21/1999 0:00,3.1
3/22/1999 0:00,12.5
3/23/1999 0:00,0.4
3/24/1999 0:00,0
3/25/1999 0:00,0
3/26/1999 0:00,0
3/27/1999 0:00,0
3/28/1999 0:00,0.1
3/29/1999 0:00,0
3/30/1999 0:00,0.1
3/31/1999 0:00,0
4/1/1999 0:00,0
4/2/1999 0:00,0.5
4/3/1999 0:00,0
4/4/1999 0:00,0.3
4/5/1999 0:00,0.1
4/6/1999 0:00,5.7
4/7/1999 0:00,0.4
4/8/1999 0:00,2.3
4/9/1999 0:00,0
4/10/1999 0:00,0.2
4/11/1999 0:00,0.2
4/12/1999 0:00,0
4/13/1999 0:00,0
4/14/1999 0:00,0.1
4/15/1999 0:00,0
4/16/1999 0:00,0.1
4/17/1999 0:00,0.5
4/18/1999 0:00,1
4/19/1999 0:00,3.6
4/20/1999 0:00,0.4
4/21/1999 0:00,0.3
4/22/1999 0:00,0.3
4/23/1999 0:00,0.1
4/24/1999 0:00,0
4/25/1999 0:00,0
4/26/1999 0:00,0
4/27/1999 0:00,0
4/28/1999 0:00,0
4/29/1999 0:00,0
4/30/1999 0:00,0
5/1/1999 0:00,0
5/2/1999 0:00,0.1
5/3/1999 0:00,0
5/4/1999 0:00,0
5/5/1999 0:00,0
5/6/1999 0:00,1
5/7/1999 0:00,1
5/8/1999 0:00,6.3
5/9/1999 0:00,1
5/10/1999 0:00,0
5/11/1999 0:00,0
5/12/1999 0:00,0
5/13/1999 0:00,0
5/14/1999 0:00,0
5/15/1999 0:00,0
5/16/1999 0:00,0
5/17/1999 0:00,0
5/18/1999 0:00,16.4
5/19/1999 0:00,7.5
5/20/1999 0:00,0
5/21/1999 0:00,0
5/22/1999 0:00,0
5/23/1999 0:00,0
5/24/1999 0:00,17
5/25/1999 0:00,15
5/26/1999 0:00,0.8
5/27/1999 0:00,0.3
5/28/1999 0:00,0
5/29/1999 0:00,0
5/30/1999 0:00,0
5/31/1999 0:00,0
6/1/1999 0:00,5.8
6/2/1999 0:00,14.8
6/3/1999 0:00,2.2
6/4/1999 0:00,0
6/5/1999 0:00,0.3
6/6/1999 0:00,2.7
6/7/1999 0:00,0
6/8/1999 0:00,0
6/9/1999 0:00,0
6/10/1999 0:00,0
6/11/1999 0:00,0
6/12/1999 0:00,0.6
6/13/1999 0:00,0
6/14/1999 0:00,15.5
6/15/1999 0:00,2
6/16/1999 0:00,0
6/17/1999 0:00,0
6/18/1999 0:00,0
6/19/1999 0:00,0.2
6/20/1999 0:00,0
6/21/1999 0:00,0.5
6/22/1999 0:00,0
6/23/1999 0:00,0
6/24/1999 0:00,6.2
6/25/1999 0:00,3.3
6/26/1999 0:00,0.3
6/27/1999 0:00,5.5
6/28/1999 0:00,4.1
6/29/1999 0:00,16.5
6/30/1999 0:00,0
7/1/1999 0:00,33
7/2/1999 0:00,0.5
7/3/1999 0:00,26.8
7/4/1999 0:00,0.2
7/5/1999 0:00,1
7/6/1999 0:00,1.9
7/7/1999 0:00,5.8
7/8/1999 0:00,0.3
7/9/1999 0:00,19.9
7/10/1999 0:00,2.8
7/11/1999 0:00,0.1
7/12/1999 0:00,0
7/13/1999 0:00,0
7/14/1999 0:00,0
7/15/1999 0:00,0
7/16/1999 0:00,0
7/17/1999 0:00,0.1
7/18/1999 0:00,0
7/19/1999 0:00,0.8
7/20/1999 0:00,0.1
7/21/1999 0:00,0
7/22/1999 0:00,0
7/23/1999 0:00,5.6
7/24/1999 0:00,2.3
7/25/1999 0:00,0.6
7/26/1999 0:00,0.1
7/27/1999 0:00,0
7/28/1999 0:00,0
7/29/1999 0:00,0
7/30/1999 0:00,0
7/31/1999 0:00,10.2
8/1/1999 0:00,0.6
8/2/1999 0:00,0.5
8/3/1999 0:00,3.2
8/4/1999 0:00,0
8/5/1999 0:00,0.2
8/6/1999 0:00,13.2
8/7/1999 0:00,10.4
8/8/1999 0:00,3.9
8/9/1999 0:00,0.7
8/10/1999 0:00,0.1
8/11/1999 0:00,0
8/12/1999 0:00,0
8/13/1999 0:00,26.3
8/14/1999 0:00,1.1
8/15/1999 0:00,0
8/16/1999 0:00,0
8/17/1999 0:00,0.7
8/18/1999 0:00,0.1
8/19/1999 0:00,0
8/20/1999 0:00,1.3
8/21/1999 0:00,1.7
8/22/1999 0:00,0.2
8/23/1999 0:00,0.3
8/24/1999 0:00,0
8/25/1999 0:00,0
8/26/1999 0:00,0
8/27/1999 0:00,0
8/28/1999 0:00,0
8/29/1999 0:00,0
8/30/1999 0:00,0
8/31/1999 0:00,0
9/1/1999 0:00,0
9/2/1999 0:00,0
9/3/1999 0:00,0
9/4/1999 0:00,0
9/5/1999 0:00,0
9/6/1999 0:00,17.8
9/7/1999 0:00,9.8
9/8/1999 0:00,0.3
9/9/1999 0:00,1.7
9/10/1999 0:00,0.3
9/11/1999 0:00,3.5
9/12/1999 0:00,0.2
9/13/1999 0:00,10.6
9/14/1999 0:00,2.1
9/15/1999 0:00,1.5
9/16/1999 0:00,0.1
9/17/1999 0:00,0.1
9/18/1999 0:00,0
9/19/1999 0:00,0.1
9/20/1999 0:00,6.9
9/21/1999 0:00,0
9/22/1999 0:00,0
9/23/1999 0:00,10.3
9/24/1999 0:00,20.4
9/25/1999 0:00,0.1
9/26/1999 0:00,0.4
9/27/1999 0:00,0
9/28/1999 0:00,0.2
9/29/1999 0:00,34.9
9/30/1999 0:00,10.7
10/1/1999 0:00,5.6
10/2/1999 0:00,5.5
10/3/1999 0:00,0.5
10/4/1999 0:00,2.2
10/5/1999 0:00,8
10/6/1999 0:00,0.8
10/7/1999 0:00,0
10/8/1999 0:00,8.5
10/9/1999 0:00,0.1
10/10/1999 0:00,0.7
10/11/1999 0:00,0
10/12/1999 0:00,13
10/13/1999 0:00,32.9
10/14/1999 0:00,0.8
10/15/1999 0:00,0
10/16/1999 0:00,3.9
10/17/1999 0:00,0.3
10/18/1999 0:00,1.2
10/19/1999 0:00,0
10/20/1999 0:00,2.5
10/21/1999 0:00,0
10/22/1999 0:00,32
10/23/1999 0:00,2.2
10/24/1999 0:00,0.3
10/25/1999 0:00,0.3
10/26/1999 0:00,0
10/27/1999 0:00,0
10/28/1999 0:00,0
10/29/1999 0:00,0
10/30/1999 0:00,0
10/31/1999 0:00,4.6
11/1/1999 0:00,0
11/2/1999 0:00,35.8
11/3/1999 0:00,15
11/4/1999 0:00,1.9
11/5/1999 0:00,0.5
11/6/1999 0:00,0.1
11/7/1999 0:00,0
11/8/1999 0:00,0
11/9/1999 0:00,0
11/10/1999 0:00,0
11/11/1999 0:00,0
11/12/1999 0:00,0.1
11/13/1999 0:00,0.2
11/14/1999 0:00,1.1
11/15/1999 0:00,0
11/16/1999 0:00,1.2
11/17/1999 0:00,0
11/18/1999 0:00,0
11/19/1999 0:00,2
11/20/1999 0:00,3
11/21/1999 0:00,1.8
11/22/1999 0:00,3.8
11/23/1999 0:00,0
11/24/1999 0:00,10.7
11/25/1999 0:00,0.3
11/26/1999 0:00,11.5
11/27/1999 0:00,6.2
11/28/1999 0:00,0.1
11/29/1999 0:00,0.3
11/30/1999 0:00,0.1
12/1/1999 0:00,0
12/2/1999 0:00,0.1
12/3/1999 0:00,2.9
12/4/1999 0:00,4.5
12/5/1999 0:00,23.9
12/6/1999 0:00,3.3
12/7/1999 0:00,0
12/8/1999 0:00,0
12/9/1999 0:00,0.2
12/10/1999 0:00,5.7
12/11/1999 0:00,0
12/12/1999 0:00,0
12/13/1999 0:00,0.3
12/14/1999 0:00,0
12/15/1999 0:00,4
12/16/1999 0:00,9.9
12/17/1999 0:00,0.3
12/18/1999 0:00,0.2
12/19/1999 0:00,0
12/20/1999 0:00,9.1
12/21/1999 0:00,0.6
12/22/1999 0:00,1.3
12/23/1999 0:00,0.3
12/24/1999 0:00,1.1
12/25/1999 0:00,1.2
12/26/1999 0:00,13.1
12/27/1999 0:00,0
12/28/1999 0:00,5.4
12/29/1999 0:00,11.3
12/30/1999 0:00,2.3
12/31/1999 0:00,0.3
1/1/2000 0:00,1.5
1/2/2000 0:00,7.1
1/3/2000 0:00,1.9
1/4/2000 0:00,3.6
1/5/2000 0:00,0.1
1/6/2000 0:00,0
1/7/2000 0:00,7.3
1/8/2000 0:00,0.1
1/9/2000 0:00,0.1
1/10/2000 0:00,11.5
1/11/2000 0:00,10.4
1/12/2000 0:00,0.1
1/13/2000 0:00,0
1/14/2000 0:00,0
1/15/2000 0:00,1.3
1/16/2000 0:00,4
1/17/2000 0:00,0
1/18/2000 0:00,0
1/19/2000 0:00,0
1/20/2000 0:00,0
1/21/2000 0:00,0
1/22/2000 0:00,0
1/23/2000 0:00,0.4
1/24/2000 0:00,0.3
1/25/2000 0:00,0.1
1/26/2000 0:00,0.1
1/27/2000 0:00,0
1/28/2000 0:00,0
1/29/2000 0:00,0
1/30/2000 0:00,0
1/31/2000 0:00,3.8
2/1/2000 0:00,1.5
2/2/2000 0:00,0.5
2/3/2000 0:00,4
2/4/2000 0:00,0.5
2/5/2000 0:00,4.5
2/6/2000 0:00,0
2/7/2000 0:00,1
2/8/2000 0:00,0
2/9/2000 0:00,6.5
2/10/2000 0:00,4
2/11/2000 0:00,2
2/12/2000 0:00,0.5
2/13/2000 0:00,3.5
2/14/2000 0:00,0.3
2/15/2000 0:00,13
2/16/2000 0:00,5
2/17/2000 0:00,0
2/18/2000 0:00,0
2/19/2000 0:00,0.5
2/20/2000 0:00,2
2/21/2000 0:00,0.7
2/22/2000 0:00,0
2/23/2000 0:00,0
2/24/2000 0:00,6.1
2/25/2000 0:00,6.5
2/26/2000 0:00,0.2
2/27/2000 0:00,4.6
2/28/2000 0:00,0.8
2/29/2000 0:00,0.3
3/1/2000 0:00,5.5
3/2/2000 0:00,3
3/3/2000 0:00,0
3/4/2000 0:00,0
3/5/2000 0:00,0
3/6/2000 0:00,0
3/7/2000 0:00,0
3/8/2000 0:00,1
3/9/2000 0:00,5
3/10/2000 0:00,0
3/11/2000 0:00,0
3/12/2000 0:00,0
3/13/2000 0:00,1
3/14/2000 0:00,3
3/15/2000 0:00,0
3/16/2000 0:00,0
3/17/2000 0:00,0
3/18/2000 0:00,0
3/19/2000 0:00,1.3
3/20/2000 0:00,2.8
3/21/2000 0:00,0
3/22/2000 0:00,0
3/23/2000 0:00,0
3/24/2000 0:00,0
3/25/2000 0:00,0
3/26/2000 0:00,0.1
3/27/2000 0:00,4
3/28/2000 0:00,11.8
3/29/2000 0:00,12.7
3/30/2000 0:00,0.2
3/31/2000 0:00,0.1
4/1/2000 0:00,0.1
4/2/2000 0:00,3.4
4/3/2000 0:00,0.2
4/4/2000 0:00,7.3
4/5/2000 0:00,0.5
4/6/2000 0:00,5.8
4/7/2000 0:00,5
4/8/2000 0:00,7.9
4/9/2000 0:00,0
4/10/2000 0:00,0.2
4/11/2000 0:00,0
4/12/2000 0:00,0
4/13/2000 0:00,0
4/14/2000 0:00,0
4/15/2000 0:00,0
4/16/2000 0:00,0.2
4/17/2000 0:00,0
4/18/2000 0:00,0
4/19/2000 0:00,0
4/20/2000 0:00,5.8
4/21/2000 0:00,18
4/22/2000 0:00,0
4/23/2000 0:00,0
4/24/2000 0:00,0
4/25/2000 0:00,0
4/26/2000 0:00,0
4/27/2000 0:00,0
4/28/2000 0:00,0
4/29/2000 0:00,0
4/30/2000 0:00,0
5/1/2000 0:00,4.5
5/2/2000 0:00,0.5
5/3/2000 0:00,0
5/4/2000 0:00,7.5
5/5/2000 0:00,2.5
5/6/2000 0:00,0
5/7/2000 0:00,0.5
5/8/2000 0:00,38.1
5/9/2000 0:00,7.2
5/10/2000 0:00,14.1
5/11/2000 0:00,0.3
5/12/2000 0:00,2.7
5/13/2000 0:00,3.8
5/14/2000 0:00,0.7
5/15/2000 0:00,0.1
5/16/2000 0:00,0
5/17/2000 0:00,0
5/18/2000 0:00,8.8
5/19/2000 0:00,0.2
5/20/2000 0:00,0
5/21/2000 0:00,0.1
5/22/2000 0:00,0
5/23/2000 0:00,9.5
5/24/2000 0:00,0.2
5/25/2000 0:00,0.2
5/26/2000 0:00,0
5/27/2000 0:00,0
5/28/2000 0:00,0.1
5/29/2000 0:00,0
5/30/2000 0:00,0
5/31/2000 0:00,0
6/1/2000 0:00,0
6/2/2000 0:00,0
6/3/2000 0:00,0
6/4/2000 0:00,0
6/5/2000 0:00,0.5
6/6/2000 0:00,0
6/7/2000 0:00,0
6/8/2000 0:00,0
6/9/2000 0:00,8.7
6/10/2000 0:00,22.4
6/11/2000 0:00,11.6
6/12/2000 0:00,0
6/13/2000 0:00,0.1
6/14/2000 0:00,1
6/15/2000 0:00,0.1
6/16/2000 0:00,3.9
6/17/2000 0:00,0.4
6/18/2000 0:00,0.2
6/19/2000 0:00,0.1
6/20/2000 0:00,1.9
6/21/2000 0:00,4.2
6/22/2000 0:00,3.8
6/23/2000 0:00,0.2
6/24/2000 0:00,0.9
6/25/2000 0:00,38.7
6/26/2000 0:00,5.3
6/27/2000 0:00,0.3
6/28/2000 0:00,0
6/29/2000 0:00,19.9
6/30/2000 0:00,0
7/1/2000 0:00,0
7/2/2000 0:00,2.8
7/3/2000 0:00,0.5
7/4/2000 0:00,0
7/5/2000 0:00,0.5
7/6/2000 0:00,0
7/7/2000 0:00,0
7/8/2000 0:00,0
7/9/2000 0:00,24.3
7/10/2000 0:00,0.4
7/11/2000 0:00,0
7/12/2000 0:00,0.1
7/13/2000 0:00,0
7/14/2000 0:00,6.4
7/15/2000 0:00,4.2
7/16/2000 0:00,1.5
7/17/2000 0:00,2
7/18/2000 0:00,0.3
7/19/2000 0:00,0
7/20/2000 0:00,0
7/21/2000 0:00,0
7/22/2000 0:00,0
7/23/2000 0:00,0
7/24/2000 0:00,0
7/25/2000 0:00,0.4
7/26/2000 0:00,0
7/27/2000 0:00,0
7/28/2000 0:00,0
7/29/2000 0:00,0
7/30/2000 0:00,0
7/31/2000 0:00,46.6
8/1/2000 0:00,17.5
8/2/2000 0:00,11
8/3/2000 0:00,0.2
8/4/2000 0:00,0
8/5/2000 0:00,0.2
8/6/2000 0:00,0
8/7/2000 0:00,0.4
8/8/2000 0:00,35.7
8/9/2000 0:00,5.6
8/10/2000 0:00,0.5
8/11/2000 0:00,0.2
8/12/2000 0:00,0
8/13/2000 0:00,0.1
8/14/2000 0:00,3.2
8/15/2000 0:00,0.1
8/16/2000 0:00,0.4
8/17/2000 0:00,0.1
8/18/2000 0:00,2.9
8/19/2000 0:00,0
8/20/2000 0:00,0
8/21/2000 0:00,0
8/22/2000 0:00,0.2
8/23/2000 0:00,9.8
8/24/2000 0:00,0.2
8/25/2000 0:00,0
8/26/2000 0:00,0
8/27/2000 0:00,0
8/28/2000 0:00,0.1
8/29/2000 0:00,0
8/30/2000 0:00,0.4
8/31/2000 0:00,0.1
9/1/2000 0:00,0.2
9/2/2000 0:00,0
9/3/2000 0:00,3.3
9/4/2000 0:00,0.4
9/5/2000 0:00,0.3
9/6/2000 0:00,0
9/7/2000 0:00,0
9/8/2000 0:00,0
9/9/2000 0:00,0
9/10/2000 0:00,21.1
9/11/2000 0:00,0.3
9/12/2000 0:00,8.8
9/13/2000 0:00,1.7
9/14/2000 0:00,21.3
9/15/2000 0:00,0.5
9/16/2000 0:00,0.1
9/17/2000 0:00,0
9/18/2000 0:00,0.1
9/19/2000 0:00,0
9/20/2000 0:00,3.1
9/21/2000 0:00,6.9
9/22/2000 0:00,0.2
9/23/2000 0:00,1.9
9/24/2000 0:00,0.3
9/25/2000 0:00,0
9/26/2000 0:00,0
9/27/2000 0:00,1
9/28/2000 0:00,0
9/29/2000 0:00,0
9/30/2000 0:00,0
10/1/2000 0:00,0
10/2/2000 0:00,0
10/3/2000 0:00,0
10/4/2000 0:00,0
10/5/2000 0:00,0
10/6/2000 0:00,1.2
10/7/2000 0:00,0.6
10/8/2000 0:00,0
10/9/2000 0:00,0.3
10/10/2000 0:00,0.8
10/11/2000 0:00,0
10/12/2000 0:00,0
10/13/2000 0:00,2.5
10/14/2000 0:00,1
10/15/2000 0:00,0.3
10/16/2000 0:00,0
10/17/2000 0:00,1.7
10/18/2000 0:00,2.5
10/19/2000 0:00,0
10/20/2000 0:00,0
10/21/2000 0:00,0.1
10/22/2000 0:00,0
10/23/2000 0:00,0.8
10/24/2000 0:00,0
10/25/2000 0:00,0
10/26/2000 0:00,0
10/27/2000 0:00,9.5
10/28/2000 0:00,0.2
10/29/2000 0:00,0
10/30/2000 0:00,0
10/31/2000 0:00,0
11/1/2000 0:00,0
11/2/2000 0:00,0
11/3/2000 0:00,0.3
11/4/2000 0:00,0.1
11/5/2000 0:00,0
11/6/2000 0:00,0
11/7/2000 0:00,0
11/8/2000 0:00,0
11/9/2000 0:00,5
11/10/2000 0:00,22.4
11/11/2000 0:00,0.1
11/12/2000 0:00,0.1
11/13/2000 0:00,4.2
11/14/2000 0:00,1.7
11/15/2000 0:00,2.7
11/16/2000 0:00,5.6
11/17/2000 0:00,1.5
11/18/2000 0:00,0.2
11/19/2000 0:00,0
11/20/2000 0:00,1.3
11/21/2000 0:00,2.3
11/22/2000 0:00,2.3
11/23/2000 0:00,0
11/24/2000 0:00,3.1
11/25/2000 0:00,0.5
11/26/2000 0:00,6.3
11/27/2000 0:00,1.9
11/28/2000 0:00,1.5
11/29/2000 0:00,0.3
11/30/2000 0:00,0
12/1/2000 0:00,0.2
12/2/2000 0:00,0.2
12/3/2000 0:00,0
12/4/2000 0:00,0.3
12/5/2000 0:00,6.9
12/6/2000 0:00,6.4
12/7/2000 0:00,0
12/8/2000 0:00,0.3
12/9/2000 0:00,0.8
12/10/2000 0:00,2
12/11/2000 0:00,9.5
12/12/2000 0:00,2.5
12/13/2000 0:00,1.5
12/14/2000 0:00,4.8
12/15/2000 0:00,0.3
12/16/2000 0:00,11
12/17/2000 0:00,19
12/18/2000 0:00,0
12/19/2000 0:00,2.8
12/20/2000 0:00,0
12/21/2000 0:00,1
12/22/2000 0:00,0
12/23/2000 0:00,1
12/24/2000 0:00,0
12/25/2000 0:00,0
12/26/2000 0:00,1
12/27/2000 0:00,0
12/28/2000 0:00,0
12/29/2000 0:00,1
12/30/2000 0:00,0
12/31/2000 0:00,0
1/1/2001 0:00,2
1/2/2001 0:00,1.8
1/3/2001 0:00,0
1/4/2001 0:00,0
1/5/2001 0:00,2
1/6/2001 0:00,3
1/7/2001 0:00,0
1/8/2001 0:00,0
1/9/2001 0:00,0
1/10/2001 0:00,0
1/11/2001 0:00,29
1/12/2001 0:00,0
1/13/2001 0:00,13
1/14/2001 0:00,4.5
1/15/2001 0:00,1.5
1/16/2001 0:00,2
1/17/2001 0:00,4
1/18/2001 0:00,2
1/19/2001 0:00,1.5
1/20/2001 0:00,0.5
1/21/2001 0:00,2
1/22/2001 0:00,5
1/23/2001 0:00,4
1/24/2001 0:00,0
1/25/2001 0:00,2.6
1/26/2001 0:00,2.6
1/27/2001 0:00,2.6
1/28/2001 0:00,2.6
1/29/2001 0:00,2.6
1/30/2001 0:00,16.5
1/31/2001 0:00,4.2
2/1/2001 0:00,1.1
2/2/2001 0:00,4.3
2/3/2001 0:00,0.3
2/4/2001 0:00,3.5
2/5/2001 0:00,7.7
2/6/2001 0:00,1
2/7/2001 0:00,0.4
2/8/2001 0:00,1.1
2/9/2001 0:00,35.4
2/10/2001 0:00,5.1
2/11/2001 0:00,5.1
2/12/2001 0:00,5.1
2/13/2001 0:00,5.1
2/14/2001 0:00,5.1
2/15/2001 0:00,5.1
2/16/2001 0:00,5.1
2/17/2001 0:00,5.1
2/18/2001 0:00,5.1
2/19/2001 0:00,5.1
2/20/2001 0:00,5.1
2/21/2001 0:00,2.2
2/22/2001 0:00,0
2/23/2001 0:00,0.2
2/24/2001 0:00,0
2/25/2001 0:00,25.5
2/26/2001 0:00,0.5
2/27/2001 0:00,0.4
2/28/2001 0:00,0.1
3/1/2001 0:00,0
3/2/2001 0:00,0.6
3/3/2001 0:00,0.3
3/4/2001 0:00,3.1
3/5/2001 0:00,3.9
3/6/2001 0:00,0
3/7/2001 0:00,0
3/8/2001 0:00,3.2
3/9/2001 0:00,0.8
3/10/2001 0:00,0.2
3/11/2001 0:00,5.2
3/12/2001 0:00,2.8
3/13/2001 0:00,15.3
3/14/2001 0:00,3.8
3/15/2001 0:00,0.1
3/16/2001 0:00,0
3/17/2001 0:00,0.1
3/18/2001 0:00,0
3/19/2001 0:00,0
3/20/2001 0:00,0
3/21/2001 0:00,0
3/22/2001 0:00,0
3/23/2001 0:00,0
3/24/2001 0:00,0
3/25/2001 0:00,0
3/26/2001 0:00,0.6
3/27/2001 0:00,0
3/28/2001 0:00,0
3/29/2001 0:00,0
3/30/2001 0:00,0
3/31/2001 0:00,0
4/1/2001 0:00,0.1
4/2/2001 0:00,0
4/3/2001 0:00,0
4/4/2001 0:00,0
4/5/2001 0:00,0
4/6/2001 0:00,0.3
4/7/2001 0:00,3
4/8/2001 0:00,0
4/9/2001 0:00,0
4/10/2001 0:00,0
4/11/2001 0:00,0.3
4/12/2001 0:00,9
4/13/2001 0:00,2.8
4/14/2001 0:00,0
4/15/2001 0:00,0
4/16/2001 0:00,0.2
4/17/2001 0:00,1.6
4/18/2001 0:00,0
4/19/2001 0:00,0
4/20/2001 0:00,0
4/21/2001 0:00,0.7
4/22/2001 0:00,1.2
4/23/2001 0:00,0.2
4/24/2001 0:00,2.6
4/25/2001 0:00,0
4/26/2001 0:00,0.4
4/27/2001 0:00,0.6
4/28/2001 0:00,0.3
4/29/2001 0:00,0.1
4/30/2001 0:00,0
5/1/2001 0:00,0
5/2/2001 0:00,0
5/3/2001 0:00,0
5/4/2001 0:00,0
5/5/2001 0:00,1
5/6/2001 0:00,0
5/7/2001 0:00,0
5/8/2001 0:00,6.8
5/9/2001 0:00,2.2
5/10/2001 0:00,0
5/11/2001 0:00,5
5/12/2001 0:00,0
5/13/2001 0:00,0
5/14/2001 0:00,0
5/15/2001 0:00,1.4
5/16/2001 0:00,0
5/17/2001 0:00,1.5
5/18/2001 0:00,0.7
5/19/2001 0:00,0.1
5/20/2001 0:00,0
5/21/2001 0:00,3.7
5/22/2001 0:00,24.1
5/23/2001 0:00,8.5
5/24/2001 0:00,2.5
5/25/2001 0:00,25.4
5/26/2001 0:00,0.9
5/27/2001 0:00,21.2
5/28/2001 0:00,0.5
5/29/2001 0:00,0
5/30/2001 0:00,0
5/31/2001 0:00,0
6/1/2001 0:00,5.5
6/2/2001 0:00,1
6/3/2001 0:00,20
6/4/2001 0:00,0
6/5/2001 0:00,0
6/6/2001 0:00,0
6/7/2001 0:00,0
6/8/2001 0:00,0
6/9/2001 0:00,0
6/10/2001 0:00,0
6/11/2001 0:00,0
6/12/2001 0:00,0
6/13/2001 0:00,0
6/14/2001 0:00,0
6/15/2001 0:00,0
6/16/2001 0:00,0
6/17/2001 0:00,5.1
6/18/2001 0:00,0.3
6/19/2001 0:00,1
6/20/2001 0:00,0
6/21/2001 0:00,7.7
6/22/2001 0:00,46.8
6/23/2001 0:00,0.3
6/24/2001 0:00,0
6/25/2001 0:00,1.4
6/26/2001 0:00,0
6/27/2001 0:00,0
6/28/2001 0:00,0
6/29/2001 0:00,0
6/30/2001 0:00,0
7/1/2001 0:00,5.6
7/2/2001 0:00,0.2
7/3/2001 0:00,1.2
7/4/2001 0:00,7.3
7/5/2001 0:00,0
7/6/2001 0:00,0.1
7/7/2001 0:00,0.1
7/8/2001 0:00,0
7/9/2001 0:00,0.6
7/10/2001 0:00,11.8
7/11/2001 0:00,5.1
7/12/2001 0:00,1.1
7/13/2001 0:00,0
7/14/2001 0:00,0.1
7/15/2001 0:00,0
7/16/2001 0:00,0.3
7/17/2001 0:00,0.7
7/18/2001 0:00,0
7/19/2001 0:00,0.1
7/20/2001 0:00,0
7/21/2001 0:00,0
7/22/2001 0:00,0
7/23/2001 0:00,0
7/24/2001 0:00,2.4
7/25/2001 0:00,0
7/26/2001 0:00,0.4
7/27/2001 0:00,0
7/28/2001 0:00,0
7/29/2001 0:00,0
7/30/2001 0:00,0.8
7/31/2001 0:00,0
8/1/2001 0:00,0
8/2/2001 0:00,0
8/3/2001 0:00,0
8/4/2001 0:00,0
8/5/2001 0:00,0
8/6/2001 0:00,0
8/7/2001 0:00,4.1
8/8/2001 0:00,1
8/9/2001 0:00,6.8
8/10/2001 0:00,0
8/11/2001 0:00,0.1
8/12/2001 0:00,0
8/13/2001 0:00,0.1
8/14/2001 0:00,0.1
8/15/2001 0:00,0
8/16/2001 0:00,3.5
8/17/2001 0:00,8.4
8/18/2001 0:00,1.8
8/19/2001 0:00,0
8/20/2001 0:00,14.2
8/21/2001 0:00,0
8/22/2001 0:00,0.2
8/23/2001 0:00,2.9
8/24/2001 0:00,0
8/25/2001 0:00,0.1
8/26/2001 0:00,7.2
8/27/2001 0:00,0.6
8/28/2001 0:00,6.1
8/29/2001 0:00,0
8/30/2001 0:00,30
8/31/2001 0:00,21.3
9/1/2001 0:00,0.1
9/2/2001 0:00,0
9/3/2001 0:00,4.4
9/4/2001 0:00,0.6
9/5/2001 0:00,1.9
9/6/2001 0:00,0
9/7/2001 0:00,0
9/8/2001 0:00,0
9/9/2001 0:00,11.5
9/10/2001 0:00,11
9/11/2001 0:00,1.9
9/12/2001 0:00,21.7
9/13/2001 0:00,0.4
9/14/2001 0:00,0.3
9/15/2001 0:00,0
9/16/2001 0:00,0.1
9/17/2001 0:00,0.2
9/18/2001 0:00,1.5
9/19/2001 0:00,26.3
9/20/2001 0:00,11.8
9/21/2001 0:00,9.2
9/22/2001 0:00,1.7
9/23/2001 0:00,0.1
9/24/2001 0:00,5
9/25/2001 0:00,7.6
9/26/2001 0:00,6.8
9/27/2001 0:00,1
9/28/2001 0:00,0
9/29/2001 0:00,0
9/30/2001 0:00,0
10/1/2001 0:00,0
10/2/2001 0:00,0
10/3/2001 0:00,1.1
10/4/2001 0:00,0
10/5/2001 0:00,16.2
10/6/2001 0:00,12.1
10/7/2001 0:00,1.2
10/8/2001 0:00,0.2
10/9/2001 0:00,1.7
10/10/2001 0:00,0
10/11/2001 0:00,0.4
10/12/2001 0:00,7.3
10/13/2001 0:00,1.2
10/14/2001 0:00,14
10/15/2001 0:00,7.4
10/16/2001 0:00,19.4
10/17/2001 0:00,7.3
10/18/2001 0:00,0.8
10/19/2001 0:00,9.8
10/20/2001 0:00,0.1
10/21/2001 0:00,1.6
10/22/2001 0:00,1.9
10/23/2001 0:00,15.9
10/24/2001 0:00,1.5
10/25/2001 0:00,20.4
10/26/2001 0:00,17.3
10/27/2001 0:00,2.4
10/28/2001 0:00,0.1
10/29/2001 0:00,2
10/30/2001 0:00,0
10/31/2001 0:00,2.7
11/1/2001 0:00,9.2
11/2/2001 0:00,7
11/3/2001 0:00,0
11/4/2001 0:00,0.1
11/5/2001 0:00,0.1
11/6/2001 0:00,0
11/7/2001 0:00,0
11/8/2001 0:00,8
11/9/2001 0:00,0
11/10/2001 0:00,0
11/11/2001 0:00,0
11/12/2001 0:00,0
11/13/2001 0:00,0.8
11/14/2001 0:00,0
11/15/2001 0:00,0.8
11/16/2001 0:00,0.2
11/17/2001 0:00,0.1
11/18/2001 0:00,0
11/19/2001 0:00,6.6
11/20/2001 0:00,0.5
11/21/2001 0:00,2.2
11/22/2001 0:00,0
11/23/2001 0:00,0
11/24/2001 0:00,0
11/25/2001 0:00,12.2
11/26/2001 0:00,0.8
11/27/2001 0:00,0
11/28/2001 0:00,0
11/29/2001 0:00,4.8
11/30/2001 0:00,8.7
12/1/2001 0:00,8.6
12/2/2001 0:00,0.3
12/3/2001 0:00,3.4
12/4/2001 0:00,2.1
12/5/2001 0:00,14.6
12/6/2001 0:00,4.6
12/7/2001 0:00,0.2
12/8/2001 0:00,0
12/9/2001 0:00,0
12/10/2001 0:00,0.1
12/11/2001 0:00,0
12/12/2001 0:00,2.2
12/13/2001 0:00,9.5
12/14/2001 0:00,0.1
12/15/2001 0:00,0.1
12/16/2001 0:00,0
12/17/2001 0:00,3.5
12/18/2001 0:00,3.5
12/19/2001 0:00,3.3
12/20/2001 0:00,12.8
12/21/2001 0:00,0
12/22/2001 0:00,0.3
12/23/2001 0:00,11
12/24/2001 0:00,1.6
12/25/2001 0:00,5.1
12/26/2001 0:00,0.1
12/27/2001 0:00,0.6
12/28/2001 0:00,7.7
12/29/2001 0:00,0.3
12/30/2001 0:00,2.7
12/31/2001 0:00,0.3
