datetime,wtr,DO_con,PhoticDepth,DO_sat,Flux,Flux_Modelled,Conc_Modelled
2004-05-26,10.5,12.3,9.75212509973949,11.1547389702512,0.164411902559699,0.0442181159872652,11.321634009895
2004-05-26,10.4,12.3,9.75212509973949,11.1808523769975,0.160663102265307,0.0442181159872652,11.321634009895
2004-06-10,15.3,10.1,13.5446181940826,10.0176814171533,0.00850862049664002,-0.00696946064977268,10.6544848986697
2004-06-10,15.2,10.2,13.5446181940826,10.0392373105649,0.0166167670423827,-0.00696946064977268,10.6544848986697
2004-06-23,17.7,9.7,11.6483716469111,9.52424747382777,0.0211234277287477,-0.0141153363876573,9.74312356216937
2004-06-23,17.6,10.3,11.6483716469111,9.54392899364683,0.0908710196566521,-0.0141153363876573,9.74312356216937
2004-07-08,16.8,9.5,11.6483716469111,9.70405728152697,-0.0245253330506084,-0.0156899216341474,9.36752196736714
2004-07-08,16.8,9.8,11.6483716469111,9.70405728152697,0.0115312088190338,-0.0156899216341474,9.36752196736714
2004-07-20,22.2,8.7,13.8155105579643,8.70863365629744,-0.000874894834012988,-0.0280149057453946,8.92992928462908
2004-07-20,22.1,8.7,13.8155105579643,8.72538282810799,-0.002572178509226,-0.0280149057453946,8.92992928462908
2004-08-04,22.1,9.3,13.0028334663193,8.72538282810799,0.0618683645170562,-0.0289809186854813,8.54711597663868
2004-08-04,22.1,9.3,13.0028334663193,8.72538282810799,0.0618683645170562,-0.0289809186854813,8.54711597663868
2004-08-19,18.3,9.7,7.58498618868627,9.40767854886395,0.0539552770973929,-0.00849152498799978,9.10102867813533
2004-08-19,18.3,10,7.58498618868627,9.40767854886395,0.109327823540058,-0.00849152498799978,9.10102867813533
2004-09-02,18.3,9.3,13.0028334663193,9.40767854886395,-0.0115936244819264,0.0207164357889722,9.49450334302
2004-09-02,18.2,9.3,13.0028334663193,9.42692763669434,-0.0136661514455566,0.0207164357889722,9.49450334302
2004-09-21,17.6,9.2,10.5648021913844,9.54392899364683,-0.0455759210994239,-0.017132397410557,9.42220598080919
2004-09-21,17.6,9.1,10.5648021913844,9.54392899364683,-0.0588274706754461,-0.017132397410557,9.42220598080919
2004-09-30,16.8,9.2,9.48123273585784,9.70405728152697,-0.0744291606163078,-0.00658573872184469,9.50198211573366
2004-09-30,16.8,9.2,9.48123273585784,9.70405728152697,-0.0744291606163078,-0.00658573872184469,9.50198211573366
2004-10-14,13.1,9.5,9.21034037197618,10.5118899532848,-0.153810378051725,-0.012009311507674,10.2297824396427
2004-10-14,13.1,9.5,9.21034037197618,10.5118899532848,-0.153810378051725,-0.012009311507674,10.2297824396427
2004-10-28,10.2,9.9,11.1065869191477,11.2334042882958,-0.168077377614167,0.0031350573707519,10.9434535544863
2004-10-28,10.2,9.9,11.1065869191477,11.2334042882958,-0.168077377614167,0.0031350573707519,10.9434535544863
2004-11-10,8.1,9.8,8.12677091644957,11.8125605061062,-0.346704089178333,-0.00280796729366305,11.5146621741343
2004-11-10,8.1,9.7,8.12677091644957,11.8125605061062,-0.363931103627163,-0.00280796729366305,11.5146621741343
2005-01-21,1.6,13.2,13.8155105579643,13.9803141613057,-0.0790734313614101,-0.0114585409386931,13.5300511276163
2005-01-21,1.7,13.2,13.8155105579643,13.9419244543685,-0.0751831958549796,-0.0114585409386931,13.5300511276163
2005-03-03,0.8,13.1,16.5244341967808,14.2939400745867,-0.101154211062002,-0.00921959045612993,13.907523350028
2005-03-03,1.7,13.1,16.5244341967808,13.9419244543685,-0.0713303839683414,-0.00921959045612993,13.907523350028
2005-04-05,2.2,12,20.5878196550056,13.7526139373269,-0.119180153769274,-0.00883849806930511,13.6903792051878
2005-04-05,2.4,12.6,20.5878196550056,13.6781016688362,-0.0733123935250577,-0.00883849806930511,13.6903792051878
2005-04-21,5.3,12,14.8990800134909,12.670298799297,-0.0629849841846646,0.0212138738143279,13.372787406457
2005-04-21,5.3,12,14.8990800134909,12.670298799297,-0.0629849841846646,0.0212138738143279,13.372787406457
2005-05-03,5.5,12.7,10.5648021913844,12.6054953373218,0.0125233322264598,0.0312487055615694,13.0936418687527
2005-05-03,5.4,12.7,10.5648021913844,12.6378255459604,0.00823907860067613,0.0312487055615694,13.0936418687527
2005-05-17,8.4,12,8.39766328033123,11.7266502642623,0.0455709662626212,0.028062150201267,12.3504670813537
2005-05-17,8.3,12.1,8.39766328033123,11.7551653020326,0.0574884418484767,0.028062150201267,12.3504670813537
2005-06-02,15.2,11.7,16.5244341967808,10.0392373105649,0.140704833673642,0.00360476066005484,11.1528593337637
2005-06-02,15.1,11.7,16.5244341967808,10.0608766265563,0.138871485431449,0.00360476066005484,11.1528593337637
2005-06-16,19,9,14.8990800134909,9.27489503295649,-0.0258306583890153,-0.0157767636560659,9.7327257083517
2005-06-16,19,8.9,14.8990800134909,9.27489503295649,-0.0352272117247402,-0.0157767636560659,9.7327257083517
2005-07-01,20.9,8.6,16.7953265606625,8.93097628253116,-0.0275890316196004,-0.0132493181981567,8.88026141631202
2005-07-01,20.9,8.6,16.7953265606625,8.93097628253116,-0.0275890316196004,-0.0132493181981567,8.88026141631202
2005-07-13,25.5,8.7,16.5244341967808,8.18646474831823,0.0435082583641222,-0.0415168868542573,8.60200216013707
2005-07-13,25.4,8.8,16.5244341967808,8.20146601324232,0.0507096080556872,-0.0415168868542573,8.60200216013707
2005-07-27,23,8.5,13.273725830201,8.57668767785974,-0.00808836572165472,-0.0203751316846441,8.20986220115014
2005-07-27,23,8.5,13.273725830201,8.57668767785974,-0.00808836572165472,-0.0203751316846441,8.20986220115014
2005-08-11,23.6,8.2,12.7319411024377,8.48005465605396,-0.0307947166359789,-0.0268325369368652,8.25048790541828
2005-08-11,23.6,8.2,12.7319411024377,8.48005465605396,-0.0307947166359789,-0.0268325369368652,8.25048790541828
2005-08-24,20.7,8.8,12.1901563746744,8.96609021736743,-0.0190749238293186,-0.013951552365748,8.51972142958613
2005-08-24,20.7,8.8,12.1901563746744,8.96609021736743,-0.0190749238293186,-0.013951552365748,8.51972142958613
2005-09-07,20.2,8.8,13.273725830201,9.05497144198944,-0.0268922247868825,-0.0170037068728853,8.87357151567297
2005-09-07,20.2,8.8,13.273725830201,9.05497144198944,-0.0268922247868825,-0.0170037068728853,8.87357151567297
2005-09-19,19.8,8.7,14.0864029218459,9.12722619580592,-0.042460568354232,-0.00175202390062984,8.96929085653996
2005-09-19,19.8,8.8,14.0864029218459,9.12722619580592,-0.0325219061722152,-0.00175202390062984,8.96929085653996
2005-10-07,15.4,8.7,11.1065869191477,9.99620850160518,-0.16338879940864,-0.00595421748254052,9.55652076831517
2005-10-07,15.4,8.7,11.1065869191477,9.99620850160518,-0.16338879940864,-0.00595421748254052,9.55652076831517
2005-10-18,13.5,9.6,11.1065869191477,10.4188242252033,-0.103213878721667,-0.00819666269164006,10.081857649643
2005-10-18,13.4,9.7,11.1065869191477,10.4419523312031,-0.0935240746095978,-0.00819666269164006,10.081857649643
2005-11-14,8,9.8,7.31409382480462,11.8414420343856,-0.390755015808975,-0.00874064170493352,11.5670684991571
2005-11-14,8,9.7,7.31409382480462,11.8414420343856,-0.409896142974341,-0.00874064170493352,11.5670684991571
2006-01-20,0.9,12.2,11.9192640107927,14.2540940326508,-0.241267551679974,-0.00954479660588349,13.7859814727315
2006-01-20,1.9,12.2,11.9192640107927,13.8656757457838,-0.195645137316011,-0.00954479660588349,13.7859814727315
2006-02-14,0.5,12.8,13.0028334663193,14.4146043450762,-0.173842577386059,-0.00797109946353978,13.961198993866
2006-02-14,1.6,12.3,13.0028334663193,13.9803141613057,-0.180917477096161,-0.00797109946353978,13.961198993866
2006-04-05,1.3,13.4,23.2967432938221,14.0965572920196,-0.0418590786071847,-0.00656276611363397,13.738047154748
2006-04-05,2.7,11.7,23.2967432938221,13.5676066170895,-0.112232393641844,-0.00656276611363397,13.738047154748
2006-04-21,5.1,11.1,8.93944800809453,12.7356777178989,-0.25616221527156,0.0219928078347219,13.2683874301096
2006-04-21,5.1,11,8.93944800809453,12.7356777178989,-0.271823137497769,0.0219928078347219,13.2683874301096
2006-05-05,7.8,12.3,11.1065869191477,11.8995763808705,0.0504739278468081,0.0252296911036771,12.4894199542171
2006-05-05,7.8,12.3,11.1065869191477,11.8995763808705,0.0504739278468081,0.0252296911036771,12.4894199542171
2006-05-17,8.8,12.1,7.85587855256792,11.6137915177562,0.0866474539526577,0.0217865552537721,11.965779002813
2006-05-17,8.8,12.2,7.85587855256792,11.6137915177562,0.104468503382481,0.0217865552537721,11.965779002813
2006-06-02,19.4,10.2,16.2535418328991,9.20052661598793,0.08608971213798,0.00923779244838969,10.5962053577277
2006-06-02,19.2,10.4,16.2535418328991,9.2375759102902,0.100125482945488,0.00923779244838969,10.5962053577277
2006-06-14,19,9.6,8.39766328033123,9.27489503295649,0.0541992383675282,-0.0388956006952059,9.52046409446429
2006-06-14,19,9.7,8.39766328033123,9.27489503295649,0.0708705426728465,-0.0388956006952059,9.52046409446429
2006-06-27,21.1,9,13.0028334663193,8.8961090082051,0.0111858226047122,-0.0234364391126274,8.9025965932874
2006-06-27,21.1,9.1,13.0028334663193,8.8961090082051,0.0219527066352303,-0.0234364391126274,8.9025965932874
2006-07-10,22.6,8.9,13.5446181940826,8.6422096879317,0.0266457445846126,-0.0262344081558289,8.65317113249442
2006-07-10,21.9,9.1,13.5446181940826,8.75905511615564,0.0352407746414465,-0.0262344081558289,8.65317113249442
2006-07-24,23.1,8.4,11.6483716469111,8.56044588627985,-0.0192837460548713,-0.0286470019816282,8.31519695603292
2006-07-24,23.1,8.4,11.6483716469111,8.56044588627985,-0.0192837460548713,-0.0286470019816282,8.31519695603292
2006-08-08,23.2,8.4,12.7319411024377,8.54425899459957,-0.015862670963874,-0.00843373989026178,8.27120936111046
2006-08-08,23.3,8.3,12.7319411024377,8.52812671317937,-0.0250847373453502,-0.00843373989026178,8.27120936111046
2006-08-21,21.6,8.1,9.21034037197618,8.81000303039173,-0.1079226393818,-0.0279777552272494,8.53276907879608
2006-08-21,22,8.3,9.21034037197618,8.74218987923589,-0.0672142185769649,-0.0279777552272494,8.53276907879608
2006-09-06,21,9.1,11.6483716469111,8.91351197533474,0.0224137108984327,-0.00895854934427916,8.79575924732595
2006-09-06,21,9.1,11.6483716469111,8.91351197533474,0.0224137108984327,-0.00895854934427916,8.79575924732595
2006-09-20,16.1,9,8.66855564421288,9.84818464816978,-0.136984586149648,-0.00990405289348298,9.36096195510398
2006-09-20,16.1,9,8.66855564421288,9.84818464816978,-0.136984586149648,-0.00990405289348298,9.36096195510398
2006-10-03,14.5,9.8,10.5648021913844,10.1924896270409,-0.0520109575080636,-0.00770103150583511,10.1059267206934
2006-10-03,14.5,9.7,10.5648021913844,10.1924896270409,-0.0652625070840861,-0.00770103150583511,10.1059267206934
2006-10-17,9.6,9.6,9.48123273585784,11.3937041468759,-0.26485857647276,-0.0015593135765119,10.9459225204698
2006-10-17,9.6,9.6,9.48123273585784,11.3937041468759,-0.26485857647276,-0.0015593135765119,10.9459225204698
2006-10-30,7.7,10.3,8.66855564421288,11.928830587191,-0.263061450564686,0.00725094015928211,11.8326325758946
2006-10-30,7.7,10.2,8.66855564421288,11.928830587191,-0.279211776610463,0.00725094015928211,11.8326325758946
2007-01-18,0.5,14.6,12.7319411024377,14.4146043450762,0.0203860444220598,-0.00957443064667146,13.8754046502291
2007-01-18,1.1,14,12.7319411024377,14.1749583651454,-0.0192383635168314,-0.00957443064667146,13.8754046502291
2007-02-26,0.4,14.9,11.6483716469111,14.4552048929169,0.0534592446731732,-0.00926100945867233,14.1620788684733
2007-02-26,1.1,14.2,11.6483716469111,14.1749583651454,0.00300971585206187,-0.00926100945867233,14.1620788684733
2007-03-29,2.1,13.3,14.3572952857276,13.7901277397322,-0.0477930433253152,-0.00746037760179207,13.8481342896286
2007-03-29,2.1,13.2,14.3572952857276,13.7901277397322,-0.0575441835793695,-0.00746037760179207,13.8481342896286
2007-04-26,5.9,12.2,9.21034037197618,12.4775887734246,-0.0421943453878121,0.0239289879467219,12.9481561969618
2007-04-26,5.8,12.5,9.21034037197618,12.5093548782727,-0.00142197020444628,0.0239289879467219,12.9481561969618
2007-05-08,13.7,11.8,12.1901563746744,10.3728416971283,0.163904511362251,0.0342347747097781,11.9740876823412
2007-05-08,11.2,12.5,12.1901563746744,10.9749245502029,0.175149978728057,0.0342347747097781,11.9740876823412
2007-05-23,12.5,12.2,8.12677091644957,10.6543003874457,0.26627789559022,-0.000878210880317797,10.9441511480194
2007-05-23,12.5,12.3,8.12677091644957,10.6543003874457,0.28350491003905,-0.000878210880317797,10.9441511480194
2007-06-04,15.9,9.9,10.5648021913844,9.89007320438205,0.00131545424262356,0.00317704838116838,10.303374726087
2007-06-04,15.9,9.9,10.5648021913844,9.89007320438205,0.00131545424262356,0.00317704838116838,10.303374726087
2007-06-20,19.1,9,13.8155105579643,9.25620156457271,-0.0259622826747456,-0.0192597552716538,9.2123811302238
2007-06-20,19.1,9,13.8155105579643,9.25620156457271,-0.0259622826747456,-0.0192597552716538,9.2123811302238
2007-07-03,21.1,8.8,14.0864029218459,8.8961090082051,-0.00955194965199135,-0.0220465488681498,8.79766851553749
2007-07-03,21.1,8.9,14.0864029218459,8.8961090082051,0.000386712530025336,-0.0220465488681498,8.79766851553749
2007-07-17,21.4,8.4,14.3572952857276,8.84426492646001,-0.0433208960786859,-0.0215289245327542,8.66740383551534
2007-07-17,21.3,8.4,14.3572952857276,8.86148580415175,-0.045000128015387,-0.0215289245327542,8.66740383551534
2007-07-31,24.4,7.9,14.3572952857276,8.35419450816624,-0.0442891435175015,-0.0241971165977325,8.4568168686148
2007-07-31,24.4,9,14.3572952857276,8.35419450816624,0.062973399277094,-0.0241971165977325,8.4568168686148
2007-08-14,23.5,8.2,13.0028334663193,8.49602482989443,-0.031872650136272,-0.0211998159524284,8.31688561687657
2007-08-14,23.5,8.3,13.0028334663193,8.49602482989443,-0.0211057661057537,-0.0211998159524284,8.31688561687657
2007-08-28,20.4,8.6,13.8155105579643,9.01922934204244,-0.0424827643102245,-0.00151533539375255,8.78416683411796
2007-08-28,20.4,8.5,13.8155105579643,9.01922934204244,-0.0526163022213003,-0.00151533539375255,8.78416683411796
2007-09-12,18.8,8.7,14.3572952857276,9.31248685176595,-0.0597244519533386,0.00407546317524654,8.99600084699751
2007-09-12,18.6,8.7,14.3572952857276,9.35035426590983,-0.063416956617092,0.00407546317524654,8.99600084699751
2007-09-26,16.8,9.4,13.273725830201,9.70405728152697,-0.0320693827477761,-7.65705924752156e-05,9.64514440394678
2007-09-26,16.8,9.2,13.273725830201,9.70405728152697,-0.0531636861545055,-7.65705924752156e-05,9.64514440394678
2007-10-11,14.2,9,11.3774792830294,10.2594591520429,-0.154976578642518,-0.00844945979447215,9.84314690720466
2007-10-11,14.3,9.1,11.3774792830294,10.2370485902584,-0.139913946381439,-0.00844945979447215,9.84314690720466
2007-10-24,12,9.3,13.273725830201,10.7756239741207,-0.155636299121728,-0.00358008008639749,10.4142604639302
2007-10-24,12.1,9.2,13.273725830201,10.7511631583612,-0.163603531479056,-0.00358008008639749,10.4142604639302
2007-11-13,8.4,10.7,10.2939098275028,11.7266502642623,-0.13962725476058,-0.0162393056171132,11.5312379091362
2007-11-13,8.3,10.6,10.2939098275028,11.7551653020326,-0.157105652754481,-0.0162393056171132,11.5312379091362
2008-02-01,1,13.7,23.0258509299405,14.2144338294288,-0.0312782082795402,-0.00701895573179174,13.7293543524163
2008-02-01,1.5,13.2,23.0258509299405,14.0188821651299,-0.0497890407902851,-0.00701895573179174,13.7293543524163
2008-02-27,0.7,12.9,17.8788960161891,14.3339730626299,-0.112286703041623,-0.00641791305353934,14.0063627248435
2008-02-27,1.4,13.1,17.8788960161891,14.0576295211713,-0.0749868072629209,-0.00641791305353934,14.0063627248435
2008-03-28,0.8,12.8,21.1296043827689,14.2939400745867,-0.098985104809958,-0.00589615300381083,14.0271600067314
2008-03-28,1.3,12.8,21.1296043827689,14.0965572920196,-0.0859069661667577,-0.00589615300381083,14.0271600067314
2008-05-12,6.7,11.3,8.66855564421288,12.2283996906157,-0.14993957704242,0.0111175419270793,12.6537940604246
2008-05-12,6.4,11.6,8.66855564421288,12.3208280920393,-0.116416087093904,0.0111175419270793,12.6537940604246
2008-05-22,9.1,11.7,9.75212509973949,11.5303903979001,0.0243488922169585,0.0122470033006869,12.0953073207943
2008-05-22,8.8,12,9.75212509973949,11.6137915177562,0.0554434925322835,0.0122470033006869,12.0953073207943
2008-06-04,13.1,11.2,12.7319411024377,10.5118899532848,0.075664351386045,0.00312555397053168,11.1962492232687
2008-06-04,13,11.2,12.7319411024377,10.5353885947814,0.0730804485993035,0.00312555397053168,11.1962492232687
2008-06-19,17.1,10.4,18.9624654717157,9.64344570822166,0.0558564502105247,-0.00085721743452558,10.485017947388
2008-06-19,16.8,10.6,18.9624654717157,9.70405728152697,0.0661475063848201,-0.00085721743452558,10.485017947388
2008-07-03,20.4,8.5,17.3371112884258,9.01922934204244,-0.0419286158325987,-0.0155256956786011,9.54469657753774
2008-07-03,20.2,8.6,17.3371112884258,9.05497144198944,-0.0367396856482342,-0.0155256956786011,9.54469657753774
2008-07-17,22.4,8.4,15.7117571051358,8.67530773263669,-0.0245313635586552,-0.0178587867963221,9.04526584851554
2008-07-17,21.6,8.5,15.7117571051358,8.81000303039173,-0.0276228966400295,-0.0178587867963221,9.04526584851554
2008-07-31,23.1,8.2,18.691573107834,8.56044588627985,-0.0269974195259306,-0.0208184288667147,8.72862174724949
2008-07-31,22.6,8.3,18.691573107834,8.6422096879317,-0.0256315271240375,-0.0208184288667147,8.72862174724949
2008-08-13,21.7,8.7,18.4206807439524,8.79296138125122,-0.0070652076088141,-0.0126036793025784,8.59075194316077
2008-08-13,22,8.4,18.4206807439524,8.74218987923589,-0.0260069558551756,-0.0126036793025784,8.59075194316077
2008-08-27,21.4,8.2,13.5446181940826,8.84426492646001,-0.0665925671820019,-0.0174674128355177,8.66969457633255
2008-08-27,21.4,8.3,13.5446181940826,8.84426492646001,-0.0562563585127044,-0.0174674128355177,8.66969457633255
2008-09-10,19,8.8,13.5446181940826,9.27489503295649,-0.0490861415665115,-0.00912418877776703,8.93147758813598
2008-09-10,19,8.7,13.5446181940826,9.27489503295649,-0.0594223502358091,-0.00912418877776703,8.93147758813598
2008-09-25,17.9,9.2,13.5446181940826,9.48510313841142,-0.0294688553089202,-0.00853111363424706,9.41164966272802
2008-09-25,17.8,9.2,13.5446181940826,9.50463898410703,-0.0314881210853301,-0.00853111363424706,9.41164966272802
2008-10-10,14.3,10.1,11.6483716469111,10.2370485902584,-0.0164716607760872,-0.00262415128350464,9.94975299077523
2008-10-10,14.1,10.1,11.6483716469111,10.2819577280635,-0.0218692214680891,-0.00262415128350464,9.94975299077523
2008-10-23,11.8,10.4,11.1065869191477,10.8248435007348,-0.05355208628524,-0.00504499139233857,10.5660409694576
2008-10-23,11.6,9.9,11.1065869191477,10.874463838475,-0.122832458233687,-0.00504499139233857,10.5660409694576
2008-11-11,7.8,9.5,8.66855564421288,11.8995763808705,-0.387539409228038,-0.00113436383608075,11.629186877278
2008-11-11,7.8,9.5,8.66855564421288,11.8995763808705,-0.387539409228038,-0.00113436383608075,11.629186877278
2009-01-19,0.6,13.4,14.0864029218459,14.3741941118543,-0.0968218617743019,-0.00665670134188921,13.7985045125994
2009-01-19,1.1,13.1,14.0864029218459,14.1749583651454,-0.106836480509133,-0.00665670134188921,13.7985045125994
2009-02-16,1.4,12.7,22.2131738382955,14.0576295211713,-0.0855655001611251,-0.00613062564596861,14.0136602304697
2009-02-16,1.5,12.7,22.2131738382955,14.0188821651299,-0.0831234223719339,-0.00613062564596861,14.0136602304697
2009-03-23,0.6,11.1,15.1699723773725,14.3741941118543,-0.302167442534923,-0.0056035247015785,13.9274327869824
2009-03-23,2.1,12.4,15.1699723773725,13.7901277397322,-0.128291521382599,-0.0056035247015785,13.9274327869824
2009-04-30,5.1,12.2,9.21034037197618,12.7356777178989,-0.0814246569367038,0.0149010375327995,13.0555183560658
2009-04-30,5.1,12.2,9.21034037197618,12.7356777178989,-0.0814246569367038,0.0149010375327995,13.0555183560658
2009-05-11,8.8,12.2,10.8356945552661,11.6137915177562,0.0757396649522985,0.0197303867952045,12.4923017416243
2009-05-11,8.7,12.4,10.8356945552661,11.6418273259294,0.0979578870819051,0.0197303867952045,12.4923017416243
2009-05-28,12,11.9,13.273725830201,10.7756239741207,0.118589645165754,0.0176692706874805,11.535145962837
2009-05-28,11.9,11.9,13.273725830201,10.8001839081801,0.115999271662265,0.0176692706874805,11.535145962837
2009-06-08,13.2,9.9,11.6483716469111,10.4884846968925,-0.0707290770438213,-0.00206029760388672,10.8039886395697
2009-06-08,13.3,10.2,11.6483716469111,10.4651723228073,-0.0318706565332334,-0.00206029760388672,10.8039886395697
2009-06-24,23.7,9.3,18.1497883800707,8.46413794850241,0.0644749595748216,-0.0276185066474996,9.67186545601154
2009-06-24,22.9,9.4,18.1497883800707,8.5929846604574,0.062249842901763,-0.0276185066474996,9.67186545601154
2009-07-07,18.9,9,21.9422814744138,9.29365667488526,-0.0187363991897907,-0.0138863537958864,9.22591500498994
2009-07-07,18.9,9.2,21.9422814744138,9.29365667488526,-0.00597564774621375,-0.0138863537958864,9.22591500498994
2009-07-20,18.7,9.8,17.8788960161891,9.33138592698252,0.0366946427581669,-0.013427553204723,9.17017830862541
2009-07-20,18.7,10,17.8788960161891,9.33138592698252,0.052355564984375,-0.013427553204723,9.17017830862541
2009-08-03,18.9,8.8,16.2535418328991,9.29365667488526,-0.0425211533550464,-0.0120407294431389,9.13267731831393
2009-08-03,18.9,9.5,16.2535418328991,9.29365667488526,0.017773397215855,-0.0120407294431389,9.13267731831393
2009-08-18,21.2,8.5,17.6080036523074,8.87876705821956,-0.0301155026985634,-0.0133273609846823,8.85160316945705
2009-08-18,21.2,8.6,17.6080036523074,8.87876705821956,-0.02216457295295,-0.0133273609846823,8.85160316945705
2009-08-31,18.5,9.1,14.3572952857276,9.36939223592771,-0.0262688147588432,-0.010405353340582,8.99072565121738
2009-08-31,18.5,9.4,14.3572952857276,9.36939223592771,0.00298460600331931,-0.010405353340582,8.99072565121738
2009-09-15,21.5,8.6,16.7953265606625,8.82710410727569,-0.0189306084069033,-0.00855843492179089,8.94783473826537
2009-09-15,21.3,8.7,16.7953265606625,8.86148580415175,-0.0134608949100147,-0.00855843492179089,8.94783473826537
2009-09-30,16.2,8.6,16.2535418328991,9.82735984821054,-0.105718729195177,-0.00786071013625943,9.10355881196273
2009-09-30,16.2,8.6,16.2535418328991,9.82735984821054,-0.105718729195177,-0.00786071013625943,9.10355881196273
2009-10-13,10.8,9,14.8990800134909,11.0770418543578,-0.195170345650056,6.87220556130973e-05,10.1190439690846
2009-10-13,10.8,8.9,14.8990800134909,11.0770418543578,-0.204566898985781,6.87220556130973e-05,10.1190439690846
2009-10-27,8.9,9.9,11.1065869191477,11.5858738621224,-0.212506634500145,0.00129716766473539,11.2451041667764
2009-10-27,8.7,9.9,11.1065869191477,11.6418273259294,-0.219559642764525,0.00129716766473539,11.2451041667764
2009-11-10,8.1,10.5,12.461048738556,11.8125605061062,-0.147466296545563,0.0248285367409334,11.8101020769431
2009-11-10,7.7,10.6,12.461048738556,11.928830587191,-0.149294241688595,0.0248285367409334,11.8101020769431
2010-01-13,0.5,14.9,16.2535418328991,14.4146043450762,0.041809589803857,-0.00875523537354267,13.7815928045663
2010-01-13,0.9,14.8,16.2535418328991,14.2540940326508,0.0470216499361293,-0.00875523537354267,13.7815928045663
2010-02-10,1.2,13.3,16.5244341967808,14.1356665475828,-0.070800195194813,-0.00821516326152282,14.0820759189083
2010-02-10,1.2,13.3,16.5244341967808,14.1356665475828,-0.070800195194813,-0.00821516326152282,14.0820759189083
2010-04-14,5.8,12.6,17.3371112884258,12.5093548782727,0.00731974135177647,0.0110374201503587,12.8777756964308
2010-04-14,5.6,13,17.3371112884258,12.5733073606048,0.0344561262378296,0.0110374201503587,12.8777756964308
2010-04-28,9.2,12.2,17.6080036523074,11.5028232942077,0.0554320300803253,0.00800010336679678,12.301131801102
2010-04-28,8.5,12.7,17.6080036523074,11.6982560351649,0.0796479588749636,0.00800010336679678,12.301131801102
2010-05-13,9.5,12.1,13.0028334663193,11.4208128106946,0.0731272970226438,-0.000808342659663374,11.707629434314
2010-05-13,9.5,12.1,13.0028334663193,11.4208128106946,0.0731272970226438,-0.000808342659663374,11.707629434314
2010-05-26,16.8,10.6,20.0460349272423,9.70405728152697,0.0625719654991541,-0.00905938456774878,10.7455286860177
2010-05-26,16.8,10.8,20.0460349272423,9.70405728152697,0.0765398150522588,-0.00905938456774878,10.7455286860177
2010-06-09,17.6,9.1,17.3371112884258,9.54392899364683,-0.03584798994285,-0.0206854576582494,9.57260753920661
2010-06-09,17.5,9.1,17.3371112884258,9.56368393178863,-0.0374432334028717,-0.0206854576582494,9.57260753920661
2010-06-22,19.2,8.7,18.1497883800707,9.2375759102902,-0.0414663939130371,-0.0185252510957579,9.41775743927936
2010-06-22,19.2,8.7,18.1497883800707,9.2375759102902,-0.0414663939130371,-0.0185252510957579,9.41775743927936
2010-07-07,23.1,8.4,24.1094203854671,8.56044588627985,-0.00931686607145467,-0.0206487789233545,8.92964468093171
2010-07-07,22.5,8.6,24.1094203854671,8.65873037571136,-0.00341038999201631,-0.0206487789233545,8.92964468093171
2010-07-21,22.7,7.7,19.504250199479,8.62574537063278,-0.0664492869826143,-0.0167907223625086,8.58431747689361
2010-07-21,22.7,7.8,19.504250199479,8.62574537063278,-0.0592713642956023,-0.0167907223625086,8.58431747689361
2010-08-04,23.8,7.9,15.1699723773725,8.44827442484437,-0.0505989184217005,-0.0149755033252256,8.4466921996965
2010-08-04,23.8,7.9,15.1699723773725,8.44827442484437,-0.0505989184217005,-0.0149755033252256,8.4466921996965
2010-08-18,21.5,8.1,13.5446181940826,8.82710410727569,-0.075154997771047,-0.0124832657991445,8.51508632813452
2010-08-18,21.5,8.3,13.5446181940826,8.82710410727569,-0.0544825804324521,-0.0124832657991445,8.51508632813452
2010-09-02,21.9,8.5,11.9192640107927,8.75905511615564,-0.0304278151981112,-0.0174573609049866,8.62440154909222
2010-09-02,21.9,8.4,11.9192640107927,8.75905511615564,-0.0421735068677673,-0.0174573609049866,8.62440154909222
2010-09-13,17.5,8.6,10.5648021913844,9.56368393178863,-0.127703053977132,-0.00987470996118906,8.99846181250772
2010-09-13,17.5,8.6,10.5648021913844,9.56368393178863,-0.127703053977132,-0.00987470996118906,8.99846181250772
2010-09-29,14.6,9.5,12.7319411024377,10.1703402912669,-0.0737103949997105,-0.00536044753279746,9.76481862187151
2010-09-29,14.6,9.4,12.7319411024377,10.1703402912669,-0.0847063616691757,-0.00536044753279746,9.76481862187151
2010-10-11,15.2,9.5,17.6080036523074,10.0392373105649,-0.042874379725153,-0.00425165951845343,10.0129999095236
2010-10-11,14.6,9.6,17.6080036523074,10.1703402912669,-0.0453473558695619,-0.00425165951845343,10.0129999095236
2010-10-25,11.7,9.2,15.1699723773725,10.8496032952481,-0.152237891796831,8.06079093680991e-05,10.4076359397574
2010-10-25,11.6,9.2,15.1699723773725,10.874463838475,-0.154532211104201,8.06079093680991e-05,10.4076359397574
2010-11-12,8.7,10.2,14.0864029218459,11.6418273259294,-0.143298347172133,0.00506119302771844,11.2336257630447
2010-11-12,8.6,10.4,14.0864029218459,11.6699819444229,-0.126219215228801,0.00506119302771844,11.2336257630447
2011-01-13,0.5,14.5,22.4840662021772,14.4146043450762,0.00531727294424025,-0.00752073675550056,13.6261056642989
2011-01-13,1.2,13.5,22.4840662021772,14.1356665475828,-0.0395806149392031,-0.00752073675550056,13.6261056642989
2011-02-16,0.7,12.6,27.6310211159285,14.3339730626299,-0.087856408834723,-0.0068837189364028,14.0308012020759
2011-02-16,1.3,12.2,27.6310211159285,14.0965572920196,-0.0960941760960424,-0.0068837189364028,14.0308012020759
2011-03-17,0.5,12.3,12.461048738556,14.4146043450762,-0.237575997431634,-0.00765610871631844,13.9156768502769
2011-03-17,2.2,11.5,12.461048738556,13.7526139373269,-0.253081388125852,-0.00765610871631844,13.9156768502769
2011-05-04,5.2,10.7,14.8990800134909,12.7029159154454,-0.18820506226455,0.0113575248633294,13.1100800809844
2011-05-04,4.7,10.9,14.8990800134909,12.8681884512592,-0.184941877570147,0.0113575248633294,13.1100800809844
2011-05-19,9.2,11.3,13.273725830201,11.5028232942077,-0.0213920805298505,0.013194952493255,12.3743044701779
2011-05-19,9,11.3,13.273725830201,11.5580737053635,-0.0272194252111807,0.013194952493255,12.3743044701779
2011-06-02,12.5,10.3,11.6483716469111,10.6543003874457,-0.0425828225145559,0.00637154826392998,11.3015597794185
2011-06-02,12.4,10.4,11.6483716469111,10.6783700674409,-0.0334568733064539,0.00637154826392998,11.3015597794185
2011-06-16,16.8,9.6,13.5446181940826,9.70405728152697,-0.0107555777542258,-0.0108857803325493,10.1577538287613
2011-06-16,16.7,9.6,13.5446181940826,9.72441380556497,-0.0128596705566096,-0.0108857803325493,10.1577538287613
2011-06-29,19.7,8.8,15.7117571051358,9.14545240557281,-0.0307816219768215,-0.0148319220529897,9.54646506138224
2011-06-29,18.9,8.9,15.7117571051358,9.29365667488526,-0.0350768753075503,-0.0148319220529897,9.54646506138224
2011-07-13,22.4,8.6,16.7953265606625,8.67530773263669,-0.00627739063664948,-0.0231473021641394,8.7812351389573
2011-07-13,22.4,8.5,16.7953265606625,8.67530773263669,-0.0146130427893086,-0.0231473021641394,8.7812351389573
2011-07-28,23.7,8.2,16.5244341967808,8.46413794850241,-0.0223785651901725,-0.0277822077043184,8.45552182242176
2011-07-28,23.6,8.2,16.5244341967808,8.48005465605396,-0.0237270767523116,-0.0277822077043184,8.45552182242176
2011-08-11,22.8,8.4,14.6281876496092,8.60933712667975,-0.0200347428110469,-0.0136165920075147,8.42953846334029
2011-08-11,22.7,8.4,14.6281876496092,8.62574537063278,-0.021605104231373,-0.0136165920075147,8.42953846334029
2011-08-25,21.4,8.3,17.3371112884258,8.84426492646001,-0.0439502800880503,-0.0102285444401931,8.63253263053423
2011-08-25,21.4,8.3,17.3371112884258,8.84426492646001,-0.0439502800880503,-0.0102285444401931,8.63253263053423
2011-09-09,20.9,8.7,18.4206807439524,8.93097628253116,-0.017554551866917,-0.0115243887541676,8.91694862617714
2011-09-09,20.6,8.7,18.4206807439524,8.98374049944066,-0.0215647133099214,-0.0115243887541676,8.91694862617714
2011-09-21,16.8,9.1,13.8155105579643,9.70405728152697,-0.0612123736281498,-0.00825061599969953,8.91534007462467
2011-09-21,16.9,9,13.8155105579643,9.68377736090661,-0.0692908380948255,-0.00825061599969953,8.91534007462467
2011-10-05,15.6,9.2,15.4408647412542,9.95350983797675,-0.0683196045587381,0.00210096106372371,9.61359624427308
2011-10-05,15.6,9.2,15.4408647412542,9.95350983797675,-0.0683196045587381,0.00210096106372371,9.61359624427308
2011-10-21,10.9,9.6,14.8990800134909,11.0513552350938,-0.136377368756421,0.000193972317498292,10.5617033537313
2011-10-21,11,9.5,14.8990800134909,11.0257738600532,-0.143370154542451,0.000193972317498292,10.5617033537313
2011-11-02,9.2,9.8,13.273725830201,11.5028232942077,-0.179599356080321,0.00568923880687265,11.1115452743499
2011-11-02,9.2,9.8,13.273725830201,11.5028232942077,-0.179599356080321,0.00568923880687265,11.1115452743499
2011-11-14,7.5,10,11.9192640107927,11.9877165695243,-0.233471059522993,0.00186535081657798,11.6578173532275
2011-11-14,7.3,10,11.9192640107927,12.0471107018491,-0.240447311175732,0.00186535081657798,11.6578173532275
2012-01-16,1.7,12.3,18.4206807439524,13.9419244543685,-0.124788777790997,-0.00827653570565448,13.5304539566095
2012-01-16,1.6,12.4,18.4206807439524,13.9803141613057,-0.120106300987513,-0.00827653570565448,13.5304539566095
2012-02-22,1.6,12,18.691573107834,13.9803141613057,-0.148325655087106,-0.00735093902542269,13.8798836002046
2012-02-22,1.6,12,18.691573107834,13.9803141613057,-0.148325655087106,-0.00735093902542269,13.8798836002046
2012-04-04,4.9,11.7,13.8155105579643,12.801638702842,-0.111634975595581,0.00739840674601914,13.1009026182739
2012-04-04,4.9,11.7,13.8155105579643,12.801638702842,-0.111634975595581,0.00739840674601914,13.1009026182739
2012-04-17,6.6,12,10.2939098275028,12.2590752733853,-0.0352349485100707,0.0147722067736355,12.6934842359186
2012-04-17,6.5,12.1,10.2939098275028,12.2898844882916,-0.0258248117637446,0.0147722067736355,12.6934842359186
2012-05-01,8.4,12.5,11.1065869191477,11.7266502642623,0.0974817590601367,0.0256178541078032,12.1893794466541
2012-05-01,8.4,12.5,11.1065869191477,11.7266502642623,0.0974817590601367,0.0256178541078032,12.1893794466541
2012-05-14,13.9,11,13.5446181940826,10.3272208217472,0.0695398597477907,0.0131999569872384,11.329637251272
2012-05-14,13.7,11,13.5446181940826,10.3728416971283,0.0648243908716466,0.0131999569872384,11.329637251272
2012-05-31,15.8,9.6,14.8990800134909,9.91113781266596,-0.0292362305147649,0.00504638836148803,10.3632159866242
2012-05-31,15.7,9.7,14.8990800134909,9.93228321315209,-0.0218266160137717,0.00504638836148803,10.3632159866242
2012-06-12,19.1,9,15.7117571051358,9.25620156457271,-0.0228289037312418,-0.0227294707999404,9.63925108215566
2012-06-12,19.1,9,15.7117571051358,9.25620156457271,-0.0228289037312418,-0.0227294707999404,9.63925108215566
2012-06-25,21.7,8.8,19.504250199479,8.79296138125122,0.000505226612021083,-0.0332351965846947,9.12600500909506
2012-06-25,20.9,8.8,19.504250199479,8.93097628253116,-0.00940137629840941,-0.0332351965846947,9.12600500909506
2012-07-09,24.6,8.3,16.2535418328991,8.323247432318,-0.00200241926220207,-0.0336642703898897,8.38749355295406
2012-07-09,24.6,8.3,16.2535418328991,8.323247432318,-0.00200241926220207,-0.0336642703898897,8.38749355295406
2012-07-24,25.4,8.1,17.6080036523074,8.20146601324232,-0.00806749142857188,-0.0302074941017961,8.08744940598129
2012-07-24,25.4,8.1,17.6080036523074,8.20146601324232,-0.00806749142857188,-0.0302074941017961,8.08744940598129
2012-08-06,23.2,8.3,14.0864029218459,8.54425899459957,-0.0242760763224413,-0.0227593275460655,8.13252977473032
2012-08-06,23.2,8.3,14.0864029218459,8.54425899459957,-0.0242760763224413,-0.0227593275460655,8.13252977473032
2012-08-21,20.9,8.6,11.6483716469111,8.93097628253116,-0.0397795339631447,-0.0192799087305029,8.61021246720796
2012-08-21,20.8,8.6,11.6483716469111,8.94850225442513,-0.0418859537611484,-0.0192799087305029,8.61021246720796
2012-09-06,21.6,8.5,13.5446181940826,8.81000303039173,-0.0320425601024343,-0.0147543034496096,8.68602144110421
2012-09-06,21.7,8.4,13.5446181940826,8.79296138125122,-0.0406173083558792,-0.0147543034496096,8.68602144110421
2012-09-21,17.5,8.8,9.21034037197618,9.56368393178863,-0.116082301122894,-0.0154930703428096,9.30738259250398
2012-09-21,17.8,8.8,9.21034037197618,9.50463898410703,-0.107107287886058,-0.0154930703428096,9.30738259250398
2012-10-02,14.8,8.2,13.273725830201,10.1262995958429,-0.203169740634853,-0.00764883430163917,9.93840413599265
2012-10-02,14.7,8.2,13.273725830201,10.148277101008,-0.205487741445233,-0.00764883430163917,9.93840413599265
2012-10-16,10,9.8,9.21034037197618,11.2863936516859,-0.225936396302123,-0.00389726195824207,10.8697404609488
2012-10-16,10,9.7,9.21034037197618,11.2863936516859,-0.241136703168737,-0.00389726195824207,10.8697404609488
2012-11-01,8.3,9.8,7.04320146092296,11.7551653020326,-0.388634548938047,-0.00168573186485145,11.5380384070226
2012-11-01,8.3,9.8,7.04320146092296,11.7551653020326,-0.388634548938047,-0.00168573186485145,11.5380384070226
2012-11-09,6.5,10.6,10.2939098275028,12.2898844882916,-0.229828930236719,-0.00146070683125663,11.9525935596708
2012-11-09,6.5,10.6,10.2939098275028,12.2898844882916,-0.229828930236719,-0.00146070683125663,11.9525935596708
2013-01-15,1.2,13.2,18.1497883800707,14.1356665475828,-0.072173467766395,-0.0064934388243285,13.6161937136192
2013-01-15,1.9,12.4,18.1497883800707,13.8656757457838,-0.113056196641414,-0.0064934388243285,13.6161937136192
2013-02-21,2,12,14.8990800134909,13.8278146692537,-0.171751580274632,-0.00599208775404376,13.7830615224832
2013-02-21,2,12,14.8990800134909,13.8278146692537,-0.171751580274632,-0.00599208775404376,13.7830615224832
2013-03-28,0.7,11.6,26.5474516604019,14.3339730626299,-0.144178143222351,-0.00518848408719138,13.9406717456117
2013-03-28,1.4,11.9,26.5474516604019,14.0576295211713,-0.113784229397257,-0.00518848408719138,13.9406717456117
2013-05-16,5,11.3,14.6281876496092,12.7685850355718,-0.140551864595164,0.0114642058511144,13.1224815899228
2013-05-16,4.8,11.3,14.6281876496092,12.8348395595935,-0.14689279594306,0.0114642058511144,13.1224815899228
2013-05-30,12.7,11.1,15.4408647412542,10.6064499028892,0.0447494455481491,0.00905910193971408,11.9808991228335
2013-05-30,12.5,11.2,15.4408647412542,10.6543003874457,0.0494777637378582,0.00905910193971408,11.9808991228335
2013-06-12,16.8,10.5,16.5244341967808,9.70405728152697,0.0674346723520088,0.0043613193049719,10.9172590690453
2013-06-12,16.3,10.6,16.5244341967808,9.80661413635698,0.0672180478843029,0.0043613193049719,10.9172590690453
2013-06-24,20.3,9.3,13.0028334663193,9.03706856750458,0.0283095224165624,-0.0083033209005729,9.9770031666778
2013-06-24,19.9,9.3,13.0028334663193,9.10906533786624,0.0205577136460041,-0.0083033209005729,9.9770031666778
2013-07-09,23.2,8.6,18.1497883800707,8.54425899459957,0.00429963181533814,-0.0119841371888691,9.04933026548769
2013-07-09,23.2,8.6,18.1497883800707,8.54425899459957,0.00429963181533814,-0.0119841371888691,9.04933026548769
2013-07-24,22.1,8.5,16.2535418328991,8.72538282810799,-0.019413366181671,-0.0101485955212727,8.67065466493251
2013-07-24,22.2,8.5,16.2535418328991,8.70863365629744,-0.01797067505774,-0.0101485955212727,8.67065466493251
2013-08-06,20,8.9,14.3572952857276,9.09096948753112,-0.0186217025716083,-0.00732955338644339,9.04556160845735
2013-08-06,20,8.9,14.3572952857276,9.09096948753112,-0.0186217025716083,-0.00732955338644339,9.04556160845735
2013-08-20,20.8,8.8,12.461048738556,8.94850225442513,-0.016684242278253,-0.0231142864081743,8.98920679225845
2013-08-20,20.8,8.8,12.461048738556,8.94850225442513,-0.016684242278253,-0.0231142864081743,8.98920679225845
2013-09-05,20.7,8.7,16.7953265606625,8.96609021736743,-0.0221803549320035,-0.00419298361296317,8.74668997046459
2013-09-05,20.7,8.7,16.7953265606625,8.96609021736743,-0.0221803549320035,-0.00419298361296317,8.74668997046459
2013-09-17,18.5,9,16.2535418328991,9.36939223592771,-0.0318176269280593,-0.00748047785958001,8.99411021862526
2013-09-17,18.5,9,16.2535418328991,9.36939223592771,-0.0318176269280593,-0.00748047785958001,8.99411021862526
2013-10-02,17.2,9.2,15.4408647412542,9.62339317098404,-0.038388422495145,-0.0124238156532071,9.4779995367488
2013-10-02,16.5,9.3,15.4408647412542,9.76535829934832,-0.042193337614505,-0.0124238156532071,9.4779995367488
2013-10-14,14.1,9.6,14.8990800134909,10.2819577280635,-0.064080521644585,-0.0084483736444896,9.87225837858013
2013-10-14,14.1,9.6,14.8990800134909,10.2819577280635,-0.064080521644585,-0.0084483736444896,9.87225837858013
2013-10-30,8.2,10.1,14.3572952857276,11.7838018230357,-0.164189877364532,-0.00273719691778376,10.9644799135884
2013-10-30,8.2,10.1,14.3572952857276,11.7838018230357,-0.164189877364532,-0.00273719691778376,10.9644799135884
2013-11-14,5.3,10.9,11.1065869191477,12.670298799297,-0.223148509713905,-0.00340647673688326,12.0804328456262
2013-11-14,5.3,10.9,11.1065869191477,12.670298799297,-0.223148509713905,-0.00340647673688326,12.0804328456262
