"Dates","Flow","Solute"
1991-01-01,0.0034,NA
1991-01-02,0.00259,5.9
1991-01-03,0.00207,NA
1991-01-04,0.0018,6.1
1991-01-05,0.00165,NA
1991-01-06,0.00152,NA
1991-01-07,0.00132,6.3
1991-01-08,0.0012,NA
1991-01-09,0.00111,6.2
1991-01-10,0.00108,NA
1991-01-11,0.00099,6.5
1991-01-12,0.00096,NA
1991-01-13,0.00097,NA
1991-01-14,0.00085,6.6
1991-01-15,0.00079,NA
1991-01-16,0.00075,6.8
1991-01-17,0.00072,NA
1991-01-18,0.00072,6.7
1991-01-19,0.00073,23.9
1991-01-20,0.00074,NA
1991-01-21,0.00073,6.6
1991-01-22,7e-04,NA
1991-01-23,0.00066,6.6
1991-01-24,0.00063,NA
1991-01-25,0.00058,6.8
1991-01-26,0.00056,NA
1991-01-27,0.00056,NA
1991-01-28,0.00052,6.8
1991-01-29,0.00049,NA
1991-01-30,0.00047,6.8
1991-01-31,0.00045,NA
1991-02-01,0.00041,7.2
1991-02-02,4e-04,NA
1991-02-03,4e-04,NA
1991-02-04,4e-04,7.3
1991-02-05,0.00039,NA
1991-02-06,0.00042,7
1991-02-07,0.00045,NA
1991-02-08,0.00051,5.7
1991-02-09,0.00054,NA
1991-02-10,0.00056,NA
1991-02-11,0.00058,7.3
1991-02-12,0.00059,NA
1991-02-13,0.00057,7.4
1991-02-14,0.00055,NA
1991-02-15,0.00053,7.2
1991-02-16,0.00052,NA
1991-02-17,0.00049,NA
1991-02-18,0.00045,7.2
1991-02-19,0.00066,NA
1991-02-20,0.00132,6.3
1991-02-21,0.00144,NA
1991-02-22,0.00123,6.6
1991-02-23,0.00112,NA
1991-02-24,0.00107,NA
1991-02-25,0.00087,6.9
1991-02-26,0.00075,NA
1991-02-27,7e-04,6.7
1991-02-28,0.00065,NA
1991-03-01,0.00054,6.3
1991-03-02,0.00281,NA
1991-03-03,0.0078,NA
1991-03-04,0.00884,6.9
1991-03-05,0.00692,NA
1991-03-06,0.00562,6.2
1991-03-07,0.00989,NA
1991-03-08,0.00909,5.7
1991-03-09,0.00623,NA
1991-03-10,0.00445,NA
1991-03-11,0.00343,5.7
1991-03-12,0.00295,NA
1991-03-13,0.00241,5.6
1991-03-14,0.00221,NA
1991-03-15,0.00191,5.2
1991-03-16,0.00184,NA
1991-03-17,0.00238,NA
1991-03-18,0.00335,4.8
1991-03-19,0.00377,NA
1991-03-20,0.00392,4.9
1991-03-21,0.0039,NA
1991-03-22,0.00339,NA
1991-03-23,0.00303,NA
1991-03-24,0.00606,NA
1991-03-25,0.00775,5.2
1991-03-26,0.00618,NA
1991-03-27,0.0159,4.8
1991-03-28,0.059,NA
1991-03-29,0.0189,NA
1991-03-30,0.00937,4.9
1991-03-31,0.00664,NA
1991-04-01,0.00508,4.9
1991-04-02,0.00425,NA
1991-04-03,0.00383,4.6
1991-04-04,0.00559,NA
1991-04-05,0.01117,4.7
1991-04-06,0.01675,NA
1991-04-07,0.02233,4.4
1991-04-08,0.0251,4.5
1991-04-09,0.0246,NA
1991-04-10,0.0195,4.5
1991-04-11,0.0117,NA
1991-04-12,0.00758,4.6
1991-04-13,0.00603,NA
1991-04-14,0.00502,NA
1991-04-15,0.00567,4.9
1991-04-16,0.00982,NA
1991-04-17,0.00952,5.4
1991-04-18,0.007,NA
1991-04-19,0.00549,5.3
1991-04-20,0.00516,NA
1991-04-21,0.00551,NA
1991-04-22,0.00548,5.3
1991-04-23,0.00519,NA
1991-04-24,0.00446,5.4
1991-04-25,0.00379,NA
1991-04-26,0.00312,5.7
1991-04-27,0.00281,NA
1991-04-28,0.00252,NA
1991-04-29,0.00219,6.5
1991-04-30,0.00191,NA
1991-05-01,0.00165,7.3
1991-05-02,0.00155,NA
1991-05-03,0.00141,7.6
1991-05-04,0.00128,NA
1991-05-05,0.00113,NA
1991-05-06,0.0011,7.9
1991-05-07,0.00119,NA
1991-05-08,0.0012,7.9
1991-05-09,0.00111,NA
1991-05-10,0.00096,8.1
1991-05-11,0.00089,NA
1991-05-12,0.00083,NA
1991-05-13,0.00071,9.2
1991-05-14,0.00064,NA
1991-05-15,0.00052,10.2
1991-05-16,0.00042,NA
1991-05-17,0.00098,13.1
1991-05-18,0.00135,NA
1991-05-19,0.0011,NA
1991-05-20,0.00089,NA
1991-05-21,0.00067,11
1991-05-22,0.00057,11.7
1991-05-23,0.00047,NA
1991-05-24,0.00036,12.6
1991-05-25,0.00029,NA
1991-05-26,0.00073,NA
1991-05-27,0.00192,16.2
1991-05-28,0.00136,NA
1991-05-29,0.00083,16
1991-05-30,0.00077,NA
1991-05-31,0.00076,18.3
1991-06-01,0.00053,NA
1991-06-02,0.00037,NA
1991-06-03,0.00049,19.6
1991-06-04,0.00063,NA
1991-06-05,0.00044,19.7
1991-06-06,0.00033,NA
1991-06-07,2e-04,20
1991-06-08,0.00014,NA
1991-06-09,9e-05,NA
1991-06-10,6e-05,19.9
1991-06-11,5e-05,NA
1991-06-12,4e-05,20.5
1991-06-13,3e-05,NA
1991-06-14,1e-05,21.1
1991-06-15,1e-05,NA
1991-06-16,1e-05,NA
1991-06-17,0.00197620831481515,20.6
1991-06-18,0.0014982416526273,NA
1991-06-19,0.0013695583204998,NA
1991-06-20,0.00118572498888909,NA
1991-06-21,0.00125925832153338,NA
1991-06-22,0.00125925832153338,NA
1991-06-23,0.00109380832308374,NA
1991-06-24,0.000983508324117309,NA
1991-06-25,0.00077209999276499,NA
1991-06-26,0.000836441658828739,NA
1991-06-27,0.000891591658311953,NA
1991-06-28,0.000818058325667668,NA
1991-06-29,0.000909974991473024,NA
1991-06-30,0.00221519164590908,NA
1991-07-01,0.000946741657795167,NA
1991-07-02,0.000698566660120705,NA
1991-07-03,0.000606649994315349,NA
1991-07-04,0.000569883327993207,NA
1991-07-05,0.00125925832153338,NA
1991-07-06,0.00135117498733873,NA
1991-07-07,0.000698566660120705,NA
1991-07-08,0.000955933324375702,NA
1991-07-09,0.000762908326184454,NA
1991-07-10,0.000928358324634095,NA
1991-07-11,0.00151662498578837,NA
1991-07-12,0.000836441658828739,NA
1991-07-13,0.000726141659862312,NA
1991-07-14,0.000744524993023383,NA
1991-07-15,0.000588266661154278,NA
1991-07-16,0.000533116661671065,NA
1991-07-17,0.000652608327218027,NA
1991-07-18,0.000680183326959634,NA
1991-07-19,0.000569883327993207,NA
1991-07-20,0.000386049996382495,NA
1991-07-21,0.00234387497803658,NA
1991-07-22,0.0142470831998302,NA
1991-07-23,0.0124087498837231,NA
1991-07-24,0.00159934998501319,NA
1991-07-25,0.00168207498423801,NA
1991-07-26,0.00159934998501319,NA
1991-07-27,0.00120410832205016,NA
1991-07-28,0.00103865832360052,NA
1991-07-29,0.00105704165676159,NA
1991-07-30,0.0115814998914749,NA
1991-07-31,0.00259204997571104,NA
1991-08-01,0.00171884165056016,NA
1991-08-02,0.00120410832205016,NA
1991-08-03,0.00110299998966427,NA
1991-08-04,0.00209569998036212,NA
1991-08-05,0.00218761664616747,NA
1991-08-06,0.00131440832101659,NA
1991-08-07,0.00101108332385892,NA
1991-08-08,0.000836441658828739,NA
1991-08-09,0.000845633325409275,NA
1991-08-10,0.00192105831533194,NA
1991-08-11,0.00202216664771783,NA
1991-08-12,0.00109380832308374,NA
1991-08-13,0.000799674992506597,NA
1991-08-14,0.000799674992506597,NA
1991-08-15,0.000818058325667668,NA
1991-08-16,0.000974316657536773,NA
1991-08-17,0.00123168332179177,NA
1991-08-18,0.00620437494186153,NA
1991-08-19,0.00160854165159373,NA
1991-08-20,0.00114895832256695,NA
1991-08-21,0.00091916665805356,NA
1991-08-22,0.000790483325926061,NA
1991-08-23,0.000891591658311953,NA
1991-08-24,0.000735333326442848,NA
1991-08-25,0.00068937499354017,NA
1991-08-26,0.000597458327734814,NA
1991-08-27,0.000533116661671065,NA
1991-08-28,0.000496349995348922,NA
1991-08-29,0.000422816662704637,NA
1991-08-30,0.000432008329285173,NA
1991-08-31,0.000533116661671065,NA
1991-09-01,0.000551499994832136,NA
1991-09-02,0.000588266661154278,NA
1991-09-03,0.000496349995348922,NA
1991-09-04,0.00159934998501319,NA
1991-09-05,0.00068937499354017,NA
1991-09-06,0.000606649994315349,NA
1991-09-07,0.000569883327993207,NA
1991-09-08,0.000551499994832136,NA
1991-09-09,0.000560691661412671,NA
1991-09-10,0.000864016658570346,NA
1991-09-11,0.000818058325667668,NA
1991-09-12,0.000569883327993207,NA
1991-09-13,0.000606649994315349,NA
1991-09-14,0.000615841660895885,NA
1991-09-15,0.0227953331197283,NA
1991-09-16,0.00336414996847603,NA
1991-09-17,0.00283103330680496,NA
1991-09-18,0.00228872497855336,NA
1991-09-19,0.0017556083168823,NA
1991-09-20,0.0013695583204998,NA
1991-09-21,0.00120410832205016,NA
1991-09-22,0.00115814998914749,NA
1991-09-23,0.00372262496511692,NA
1991-09-24,0.00200378331455676,NA
1991-09-25,0.00144309165314409,NA
1991-09-26,0.0040535249620162,NA
1991-09-27,0.00305163330473782,NA
1991-09-28,0.00184752498268765,NA
1991-09-29,0.00352040830034513,NA
1991-09-30,0.0024265999772614,NA
1991-10-01,0.00358474996640888,NA
1991-10-02,0.00420059162730477,NA
1991-10-03,0.020129749811373,NA
1991-10-04,0.00543227494909654,NA
1991-10-05,0.00766584992816669,NA
1991-10-06,0.008649358252284,NA
1991-10-07,0.00682940826933795,NA
1991-10-08,0.00492673328716708,NA
1991-10-09,0.00412705829466048,NA
1991-10-10,0.00397079996279138,NA
1991-10-11,0.00376858329801959,NA
1991-10-12,0.00370424163195585,NA
1991-10-13,0.0272992497441907,NA
1991-10-14,0.0131440832101659,NA
1991-10-15,0.00548742494857975,NA
1991-10-16,0.00375939163143906,NA
1991-10-17,0.00298729163867407,NA
1991-10-18,0.00253689997622782,NA
1991-10-19,0.00383292496408334,NA
1991-10-20,0.00305163330473782,NA
1991-10-21,0.00324465830292907,NA
1991-10-22,0.00285860830654657,NA
1991-10-23,0.00254609164280836,NA
1991-10-24,0.00256447497596943,NA
1991-10-25,0.00016,NA
1991-10-26,0.00064,NA
1991-10-27,0.00611,NA
1991-10-28,0.00794,21.1
1991-10-29,0.00537,NA
1991-10-30,0.0039,17.7
1991-10-31,0.003,NA
1991-11-01,0.00239,16
1991-11-02,0.00219,NA
1991-11-03,0.00187,NA
1991-11-04,0.00162,15.6
1991-11-05,0.00151,NA
1991-11-06,0.00136,14.3
1991-11-07,0.00132,NA
1991-11-08,0.00119,14.2
1991-11-09,0.00114,NA
1991-11-10,0.0011,NA
1991-11-11,0.00104,NA
1991-11-12,0.001,12.4
1991-11-13,0.00095,12.8
1991-11-14,0.00119,NA
1991-11-15,0.00372,12
1991-11-16,0.00553,NA
1991-11-17,0.0041,NA
1991-11-18,0.00316,10.1
1991-11-19,0.00278,NA
1991-11-20,0.0034,10.1
1991-11-21,0.00449,NA
1991-11-22,0.00367,9.1
1991-11-23,0.00302,NA
1991-11-24,0.00375,NA
1991-11-25,0.00395,8.9
1991-11-26,0.00315,NA
1991-11-27,0.00258,8.3
1991-11-28,0.00242,NA
1991-11-29,0.00213,8.2
1991-11-30,0.00437,NA
1991-12-01,0.00645,NA
1991-12-02,0.00458,8
1991-12-03,0.00311,NA
1991-12-04,0.00282,7.8
1991-12-05,0.00222,NA
1991-12-06,0.00185,7.6
1991-12-07,0.00187,NA
1991-12-08,0.00198,NA
1991-12-09,0.0058,6.9
1991-12-10,0.00649,NA
1991-12-11,0.00511,6.7
1991-12-12,0.00433,NA
1991-12-13,0.0126,6.7
1991-12-14,0.0112,NA
1991-12-15,0.00666,NA
1991-12-16,0.00422,6.8
1991-12-17,0.00321,NA
1991-12-18,0.00277,6.6
1991-12-19,0.0023,NA
1991-12-20,0.00195,6.7
1991-12-21,0.00181,NA
1991-12-22,0.00169,NA
1991-12-23,0.00158,NA
1991-12-24,0.00144,NA
1991-12-25,0.00129,NA
1991-12-26,0.00117,NA
1991-12-27,0.00108,NA
1991-12-28,0.00104,NA
1991-12-29,0.00103,NA
1991-12-30,0.001,1.8
1991-12-31,0.00101,NA
1992-01-01,0.00096,NA
1992-01-02,9e-04,NA
1992-01-03,0.00083,7.6
1992-01-04,0.00109,NA
1992-01-05,0.00218,NA
1992-01-06,0.00229,6.6
1992-01-07,0.00213,NA
1992-01-08,0.00176,6.8
1992-01-09,0.00153,NA
1992-01-10,0.00134,6.6
1992-01-11,0.00117,NA
1992-01-12,0.00107,NA
1992-01-13,0.001,6.8
1992-01-14,0.001,NA
1992-01-15,0.00099,6.8
1992-01-16,0.00096,NA
1992-01-17,0.00085,6.9
1992-01-18,0.00079,NA
1992-01-19,0.00075,NA
1992-01-20,0.00063,7.3
1992-01-21,0.00059,NA
1992-01-22,0.00054,7
1992-01-23,0.00051,NA
1992-01-24,0.00054,7.1
1992-01-25,0.00052,NA
1992-01-26,0.00051,NA
1992-01-27,0.00049,7.2
1992-01-28,0.00049,NA
1992-01-29,0.00047,7.1
1992-01-30,0.00045,NA
1992-01-31,0.00043,7.3
1992-02-01,0.00042,NA
1992-02-02,0.00042,NA
1992-02-03,4e-04,7.6
1992-02-04,4e-04,NA
1992-02-05,4e-04,7.7
1992-02-06,0.00039,NA
1992-02-07,0.00037,8
1992-02-08,0.00036,NA
1992-02-09,0.00033,NA
1992-02-10,0.00031,8.2
1992-02-11,3e-04,NA
1992-02-12,0.00027,7.8
1992-02-13,0.00024,NA
1992-02-14,0.00022,7.8
1992-02-15,0.00022,NA
1992-02-16,0.00022,NA
1992-02-17,0.00022,7.9
1992-02-18,0.00023,NA
1992-02-19,0.00035,8.6
1992-02-20,0.00047,NA
1992-02-21,0.00046,7.8
1992-02-22,0.00044,NA
1992-02-23,0.00043,NA
1992-02-24,0.00039,7.4
1992-02-25,0.00037,NA
1992-02-26,0.00039,7.5
1992-02-27,4e-04,NA
1992-02-28,4e-04,7.7
1992-02-29,4e-04,NA
1992-03-01,4e-04,NA
1992-03-02,0.00035,7.5
1992-03-03,0.00034,NA
1992-03-04,0.00033,7.4
1992-03-05,0.00033,NA
1992-03-06,0.00035,7.3
1992-03-07,0.00062,NA
1992-03-08,0.00099,NA
1992-03-09,0.00158,7.4
1992-03-10,0.00496,NA
1992-03-11,0.00935,7.8
1992-03-12,0.00886,NA
1992-03-13,0.00726,7.4
1992-03-14,0.00557,NA
1992-03-15,0.00428,NA
1992-03-16,0.00332,6.6
1992-03-17,0.00268,NA
1992-03-18,0.00211,6.5
1992-03-19,0.00191,NA
1992-03-20,0.00166,6.3
1992-03-21,0.00155,NA
1992-03-22,0.00141,NA
1992-03-23,0.00122,6.5
1992-03-24,0.00117,NA
1992-03-25,0.00108,6.5
1992-03-26,0.00199,NA
1992-03-27,0.00214,6.4
1992-03-28,0.00222,NA
1992-03-29,0.00212,NA
1992-03-30,0.00219,5.9
1992-03-31,0.00235,NA
1992-04-01,0.00258,5.5
1992-04-02,0.0027,NA
1992-04-03,0.00288,5.3
1992-04-04,0.00305,NA
1992-04-05,0.00331,NA
1992-04-06,0.00365,5.1
1992-04-07,0.00386,NA
1992-04-08,0.0052,5.1
1992-04-09,0.00876,NA
1992-04-10,0.0116,4.9
1992-04-11,0.00907,NA
1992-04-12,0.00649,NA
1992-04-13,0.00494,5.2
1992-04-14,0.00418,NA
1992-04-15,0.00415,5.1
1992-04-16,0.00507,NA
1992-04-17,0.00537,NA
1992-04-18,0.00698,NA
1992-04-19,0.014,NA
1992-04-20,0.0278,NA
1992-04-21,0.0367,4.8
1992-04-22,0.0366,4.9
1992-04-23,0.023,NA
1992-04-24,0.0141,4.9
1992-04-25,0.0108,NA
1992-04-26,0.00977,NA
1992-04-27,0.00752,5.4
1992-04-28,0.00598,NA
1992-04-29,0.00475,5.2
1992-04-30,0.00449,NA
1992-05-01,0.00446,6
1992-05-02,0.00631,NA
1992-05-03,0.00804,NA
1992-05-04,0.00609,5.9
1992-05-05,0.0047,NA
1992-05-06,0.00371,5.8
1992-05-07,0.00317,NA
1992-05-08,0.0026,6.2
1992-05-09,0.00244,NA
1992-05-10,0.00236,NA
1992-05-11,0.00199,7.5
1992-05-12,0.0017,NA
1992-05-13,0.00152,9.5
1992-05-14,0.00134,NA
1992-05-15,0.0011,10.1
1992-05-16,0.00099,NA
1992-05-17,9e-04,NA
1992-05-18,0.00081,NA
1992-05-19,0.00072,NA
1992-05-20,0.00061,12.2
1992-05-21,0.00056,NA
1992-05-22,0.00047,13.5
1992-05-23,0.00035,NA
1992-05-24,0.00028,NA
1992-05-25,0.00022,15.5
1992-05-26,2e-04,NA
1992-05-27,0.00018,15.5
1992-05-28,0.00015,NA
1992-05-29,0.00013,16
1992-05-30,0.00012,NA
1992-05-31,0.00012,NA
1992-06-01,0.00013,16.6
1992-06-02,0.00012,NA
1992-06-03,1e-04,17.2
1992-06-04,8e-05,NA
1992-06-05,7e-05,18.3
1992-06-06,7e-05,NA
1992-06-07,7e-05,NA
1992-06-08,5e-05,19
1992-06-09,4e-05,NA
1992-06-10,3e-05,19.4
1992-06-11,1e-05,NA
1992-06-12,0.00198539998139569,NA
1992-06-13,0.00193944164849301,NA
1992-06-14,0.00173722498372123,NA
1992-06-15,0.00178318331662391,NA
1992-06-16,0.00157177498527159,NA
1992-06-17,0.0013419833207582,NA
1992-06-18,0.00315274163712371,NA
1992-06-19,0.00682021660275741,NA
1992-06-20,0.00314354997054317,NA
1992-06-21,0.00455906662394566,NA
1992-06-22,0.00317112497028478,NA
1992-06-23,0.00256447497596943,NA
1992-06-24,0.00222438331248961,NA
1992-06-25,0.00218761664616747,NA
1992-06-26,0.00187509998242926,NA
1992-06-27,0.00182914164952658,NA
1992-06-28,0.00159934998501319,NA
1992-06-29,0.00211408331352319,NA
1992-06-30,0.0022979166451339,NA
1992-07-01,0.0014982416526273,NA
1992-07-02,0.00124087498837231,NA
1992-07-03,0.00331819163557335,NA
1992-07-04,0.00511056661877779,NA
1992-07-05,0.0020129749811373,NA
1992-07-06,0.00205893331403997,NA
1992-07-07,0.00207731664720104,NA
1992-07-08,0.00955933324375702,NA
1992-07-09,0.0133279165417766,NA
1992-07-10,0.00420059162730477,NA
1992-07-11,0.00383292496408334,NA
1992-07-12,5e-05,NA
1992-07-13,0.00042,19.8
1992-07-14,0.00041,NA
1992-07-15,0.00025,20.7
1992-07-16,0.00014,NA
1992-07-17,1e-04,20.7
1992-07-18,0.00011,NA
1992-07-19,0.00014,NA
1992-07-20,0.00015,21.3
1992-07-21,0.00011,NA
1992-07-22,4e-05,21.7
1992-07-23,3e-05,NA
1992-07-24,2e-05,21.5
1992-07-25,0.00166369165107694,NA
1992-07-26,0.00164530831791587,NA
1992-07-27,0.0013419833207582,NA
1992-07-28,0.00186590831584873,NA
1992-07-29,0.00181075831636551,NA
1992-07-30,0.00167288331765748,NA
1992-07-31,0.00215084997984533,NA
1992-08-01,0.00333657496873442,NA
1992-08-02,0.00282184164022443,NA
1992-08-03,0.002711541641258,NA
1992-08-04,0.00195782498165408,NA
1992-08-05,0.00179237498320444,NA
1992-08-06,0.00143389998656355,NA
1992-08-07,0.00125006665495284,NA
1992-08-08,0.00294133330577139,NA
1992-08-09,0.00450391662446244,NA
1992-08-10,0.00244498331042247,NA
1992-08-11,0.00210489164694265,NA
1992-08-12,0.00152581665236891,NA
1992-08-13,0.00145228331972462,NA
1992-08-14,0.00131440832101659,NA
1992-08-15,0.00117653332230856,NA
1992-08-16,0.0018842916490098,NA
1992-08-17,0.0040535249620162,NA
1992-08-18,0.00277588330732175,NA
1992-08-19,0.00352040830034513,NA
1992-08-20,0.00197620831481515,NA
1992-08-21,0.00142470831998302,NA
1992-08-22,0.0013419833207582,NA
1992-08-23,0.00164530831791587,NA
1992-08-24,0.00131440832101659,NA
1992-08-25,0.00100189165727838,NA
1992-08-26,0.00104784999018106,NA
1992-08-27,0.00116734165572802,NA
1992-08-28,0.020129749811373,NA
1992-08-29,0.00891591658311953,NA
1992-08-30,0.00464179162317048,NA
1992-08-31,3e-05,18
1992-09-01,4e-05,NA
1992-09-02,3e-05,NA
1992-09-03,4e-05,NA
1992-09-04,3e-05,NA
1992-09-05,2e-05,NA
1992-09-06,3e-05,NA
1992-09-07,0.00029,NA
1992-09-08,0.00111,26
1992-09-09,0.0013,NA
1992-09-10,0.00121,NA
1992-09-11,0.00106,NA
1992-09-12,0.00074,NA
1992-09-13,0.00055,NA
1992-09-14,0.00042,24.7
1992-09-15,0.00034,NA
1992-09-16,0.00025,NA
1992-09-17,0.00022,NA
1992-09-18,0.00113,NA
1992-09-19,0.00367,NA
1992-09-20,0.00234,NA
1992-09-21,0.00176,23.7
1992-09-22,0.0712,NA
1992-09-23,0.018,NA
1992-09-24,0.00879,NA
1992-09-25,0.00555,NA
1992-09-26,0.00375,NA
1992-09-27,0.00392,NA
1992-09-28,0.0054,14.2
1992-09-29,0.00435,NA
1992-09-30,0.00327,NA
1992-10-01,0.00274,NA
1992-10-02,0.00221,NA
1992-10-03,0.00185,NA
1992-10-04,0.00153,NA
1992-10-05,0.00129,14.5
1992-10-06,0.00119,NA
1992-10-07,0.00109,NA
1992-10-08,0.00099,NA
1992-10-09,0.00088,NA
1992-10-10,8e-04,NA
1992-10-11,0.00071,NA
1992-10-12,0.00066,NA
1992-10-13,0.00068,19.2
1992-10-14,0.00074,NA
1992-10-15,0.00074,NA
1992-10-16,0.00317,NA
1992-10-17,0.0061,NA
1992-10-18,0.00485,NA
1992-10-19,0.00371,12.1
1992-10-20,0.00299,NA
1992-10-21,0.00274,NA
1992-10-22,0.00267,NA
1992-10-23,0.00294,NA
1992-10-24,0.00466,NA
1992-10-25,0.00428,NA
1992-10-26,0.0035,10.3
1992-10-27,0.00296,NA
1992-10-28,0.00251,NA
1992-10-29,0.00219,NA
1992-10-30,0.0019,NA
1992-10-31,0.00167,NA
1992-11-01,0.00148,NA
1992-11-02,0.00209,9.2
1992-11-03,0.0125,NA
1992-11-04,0.012,NA
1992-11-05,0.00931,NA
1992-11-06,0.00633,NA
1992-11-07,0.00431,NA
1992-11-08,0.00325,NA
1992-11-09,0.00272,7.4
1992-11-10,0.00312,NA
1992-11-11,0.0075,NA
1992-11-12,0.0221,NA
1992-11-13,0.0484,NA
1992-11-14,0.0147,NA
1992-11-15,0.00844,NA
1992-11-16,0.00567,6.9
1992-11-17,0.00468,NA
1992-11-18,0.00377,NA
1992-11-19,0.00314,NA
1992-11-20,0.00275,NA
1992-11-21,0.00303,NA
1992-11-22,0.00484,NA
1992-11-23,0.00782,5.6
1992-11-24,0.0079,NA
1992-11-25,0.00707,NA
1992-11-26,0.0103,NA
1992-11-27,0.0115,NA
1992-11-28,0.00852,NA
1992-11-29,0.0062,NA
1992-11-30,0.00474,5.7
1992-12-01,0.00397,NA
1992-12-02,0.00338,NA
1992-12-03,0.00296,NA
1992-12-04,0.00242,NA
1992-12-05,0.00217,NA
1992-12-06,0.00183,NA
1992-12-07,0.00177,6
1992-12-08,0.00146,NA
1992-12-09,0.00115,NA
1992-12-10,0.00109,NA
1992-12-11,0.00108,NA
1992-12-12,0.00113,NA
1992-12-13,0.0011,NA
1992-12-14,0.00107,6.2
1992-12-15,0.00107,NA
1992-12-16,0.00124,NA
1992-12-17,0.00157,NA
1992-12-18,0.00165,NA
1992-12-19,0.0016,NA
1992-12-20,0.00152,NA
1992-12-21,0.00141,6.1
1992-12-22,0.00133,NA
1992-12-23,0.00122,NA
1992-12-24,0.0011,NA
1992-12-25,0.00102,NA
1992-12-26,0.00098,NA
1992-12-27,0.00091,NA
1992-12-28,0.00084,NA
1992-12-29,0.00088,NA
1992-12-30,0.00082,NA
1992-12-31,0.00088,NA
1993-01-01,0.00088,NA
1993-01-02,0.00081,NA
1993-01-03,0.00081,NA
1993-01-04,0.00231,NA
1993-01-05,0.00867,NA
1993-01-06,0.0117,NA
1993-01-07,0.00837,NA
1993-01-08,0.00613,NA
1993-01-09,0.00449,NA
1993-01-10,0.00337,NA
1993-01-11,0.00267,5.5
1993-01-12,0.0023,NA
1993-01-13,0.00202,NA
1993-01-14,0.00179,NA
1993-01-15,0.00156,NA
1993-01-16,0.0014,NA
1993-01-17,0.00133,NA
1993-01-18,0.00123,5.7
1993-01-19,0.00108,NA
1993-01-20,0.00101,NA
1993-01-21,0.00099,NA
1993-01-22,0.00109,NA
1993-01-23,0.00126,NA
1993-01-24,0.00115,NA
1993-01-25,0.00111,5.9
1993-01-26,0.00105,NA
1993-01-27,0.001,NA
1993-01-28,0.00098,NA
1993-01-29,0.00088,NA
1993-01-30,0.00085,NA
1993-01-31,0.00082,NA
1993-02-01,0.00076,6.6
1993-02-02,0.00069,NA
1993-02-03,0.00066,NA
1993-02-04,0.00059,NA
1993-02-05,0.00055,NA
1993-02-06,0.00052,NA
1993-02-07,0.00049,NA
1993-02-08,0.00046,6.6
1993-02-09,0.00041,NA
1993-02-10,0.00037,NA
1993-02-11,0.00035,NA
1993-02-12,0.00032,NA
1993-02-13,3e-04,NA
1993-02-14,0.00029,NA
1993-02-15,0.00029,6.8
1993-02-16,0.00029,NA
1993-02-17,0.00028,NA
1993-02-18,0.00026,NA
1993-02-19,0.00025,NA
1993-02-20,0.00024,NA
1993-02-21,0.00023,NA
1993-02-22,0.00023,7.6
1993-02-23,0.00022,NA
1993-02-24,0.00021,NA
1993-02-25,2e-04,NA
1993-02-26,0.00019,NA
1993-02-27,0.00018,NA
1993-02-28,0.00018,NA
1993-03-01,0.00017,7.8
1993-03-02,0.00017,NA
1993-03-03,0.00017,NA
1993-03-04,0.00017,NA
1993-03-05,0.00017,NA
1993-03-06,0.00017,NA
1993-03-07,0.00017,NA
1993-03-08,0.00017,7.8
1993-03-09,0.00017,NA
1993-03-10,0.00017,NA
1993-03-11,0.00017,NA
1993-03-12,0.00017,NA
1993-03-13,0.00016,NA
1993-03-14,0.00016,NA
1993-03-15,0.00015,8
1993-03-16,0.00015,NA
1993-03-17,0.00014,NA
1993-03-18,0.00014,NA
1993-03-19,0.00014,NA
1993-03-20,0.00014,NA
1993-03-21,0.00013,NA
1993-03-22,0.00013,7.8
1993-03-23,0.00013,NA
1993-03-24,0.00014,NA
1993-03-25,0.00017,NA
1993-03-26,0.00022,NA
1993-03-27,0.00034,NA
1993-03-28,0.00096,NA
1993-03-29,0.00463,6.3
1993-03-30,0.0136,NA
1993-03-31,0.0178,NA
1993-04-01,0.0113,NA
1993-04-02,0.00714,NA
1993-04-03,0.005,NA
1993-04-04,0.00402,NA
1993-04-05,0.00525,5.4
1993-04-06,0.00852,NA
1993-04-07,0.0129,NA
1993-04-08,0.0172,NA
1993-04-09,0.0209,NA
1993-04-10,0.0301,NA
1993-04-11,0.0156,NA
1993-04-12,0.00942,NA
1993-04-13,0.00696,5.9
1993-04-14,0.00593,NA
1993-04-15,0.00581,NA
1993-04-16,0.00697,NA
1993-04-17,0.00581,NA
1993-04-18,0.00464,NA
1993-04-19,0.00526,5.8
1993-04-20,0.011,NA
1993-04-21,0.0158,NA
1993-04-22,0.00769,NA
1993-04-23,0.00532,NA
1993-04-24,0.00424,NA
1993-04-25,0.00392,NA
1993-04-26,0.00319,5.7
1993-04-27,0.00269,NA
1993-04-28,0.00242,NA
1993-04-29,0.00221,NA
1993-04-30,0.00223,NA
1993-05-01,0.00216,NA
1993-05-02,0.00186,NA
1993-05-03,0.00168,7.2
1993-05-04,0.00159,NA
1993-05-05,0.00184,NA
1993-05-06,0.00177,NA
1993-05-07,0.0015,NA
1993-05-08,0.00133,NA
1993-05-09,0.0012,NA
1993-05-10,0.00107,10.5
1993-05-11,0.00093,NA
1993-05-12,0.00074,NA
1993-05-13,0.00063,NA
1993-05-14,0.00073,NA
1993-05-15,0.00142,NA
1993-05-16,0.00112,NA
1993-05-17,0.00085,11.2
1993-05-18,0.00075,NA
1993-05-19,0.00076,NA
1993-05-20,9e-04,NA
1993-05-21,9e-04,NA
1993-05-22,0.00077,NA
1993-05-23,0.00066,NA
1993-05-24,0.00379,NA
1993-05-25,0.00514,10.7
1993-05-26,0.00427,NA
1993-05-27,0.00307,NA
1993-05-28,0.00634,NA
1993-05-29,0.00569,NA
1993-05-30,0.00364,NA
1993-05-31,0.00561,8.1
1993-06-01,0.00664,NA
1993-06-02,0.00452,NA
1993-06-03,0.00316,NA
1993-06-04,0.00241,NA
1993-06-05,0.00201,NA
1993-06-06,0.00184,NA
1993-06-07,0.00138,8.2
1993-06-08,0.00128,NA
1993-06-09,0.00186,NA
1993-06-10,0.00265,NA
1993-06-11,0.0019,NA
1993-06-12,0.00136,NA
1993-06-13,0.00108,NA
1993-06-14,0.00086,13.1
1993-06-15,0.00215,NA
1993-06-16,0.00129,NA
1993-06-17,0.00089,NA
1993-06-18,0.00193,NA
1993-06-19,0.00248,NA
1993-06-20,0.00256,NA
1993-06-21,0.00502,13.7
1993-06-22,0.00472,NA
1993-06-23,0.00275,NA
1993-06-24,0.00179,NA
1993-06-25,0.00239,NA
1993-06-26,0.0191,NA
1993-06-27,0.00883,NA
1993-06-28,0.00422,12
1993-06-29,0.00272,NA
1993-06-30,0.00195,NA
1993-07-01,0.00132,NA
1993-07-02,0.00101,NA
1993-07-03,0.00116,NA
1993-07-04,0.00084,NA
1993-07-05,0.00059,19.6
1993-07-06,0.00059,NA
1993-07-07,0.00052,NA
1993-07-08,0.00032,NA
1993-07-09,0.00023,NA
1993-07-10,2e-04,NA
1993-07-11,0.00017,NA
1993-07-12,0.00023,31
1993-07-13,0.00014,NA
1993-07-14,0.00011,NA
1993-07-15,9e-05,NA
1993-07-16,6e-05,NA
1993-07-17,4e-05,NA
1993-07-18,4e-05,NA
1993-07-19,3e-05,32
1993-07-20,2e-05,NA
1993-07-21,2e-05,NA
1993-07-22,2e-05,NA
1993-07-23,1e-05,NA
1993-07-24,0.00159934998501319,NA
1993-07-25,0.00154419998552998,NA
1993-07-26,0.00470613328923423,NA
1993-07-27,1e-05,NA
1993-07-28,1e-05,NA
1993-07-29,4e-05,NA
1993-07-30,4e-05,NA
1993-07-31,4e-05,NA
1993-08-01,2e-05,NA
1993-08-02,2e-05,NA
1993-08-03,0.00252770830964729,NA
1993-08-04,0.00250013330990568,NA
1993-08-05,0.00247255831016408,NA
1993-08-06,0.00219680831274801,NA
1993-08-07,0.0020129749811373,NA
1993-08-08,0.0018842916490098,NA
1993-08-09,0.00173722498372123,NA
1993-08-10,0.00190267498217087,NA
1993-08-11,0.00207731664720104,NA
1993-08-12,0.00190267498217087,NA
1993-08-13,0.00161773331817426,NA
1993-08-14,0.00145228331972462,NA
1993-08-15,0.00147985831946623,NA
1993-08-16,0.00158096665185212,NA
1993-08-17,0.00144309165314409,NA
1993-08-18,0.00140632498682195,NA
1993-08-19,0.00133279165417766,NA
1993-08-20,0.0020129749811373,NA
1993-08-21,0.00182914164952658,NA
1993-08-22,0.00144309165314409,NA
1993-08-23,0.00135117498733873,NA
1993-08-24,0.00169126665081855,NA
1993-08-25,0.00160854165159373,NA
1993-08-26,0.00122249165521123,NA
1993-08-27,0.00128683332127498,NA
1993-08-28,0.00295971663893246,NA
1993-08-29,0.00174641665030176,NA
1993-08-30,0.0014706666528857,NA
1993-08-31,0.00190267498217087,NA
1993-09-01,0.0019118666487514,NA
1993-09-02,0.00169126665081855,NA
1993-09-03,0.0272073330783854,NA
1993-09-04,0.00598377494392867,NA
1993-09-05,0.00290456663944925,NA
1993-09-06,0.00246336664358354,NA
1993-09-07,0.00238983331093925,NA
1993-09-08,0.00279426664048282,NA
1993-09-09,0.0138794165366087,NA
1993-09-10,0.0161773331817427,NA
1993-09-11,4e-05,NA
1993-09-12,2e-05,NA
1993-09-13,3e-05,11.4
1993-09-14,4e-05,NA
1993-09-15,5e-04,NA
1993-09-16,0.00045,NA
1993-09-17,3e-04,NA
1993-09-18,0.00021,NA
1993-09-19,0.00015,NA
1993-09-20,0.00011,15.4
1993-09-21,8e-05,NA
1993-09-22,6e-05,NA
1993-09-23,0.00035,NA
1993-09-24,0.00044,NA
1993-09-25,0.00035,NA
1993-09-26,0.00032,NA
1993-09-27,0.00036,15.8
1993-09-28,5e-04,NA
1993-09-29,0.00049,NA
1993-09-30,0.00039,NA
1993-10-01,3e-04,NA
1993-10-02,0.00042,NA
1993-10-03,0.00054,NA
1993-10-04,0.00145,17.4
1993-10-05,0.00135,NA
1993-10-06,0.00104,NA
1993-10-07,0.00083,NA
1993-10-08,0.0037,NA
1993-10-09,0.00354,NA
1993-10-10,0.0029,NA
1993-10-11,0.00234,NA
1993-10-12,0.00199,13
1993-10-13,0.00182,NA
1993-10-14,0.00156,NA
1993-10-15,0.00135,NA
1993-10-16,0.00164,NA
1993-10-17,0.0166,NA
1993-10-18,0.0377,13.6
1993-10-19,0.0134,NA
1993-10-20,0.00723,NA
1993-10-21,0.0104,NA
1993-10-22,0.00931,NA
1993-10-23,0.00629,NA
1993-10-24,0.00481,NA
1993-10-25,0.00366,9
1993-10-26,0.00314,NA
1993-10-27,0.00274,NA
1993-10-28,0.00236,NA
1993-10-29,0.00221,NA
1993-10-30,0.00213,NA
1993-10-31,0.00194,NA
1993-11-01,0.0016,8.6
1993-11-02,0.00137,NA
1993-11-03,0.00153,NA
1993-11-04,0.00182,NA
1993-11-05,0.00282,NA
1993-11-06,0.00636,NA
1993-11-07,0.00478,NA
1993-11-08,0.00352,7.6
1993-11-09,0.00314,NA
1993-11-10,0.00291,NA
1993-11-11,0.00273,NA
1993-11-12,0.00262,NA
1993-11-13,0.00269,NA
1993-11-14,0.00518,NA
1993-11-15,0.00602,7.4
1993-11-16,0.00534,NA
1993-11-17,0.00419,NA
1993-11-18,0.00343,NA
1993-11-19,0.00295,NA
1993-11-20,0.00308,NA
1993-11-21,0.00258,NA
1993-11-22,0.00234,6.5
1993-11-23,0.0021,NA
1993-11-24,0.00182,NA
1993-11-25,0.00127,NA
1993-11-26,0.00119,NA
1993-11-27,0.0026,NA
1993-11-28,0.0109,NA
1993-11-29,0.00952,6.7
1993-11-30,0.00504,NA
1993-12-01,0.00331,NA
1993-12-02,0.0031,NA
1993-12-03,0.0031,NA
1993-12-04,0.00321,NA
1993-12-05,0.00306,NA
1993-12-06,0.00271,5.7
1993-12-07,0.00238,NA
1993-12-08,0.00215,NA
1993-12-09,0.00202,NA
1993-12-10,0.00237,NA
1993-12-11,0.0024,NA
1993-12-12,0.00149,NA
1993-12-13,0.00146,6.3
1993-12-14,0.00161,NA
1993-12-15,0.00158,NA
1993-12-16,0.00143,NA
1993-12-17,0.00117,NA
1993-12-18,0.00107,NA
1993-12-19,0.00103,NA
1993-12-20,0.00102,6.2
1993-12-21,0.001,NA
1993-12-22,0.00096,NA
1993-12-23,0.00087,NA
1993-12-24,0.00073,NA
1993-12-25,0.00065,NA
1993-12-26,0.00059,NA
1993-12-27,0.00053,NA
1993-12-28,0.00047,NA
1993-12-29,0.00043,NA
1993-12-30,4e-04,NA
1993-12-31,0.00036,NA
1994-01-01,0.00035,NA
1994-01-02,0.00036,NA
1994-01-03,0.00036,NA
1994-01-04,0.00034,6.9
1994-01-05,0.00031,NA
1994-01-06,0.00028,NA
1994-01-07,0.00025,NA
1994-01-08,0.00024,NA
1994-01-09,0.00023,NA
1994-01-10,0.00021,6.9
1994-01-11,2e-04,NA
1994-01-12,0.00019,NA
1994-01-13,0.00019,NA
1994-01-14,0.00019,NA
1994-01-15,0.00017,NA
1994-01-16,0.00015,NA
1994-01-17,0.00014,7.3
1994-01-18,0.00012,NA
1994-01-19,0.00012,NA
1994-01-20,0.00011,NA
1994-01-21,1e-04,NA
1994-01-22,1e-04,NA
1994-01-23,1e-04,NA
1994-01-24,1e-04,7.4
1994-01-25,0.00011,NA
1994-01-26,1e-04,NA
1994-01-27,0.00011,NA
1994-01-28,0.00014,NA
1994-01-29,0.00017,NA
1994-01-30,0.00017,NA
1994-01-31,0.00017,7.4
1994-02-01,0.00016,NA
1994-02-02,0.00015,NA
1994-02-03,0.00014,NA
1994-02-04,0.00014,NA
1994-02-05,0.00013,NA
1994-02-06,0.00013,NA
1994-02-07,0.00012,7
1994-02-08,0.00012,NA
1994-02-09,0.00012,NA
1994-02-10,0.00011,NA
1994-02-11,0.00011,NA
1994-02-12,1e-04,NA
1994-02-13,1e-04,NA
1994-02-14,9e-05,7.2
1994-02-15,8e-05,NA
1994-02-16,9e-05,NA
1994-02-17,0.00013,NA
1994-02-18,0.00011,NA
1994-02-19,0.00011,NA
1994-02-20,0.00025,NA
1994-02-21,0.00045,6.6
1994-02-22,5e-04,NA
1994-02-23,0.00052,NA
1994-02-24,0.00053,NA
1994-02-25,0.00053,NA
1994-02-26,0.00051,NA
1994-02-27,0.00049,NA
1994-02-28,0.00047,5.9
1994-03-01,0.00042,NA
1994-03-02,0.00039,NA
1994-03-03,0.00037,NA
1994-03-04,0.00036,NA
1994-03-05,0.00036,NA
1994-03-06,0.00035,NA
1994-03-07,3e-04,5.8
1994-03-08,0.00027,NA
1994-03-09,0.00026,NA
1994-03-10,0.00026,NA
1994-03-11,0.00025,NA
1994-03-12,0.00025,NA
1994-03-13,0.00025,NA
1994-03-14,0.00026,6.3
1994-03-15,0.00026,NA
1994-03-16,0.00026,NA
1994-03-17,0.00025,NA
1994-03-18,0.00025,NA
1994-03-19,0.00025,NA
1994-03-20,0.00024,NA
1994-03-21,0.00024,6.3
1994-03-22,0.00031,NA
1994-03-23,0.00052,NA
1994-03-24,0.00071,NA
1994-03-25,0.00085,NA
1994-03-26,0.00098,NA
1994-03-27,0.00107,NA
1994-03-28,0.00121,5.3
1994-03-29,0.00132,NA
1994-03-30,0.0014,NA
1994-03-31,0.00166,NA
1994-04-01,0.00195,NA
1994-04-02,0.00242,NA
1994-04-03,0.00378,NA
1994-04-04,0.00498,5.2
1994-04-05,0.00688,NA
1994-04-06,0.00764,NA
1994-04-07,0.00651,NA
1994-04-08,0.00669,NA
1994-04-09,0.00963,NA
1994-04-10,0.0133,NA
1994-04-11,0.0116,4.5
1994-04-12,0.0115,NA
1994-04-13,0.0173,NA
1994-04-14,0.0192,NA
1994-04-15,0.0161,NA
1994-04-16,0.0191,NA
1994-04-17,0.0088,NA
1994-04-18,0.00613,4.7
1994-04-19,0.00639,NA
1994-04-20,0.00503,NA
1994-04-21,0.0038,NA
1994-04-22,0.00324,NA
1994-04-23,0.00302,NA
1994-04-24,0.00334,NA
1994-04-25,0.00335,5.9
1994-04-26,0.00348,NA
1994-04-27,0.00366,NA
1994-04-28,0.00302,NA
1994-04-29,0.00272,NA
1994-04-30,0.00253,NA
1994-05-01,0.00373,NA
1994-05-02,0.0037,6.5
1994-05-03,0.00322,NA
1994-05-04,0.00274,NA
1994-05-05,0.00241,NA
1994-05-06,0.00692,NA
1994-05-07,0.00642,NA
1994-05-08,0.0045,NA
1994-05-09,0.00342,6.8
1994-05-10,0.00286,NA
1994-05-11,0.00549,NA
1994-05-12,0.0148,NA
1994-05-13,0.00758,NA
1994-05-14,0.00492,NA
1994-05-15,0.0044,NA
1994-05-16,0.00736,6.6
1994-05-17,0.00649,NA
1994-05-18,0.00459,NA
1994-05-19,0.00372,NA
1994-05-20,0.00306,NA
1994-05-21,0.00241,NA
1994-05-22,0.00202,NA
1994-05-23,0.00166,NA
1994-05-24,0.00136,10.6
1994-05-25,0.00123,NA
1994-05-26,0.00195,NA
1994-05-27,0.00236,NA
1994-05-28,0.0021,NA
1994-05-29,0.00189,NA
1994-05-30,0.00216,9.1
1994-05-31,0.00232,NA
1994-06-01,0.00226,NA
1994-06-02,0.00189,NA
1994-06-03,0.00152,NA
1994-06-04,0.00126,NA
1994-06-05,0.00105,NA
1994-06-06,0.00147,11
1994-06-07,0.00233,NA
1994-06-08,0.00182,NA
1994-06-09,0.00136,NA
1994-06-10,0.00111,NA
1994-06-11,0.00086,NA
1994-06-12,0.00067,NA
1994-06-13,0.00102,13.4
1994-06-14,0.00243,NA
1994-06-15,0.00171,NA
1994-06-16,0.00109,NA
1994-06-17,0.00067,NA
1994-06-18,0.00046,NA
1994-06-19,3e-04,NA
1994-06-20,0.00023,22.2
1994-06-21,0.00019,NA
1994-06-22,0.00016,NA
1994-06-23,0.00013,NA
1994-06-24,0.00012,NA
1994-06-25,0.00046,NA
1994-06-26,0.00058,NA
1994-06-27,0.00049,22
1994-06-28,0.00036,NA
1994-06-29,0.00068,NA
1994-06-30,0.00137,NA
1994-07-01,0.0014,NA
1994-07-02,0.00435,NA
1994-07-03,0.00255,NA
1994-07-04,0.00149,17.3
1994-07-05,0.00165,NA
1994-07-06,0.00146,NA
1994-07-07,0.00111,NA
1994-07-08,0.00218,NA
1994-07-09,0.00348,NA
1994-07-10,0.00255,NA
1994-07-11,0.00172,17.6
1994-07-12,0.00145,NA
1994-07-13,0.00112,NA
1994-07-14,7e-04,NA
1994-07-15,6e-04,NA
1994-07-16,0.00057,NA
1994-07-17,0.00041,NA
1994-07-18,0.00032,20.2
1994-07-19,0.00024,NA
1994-07-20,2e-04,NA
1994-07-21,0.00025,NA
1994-07-22,0.00116,NA
1994-07-23,0.00253,NA
1994-07-24,0.00152,NA
1994-07-25,0.00099,21.6
1994-07-26,0.00147,NA
1994-07-27,0.00106,NA
1994-07-28,0.00068,NA
1994-07-29,0.00052,NA
1994-07-30,0.00041,NA
1994-07-31,0.00033,NA
1994-08-01,0.00029,NA
1994-08-02,0.00025,22.8
1994-08-03,0.00021,NA
1994-08-04,0.00057,NA
1994-08-05,0.00063,NA
1994-08-06,0.00039,NA
1994-08-07,0.00024,NA
1994-08-08,0.00019,20
1994-08-09,0.00017,NA
1994-08-10,0.00014,NA
1994-08-11,0.00011,NA
1994-08-12,1e-04,NA
1994-08-13,1e-04,NA
1994-08-14,0.00011,NA
1994-08-15,8e-05,21.5
1994-08-16,5e-05,NA
1994-08-17,4e-05,NA
1994-08-18,4e-05,NA
1994-08-19,4e-05,NA
1994-08-20,4e-05,NA
1994-08-21,0.00015,NA
1994-08-22,6e-05,21.7
1994-08-23,4e-05,NA
1994-08-24,6e-05,NA
1994-08-25,0.00027,NA
1994-08-26,0.00044,NA
1994-08-27,0.00058,NA
1994-08-28,0.00066,NA
1994-08-29,0.00042,22
1994-08-30,0.00024,NA
1994-08-31,0.00112,NA
1994-09-01,0.00103,NA
1994-09-02,6e-04,NA
1994-09-03,0.00039,NA
1994-09-04,0.00024,NA
1994-09-05,2e-04,NA
1994-09-06,0.00017,22.3
1994-09-07,0.00016,NA
1994-09-08,0.00014,NA
1994-09-09,0.00011,NA
1994-09-10,9e-05,NA
1994-09-11,7e-05,NA
1994-09-12,5e-05,NA
1994-09-13,8e-05,21
1994-09-14,1e-04,NA
1994-09-15,1e-04,NA
1994-09-16,0.00012,NA
1994-09-17,1e-04,NA
1994-09-18,9e-05,NA
1994-09-19,1e-04,22.6
1994-09-20,8e-05,NA
1994-09-21,7e-05,NA
1994-09-22,6e-05,NA
1994-09-23,5e-05,NA
1994-09-24,5e-05,NA
1994-09-25,5e-05,NA
1994-09-26,0.00023,20.8
1994-09-27,0.00043,NA
1994-09-28,0.00138,NA
1994-09-29,0.00157,NA
1994-09-30,0.00116,NA
1994-10-01,8e-04,NA
1994-10-02,0.00058,NA
1994-10-03,0.00046,NA
1994-10-04,0.00037,19
1994-10-05,0.00034,NA
1994-10-06,0.00031,NA
1994-10-07,0.00026,NA
1994-10-08,0.00024,NA
1994-10-09,0.00052,NA
1994-10-10,0.00065,NA
1994-10-11,0.00052,18.7
1994-10-12,0.00047,NA
1994-10-13,0.00042,NA
1994-10-14,0.00038,NA
1994-10-15,0.00033,NA
1994-10-16,0.00028,NA
1994-10-17,0.00024,17
1994-10-18,0.00045,NA
1994-10-19,0.00135,NA
1994-10-20,0.00283,NA
1994-10-21,0.00271,NA
1994-10-22,0.00206,NA
1994-10-23,0.00168,NA
1994-10-24,0.00163,NA
1994-10-25,0.0052,13.7
1994-10-26,0.0127,NA
1994-10-27,0.00717,NA
1994-10-28,0.0046,NA
1994-10-29,0.00361,NA
1994-10-30,0.00371,NA
1994-10-31,0.00308,9.4
1994-11-01,0.00524,NA
1994-11-02,0.00627,NA
1994-11-03,0.00432,NA
1994-11-04,0.00481,NA
1994-11-05,0.0107,NA
1994-11-06,0.0177,NA
1994-11-07,0.0146,NA
1994-11-08,0.00743,7.8
1994-11-09,0.00521,NA
1994-11-10,0.00378,NA
1994-11-11,0.00313,NA
1994-11-12,0.00264,NA
1994-11-13,0.00237,NA
1994-11-14,0.0023,6.7
1994-11-15,0.00212,NA
1994-11-16,0.00185,NA
1994-11-17,0.00167,NA
1994-11-18,0.00156,NA
1994-11-19,0.00141,NA
1994-11-20,0.00128,NA
1994-11-21,0.00197,7
1994-11-22,0.00356,NA
1994-11-23,0.00302,NA
1994-11-24,0.00222,NA
1994-11-25,0.00212,NA
1994-11-26,0.00172,NA
1994-11-27,0.00135,NA
1994-11-28,0.00191,6
1994-11-29,0.00246,NA
1994-11-30,0.00232,NA
1994-12-01,0.00218,NA
1994-12-02,0.00208,NA
1994-12-03,0.00236,NA
1994-12-04,0.00361,NA
1994-12-05,0.00767,5.5
1994-12-06,0.0142,NA
1994-12-07,0.00854,NA
1994-12-08,0.00442,NA
1994-12-09,0.00309,NA
1994-12-10,0.00293,NA
1994-12-11,0.00254,NA
1994-12-12,0.00214,5.5
1994-12-13,0.0019,NA
1994-12-14,0.00164,NA
1994-12-15,0.00144,NA
1994-12-16,0.00134,NA
1994-12-17,0.00137,NA
1994-12-18,0.00145,NA
1994-12-19,0.0014,5.3
1994-12-20,0.00134,NA
1994-12-21,0.00128,NA
1994-12-22,0.00123,NA
1994-12-23,0.00116,NA
1994-12-24,0.00112,NA
1994-12-25,0.00107,NA
1994-12-26,0.00103,NA
1994-12-27,0.00098,NA
1994-12-28,0.00093,NA
1994-12-29,0.00084,NA
1994-12-30,0.00076,NA
1994-12-31,7e-04,NA
1995-01-01,0.00067,NA
1995-01-02,0.00067,NA
1995-01-03,0.00066,5.6
1995-01-04,0.00066,NA
1995-01-05,0.00065,NA
1995-01-06,0.00065,NA
1995-01-07,0.00064,NA
1995-01-08,0.00063,NA
1995-01-09,0.00061,5.7
1995-01-10,6e-04,NA
1995-01-11,0.00059,NA
1995-01-12,0.00063,NA
1995-01-13,0.00139,NA
1995-01-14,0.00269,NA
1995-01-15,0.0321,NA
1995-01-16,0.0227,NA
1995-01-17,0.0129,NA
1995-01-18,0.00806,5.3
1995-01-19,0.00555,NA
1995-01-20,0.00483,NA
1995-01-21,0.00523,NA
1995-01-22,0.00495,NA
1995-01-23,0.00401,5
1995-01-24,0.00344,NA
1995-01-25,0.0029,NA
1995-01-26,0.00221,NA
1995-01-27,0.00176,NA
1995-01-28,0.00134,NA
1995-01-29,0.00111,NA
1995-01-30,0.00107,5.5
1995-01-31,0.00115,NA
1995-02-01,0.00124,NA
1995-02-02,0.00114,NA
1995-02-03,0.00098,NA
1995-02-04,0.00081,NA
1995-02-05,0.00066,NA
1995-02-06,0.00056,NA
1995-02-07,0.00046,5.9
1995-02-08,0.00038,NA
1995-02-09,0.00036,NA
1995-02-10,0.00038,NA
1995-02-11,4e-04,NA
1995-02-12,0.00042,NA
1995-02-13,0.00035,6.3
1995-02-14,0.00033,NA
1995-02-15,0.00032,NA
1995-02-16,0.00032,NA
1995-02-17,0.00031,NA
1995-02-18,3e-04,NA
1995-02-19,0.00032,NA
1995-02-20,0.00033,6.3
1995-02-21,3e-04,NA
1995-02-22,0.00029,NA
1995-02-23,0.00028,NA
1995-02-24,0.00027,NA
1995-02-25,0.00027,NA
1995-02-26,0.00025,NA
1995-02-27,0.00024,NA
1995-02-28,0.00023,6.2
1995-03-01,0.00023,NA
1995-03-02,0.00022,NA
1995-03-03,0.00021,NA
1995-03-04,0.00021,NA
1995-03-05,2e-04,NA
1995-03-06,2e-04,6.2
1995-03-07,6e-04,NA
1995-03-08,0.00158,NA
1995-03-09,0.00184,NA
1995-03-10,0.00166,NA
1995-03-11,0.0014,NA
1995-03-12,0.00128,NA
1995-03-13,0.00136,4.8
1995-03-14,0.00236,NA
1995-03-15,0.00789,NA
1995-03-16,0.0174,NA
1995-03-17,0.0145,NA
1995-03-18,0.00995,NA
1995-03-19,0.00983,NA
1995-03-20,0.0151,4.2
1995-03-21,0.0222,NA
1995-03-22,0.0109,NA
1995-03-23,0.00765,NA
1995-03-24,0.00574,NA
1995-03-25,0.00461,NA
1995-03-26,0.00423,NA
1995-03-27,0.00383,4.4
1995-03-28,0.00372,NA
1995-03-29,0.00387,NA
1995-03-30,0.00386,NA
1995-03-31,0.00333,NA
1995-04-01,0.00263,NA
1995-04-02,0.00233,NA
1995-04-03,0.00208,4.8
1995-04-04,0.0025,NA
1995-04-05,0.00181,NA
1995-04-06,0.00149,NA
1995-04-07,0.00141,NA
1995-04-08,0.00167,NA
1995-04-09,0.00174,NA
1995-04-10,0.0015,4.9
1995-04-11,0.00182,NA
1995-04-12,0.00338,NA
1995-04-13,0.00431,NA
1995-04-14,0.00331,NA
1995-04-15,0.00268,NA
1995-04-16,0.00238,NA
1995-04-17,0.00218,NA
1995-04-18,0.00213,4.2
1995-04-19,0.00526,NA
1995-04-20,0.00453,NA
1995-04-21,0.0178,NA
1995-04-22,0.0184,NA
1995-04-23,0.00796,NA
1995-04-24,0.00523,4.7
1995-04-25,0.00433,NA
1995-04-26,0.00366,NA
1995-04-27,0.00428,NA
1995-04-28,0.00553,NA
1995-04-29,0.00512,NA
1995-04-30,0.00437,NA
1995-05-01,0.00367,4.3
1995-05-02,0.0033,NA
1995-05-03,0.00283,NA
1995-05-04,0.00244,NA
1995-05-05,0.00217,NA
1995-05-06,0.00192,NA
1995-05-07,0.00166,NA
1995-05-08,0.00142,6.3
1995-05-09,0.00132,NA
1995-05-10,0.00194,NA
1995-05-11,0.00675,NA
1995-05-12,0.00628,NA
1995-05-13,0.00417,NA
1995-05-14,0.00368,NA
1995-05-15,0.00356,7.4
1995-05-16,0.00291,NA
1995-05-17,0.00635,NA
1995-05-18,0.00696,NA
1995-05-19,0.00465,NA
1995-05-20,0.00371,NA
1995-05-21,0.00402,NA
1995-05-22,0.00315,NA
1995-05-23,0.00319,7.3
1995-05-24,0.00685,NA
1995-05-25,0.00497,NA
1995-05-26,0.0035,NA
1995-05-27,0.00267,NA
1995-05-28,0.00256,NA
1995-05-29,0.00481,NA
1995-05-30,0.00435,NA
1995-05-31,0.00317,NA
1995-06-01,0.00238,NA
1995-06-02,0.00204,NA
1995-06-03,0.00234,NA
1995-06-04,0.00208,NA
1995-06-05,0.00164,10.5
1995-06-06,0.00135,NA
1995-06-07,0.0011,NA
1995-06-08,0.00081,NA
1995-06-09,0.00062,NA
1995-06-10,0.00053,NA
1995-06-11,0.00045,NA
1995-06-12,4e-04,14.9
1995-06-13,0.00032,NA
1995-06-14,0.00025,NA
1995-06-15,2e-04,NA
1995-06-16,0.00017,NA
1995-06-17,0.00014,NA
1995-06-18,0.00011,NA
1995-06-19,9e-05,18.6
1995-06-20,6e-05,NA
1995-06-21,4e-05,NA
1995-06-22,4e-05,NA
1995-06-23,4e-05,NA
1995-06-24,4e-05,NA
1995-06-25,0.00099,NA
1995-06-26,0.00201,16.3
1995-06-27,0.00076,NA
1995-06-28,0.00041,NA
1995-06-29,0.0177,NA
1995-06-30,0.0285,NA
1995-07-01,0.00841,NA
1995-07-02,0.00394,NA
1995-07-03,0.00225,NA
1995-07-04,0.00142,14.3
1995-07-05,0.00214,NA
1995-07-06,0.00209,NA
1995-07-07,0.00225,NA
1995-07-08,0.00211,NA
1995-07-09,0.00284,NA
1995-07-10,0.00339,13.6
1995-07-11,0.00214,NA
1995-07-12,0.00139,NA
1995-07-13,0.00097,NA
1995-07-14,0.00063,NA
1995-07-15,0.00755,NA
1995-07-16,0.00581,NA
1995-07-17,0.00677,13.2
1995-07-18,0.00549,NA
1995-07-19,0.00387,NA
1995-07-20,0.00401,NA
1995-07-21,0.00325,NA
1995-07-22,0.00212,NA
1995-07-23,0.00597,NA
1995-07-24,0.00731,12.1
1995-07-25,0.00398,NA
1995-07-26,0.0026,NA
1995-07-27,0.00171,NA
1995-07-28,0.0015,NA
1995-07-29,0.00237,NA
1995-07-30,0.00131,NA
1995-07-31,0.00101,18
1995-08-01,0.00074,NA
1995-08-02,0.00059,NA
1995-08-03,0.00072,NA
1995-08-04,0.00164,NA
1995-08-05,0.00275,NA
1995-08-06,0.00339,NA
1995-08-07,0.00195,NA
1995-08-08,0.00122,18.6
1995-08-09,0.00084,NA
1995-08-10,0.00056,NA
1995-08-11,0.00054,NA
1995-08-12,4e-04,NA
1995-08-13,0.00027,NA
1995-08-14,0.00025,19.5
1995-08-15,0.00025,NA
1995-08-16,0.00021,NA
1995-08-17,0.00019,NA
1995-08-18,0.00016,NA
1995-08-19,0.00011,NA
1995-08-20,8e-05,NA
1995-08-21,4e-05,22.5
1995-08-22,3e-05,NA
1995-08-23,3e-05,NA
1995-08-24,2e-05,NA
1995-08-25,2e-05,NA
1995-08-26,2e-05,NA
1995-08-27,1e-05,NA
1995-08-28,0.00216004164642587,NA
1995-08-29,0.00187509998242926,NA
1995-08-30,0.00168207498423801,NA
1995-08-31,2e-05,NA
1995-09-01,4e-05,NA
1995-09-02,4e-05,NA
1995-09-03,4e-05,NA
1995-09-04,3e-05,NA
1995-09-05,3e-05,17.6
1995-09-06,2e-05,NA
1995-09-07,1e-04,NA
1995-09-08,0.00011,NA
1995-09-09,5e-05,NA
1995-09-10,4e-05,NA
1995-09-11,3e-05,17.5
1995-09-12,3e-05,NA
1995-09-13,3e-05,NA
1995-09-14,8e-05,NA
1995-09-15,4e-05,NA
1995-09-16,4e-05,NA
1995-09-17,0.00089,NA
1995-09-18,0.00068,16.3
1995-09-19,0.00046,NA
1995-09-20,0.00034,NA
1995-09-21,0.00029,NA
1995-09-22,0.00086,NA
1995-09-23,0.00125,NA
1995-09-24,0.00083,NA
1995-09-25,0.00058,14.7
1995-09-26,5e-04,NA
1995-09-27,4e-04,NA
1995-09-28,0.00029,NA
1995-09-29,0.00022,NA
1995-09-30,0.00017,NA
1995-10-01,0.00013,NA
1995-10-02,0.00014,19.4
1995-10-03,0.00014,NA
1995-10-04,0.00016,NA
1995-10-05,0.00018,NA
1995-10-06,0.00036,NA
1995-10-07,0.00044,NA
1995-10-08,0.00046,NA
1995-10-09,0.00041,NA
1995-10-10,0.00032,21.5
1995-10-11,3e-04,NA
1995-10-12,0.00026,NA
1995-10-13,0.00025,NA
1995-10-14,0.00084,NA
1995-10-15,0.00428,NA
1995-10-16,0.005,15.8
1995-10-17,0.00351,NA
1995-10-18,0.00244,NA
1995-10-19,0.00189,NA
1995-10-20,0.0016,NA
1995-10-21,0.00995,NA
1995-10-22,0.0113,NA
1995-10-23,0.00674,11.3
1995-10-24,0.00537,NA
1995-10-25,0.00723,NA
1995-10-26,0.0056,NA
1995-10-27,0.00668,NA
1995-10-28,0.0128,NA
1995-10-29,0.00813,NA
1995-10-30,0.00553,NA
1995-10-31,0.00469,NA
1995-11-01,0.00403,NA
1995-11-02,0.0124,NA
1995-11-03,0.0145,NA
1995-11-04,0.00812,NA
1995-11-05,0.00533,NA
1995-11-06,0.00438,NA
1995-11-07,0.00478,NA
1995-11-08,0.0057,NA
1995-11-09,0.00398,NA
1995-11-10,0.00355,NA
1995-11-11,0.0447,NA
1995-11-12,0.0271,NA
1995-11-13,0.0105,NA
1995-11-14,0.00667,NA
1995-11-15,0.00501,NA
1995-11-16,0.00396,NA
1995-11-17,0.00307,NA
1995-11-18,0.0028,NA
1995-11-19,0.00255,NA
1995-11-20,0.00238,NA
1995-11-21,0.00247,NA
1995-11-22,0.00234,NA
1995-11-23,0.00219,NA
1995-11-24,0.00189,NA
1995-11-25,0.00173,NA
1995-11-26,0.00175,NA
1995-11-27,0.00167,NA
1995-11-28,0.00159,NA
1995-11-29,0.0015,NA
1995-11-30,0.00139,NA
1995-12-01,0.00135,NA
1995-12-02,0.00135,NA
1995-12-03,0.00136,NA
1995-12-04,0.00135,5.5
1995-12-05,0.00132,NA
1995-12-06,0.00129,NA
1995-12-07,0.00126,NA
1995-12-08,0.0012,NA
1995-12-09,0.00118,NA
1995-12-10,0.00115,NA
1995-12-11,0.00111,NA
1995-12-12,0.00106,5.8
1995-12-13,0.00102,NA
1995-12-14,0.00099,NA
1995-12-15,0.00098,NA
1995-12-16,0.00097,NA
1995-12-17,0.00094,NA
1995-12-18,9e-04,NA
1995-12-19,0.00086,NA
1995-12-20,0.00082,NA
1995-12-21,0.00078,NA
1995-12-22,0.00075,NA
1995-12-23,0.00072,NA
1995-12-24,0.00069,NA
1995-12-25,0.00068,NA
1995-12-26,0.00067,NA
1995-12-27,0.00065,NA
1995-12-28,0.00063,NA
1995-12-29,0.00061,NA
1995-12-30,6e-04,NA
1995-12-31,0.00059,NA
1996-01-01,0.00058,NA
1996-01-02,0.00057,NA
1996-01-03,0.00057,6.2
1996-01-04,0.00054,NA
1996-01-05,0.00051,NA
1996-01-06,0.00047,NA
1996-01-07,0.00042,NA
1996-01-08,4e-04,NA
1996-01-09,4e-04,NA
1996-01-10,4e-04,6.7
1996-01-11,0.00038,NA
1996-01-12,0.00035,NA
1996-01-13,0.00034,NA
1996-01-14,0.00033,NA
1996-01-15,0.00031,NA
1996-01-16,0.00031,NA
1996-01-17,0.00104,NA
1996-01-18,0.0022,6.2
1996-01-19,0.0288,NA
1996-01-20,0.0222,NA
1996-01-21,0.0116,NA
1996-01-22,0.00768,NA
1996-01-23,0.00542,NA
1996-01-24,0.004,NA
1996-01-25,0.00322,NA
1996-01-26,0.00265,NA
1996-01-27,0.00448,NA
1996-01-28,0.00626,NA
1996-01-29,0.00449,NA
1996-01-30,0.00345,NA
1996-01-31,0.00277,5.1
1996-02-01,0.00232,NA
1996-02-02,0.00204,NA
1996-02-03,0.00178,NA
1996-02-04,0.00155,NA
1996-02-05,0.00137,NA
1996-02-06,0.00126,NA
1996-02-07,0.00118,NA
1996-02-08,0.00119,NA
1996-02-09,0.0013,NA
1996-02-10,0.00123,NA
1996-02-11,0.00115,NA
1996-02-12,0.00107,NA
1996-02-13,0.00099,NA
1996-02-14,0.00091,NA
1996-02-15,0.00083,5.8
1996-02-16,0.00076,NA
1996-02-17,0.00071,NA
1996-02-18,0.00067,NA
1996-02-19,0.00064,NA
1996-02-20,0.00061,NA
1996-02-21,0.00074,NA
1996-02-22,0.00078,NA
1996-02-23,0.00083,NA
1996-02-24,0.00393,NA
1996-02-25,0.00479,NA
1996-02-26,0.0037,NA
1996-02-27,0.00305,NA
1996-02-28,0.00249,NA
1996-02-29,0.00214,NA
1996-03-01,0.00195,NA
1996-03-02,0.0018,NA
1996-03-03,0.00163,NA
1996-03-04,0.00147,NA
1996-03-05,0.00137,NA
1996-03-06,0.00127,NA
1996-03-07,0.00117,NA
1996-03-08,0.00107,NA
1996-03-09,0.00098,NA
1996-03-10,0.00092,NA
1996-03-11,0.00086,NA
1996-03-12,0.00086,NA
1996-03-13,0.00088,NA
1996-03-14,0.00095,NA
1996-03-15,0.00126,NA
1996-03-16,0.00134,NA
1996-03-17,0.00134,NA
1996-03-18,0.00137,NA
1996-03-19,0.00166,NA
1996-03-20,0.00238,NA
1996-03-21,0.00236,NA
1996-03-22,0.00212,NA
1996-03-23,0.00187,NA
1996-03-24,0.00175,NA
1996-03-25,0.00291,NA
1996-03-26,0.00698,NA
1996-03-27,0.00516,NA
1996-03-28,0.00366,NA
1996-03-29,0.00333,NA
1996-03-30,0.00407,NA
1996-03-31,0.00627,NA
1996-04-01,0.00908,NA
1996-04-02,0.0106,NA
1996-04-03,0.00819,NA
1996-04-04,0.00562,NA
1996-04-05,0.00434,NA
1996-04-06,0.00417,NA
1996-04-07,0.00373,NA
1996-04-08,0.00328,NA
1996-04-09,0.00293,NA
1996-04-10,0.0027,NA
1996-04-11,0.00269,4.4
1996-04-12,0.00695,NA
1996-04-13,0.0103,NA
1996-04-14,0.00794,NA
1996-04-15,0.0123,NA
1996-04-16,0.0269,NA
1996-04-17,0.0148,NA
1996-04-18,0.0147,4
1996-04-19,0.0221,NA
1996-04-20,0.028,NA
1996-04-21,0.0286,NA
1996-04-22,0.0149,NA
1996-04-23,0.0128,NA
1996-04-24,0.00905,3.9
1996-04-25,0.00888,NA
1996-04-26,0.0189,NA
1996-04-27,0.0127,NA
1996-04-28,0.0072,NA
1996-04-29,0.00594,NA
1996-04-30,0.0124,NA
1996-05-01,0.0151,4.7
1996-05-02,0.0107,NA
1996-05-03,0.00704,NA
1996-05-04,0.00549,NA
1996-05-05,0.00453,NA
1996-05-06,0.00368,NA
1996-05-07,0.00319,NA
1996-05-08,0.0027,5
1996-05-09,0.00235,NA
1996-05-10,0.00284,NA
1996-05-11,0.00345,NA
1996-05-12,0.0027,NA
1996-05-13,0.00225,NA
1996-05-14,0.00205,NA
1996-05-15,0.00178,6
1996-05-16,0.00159,NA
1996-05-17,0.00139,NA
1996-05-18,0.00195,NA
1996-05-19,0.00251,NA
1996-05-20,0.00754,NA
1996-05-21,0.00551,NA
1996-05-22,0.00374,8.7
1996-05-23,0.00301,NA
1996-05-24,0.00239,NA
1996-05-25,0.00204,NA
1996-05-26,0.00178,NA
1996-05-27,0.00151,NA
1996-05-28,0.0013,NA
1996-05-29,0.00108,8.9
1996-05-30,9e-04,NA
1996-05-31,0.00075,NA
1996-06-01,0.00063,NA
1996-06-02,0.00056,NA
1996-06-03,0.00058,NA
1996-06-04,0.00066,NA
1996-06-05,0.00234,NA
1996-06-06,0.00227,11.9
1996-06-07,0.00322,NA
1996-06-08,0.00293,NA
1996-06-09,0.00224,NA
1996-06-10,0.00185,NA
1996-06-11,0.0015,11.8
1996-06-12,0.00119,NA
1996-06-13,0.00101,NA
1996-06-14,0.00073,NA
1996-06-15,0.00057,NA
1996-06-16,0.00044,NA
1996-06-17,0.00034,NA
1996-06-18,0.00027,NA
1996-06-19,3e-04,NA
1996-06-20,7e-04,NA
1996-06-21,0.00077,NA
1996-06-22,0.00224,NA
1996-06-23,0.00211,NA
1996-06-24,0.00132,NA
1996-06-25,0.00094,NA
1996-06-26,0.00063,NA
1996-06-27,5e-04,16.2
1996-06-28,0.00037,NA
1996-06-29,0.00045,NA
1996-06-30,0.00067,NA
1996-07-01,5e-04,NA
1996-07-02,0.00074,18.5
1996-07-03,0.00447,NA
1996-07-04,0.00315,NA
1996-07-05,0.00166,NA
1996-07-06,0.00113,NA
1996-07-07,0.00082,NA
1996-07-08,0.00066,16.8
1996-07-09,0.00058,NA
1996-07-10,0.00048,NA
1996-07-11,0.00034,NA
1996-07-12,0.00027,NA
1996-07-13,5e-04,NA
1996-07-14,0.00073,NA
1996-07-15,0.00361,15.5
1996-07-16,0.00286,NA
1996-07-17,0.00154,NA
1996-07-18,0.00111,NA
1996-07-19,0.0115,NA
1996-07-20,0.00683,NA
1996-07-21,0.00304,NA
1996-07-22,0.00182,14
1996-07-23,0.00134,NA
1996-07-24,0.00129,NA
1996-07-25,0.00271,NA
1996-07-26,0.00183,NA
1996-07-27,0.00128,NA
1996-07-28,0.00089,NA
1996-07-29,0.00064,15.6
1996-07-30,0.00137,NA
1996-07-31,0.00166,NA
1996-08-01,0.00141,NA
1996-08-02,0.00138,NA
1996-08-03,0.00119,NA
1996-08-04,0.00097,NA
1996-08-05,7e-04,NA
1996-08-06,0.00053,17
1996-08-07,0.00068,NA
1996-08-08,0.00059,NA
1996-08-09,0.00043,NA
1996-08-10,0.00027,NA
1996-08-11,0.00021,NA
1996-08-12,0.00016,19.7
1996-08-13,0.00014,NA
1996-08-14,0.00011,NA
1996-08-15,0.00012,NA
1996-08-16,0.00011,NA
1996-08-17,8e-05,NA
1996-08-18,6e-05,NA
1996-08-19,4e-05,21.1
1996-08-20,0.00015,NA
1996-08-21,0.00022,NA
1996-08-22,0.00022,NA
1996-08-23,0.00033,NA
1996-08-24,2e-04,NA
1996-08-25,0.00014,NA
1996-08-26,0.00012,20.7
1996-08-27,9e-05,NA
1996-08-28,6e-05,NA
1996-08-29,4e-05,NA
1996-08-30,3e-05,NA
1996-08-31,3e-05,NA
1996-09-01,3e-05,NA
1996-09-02,2e-05,NA
1996-09-03,1e-05,NA
1996-09-04,0.00178318331662391,NA
1996-09-05,0.00169126665081855,NA
1996-09-06,0.0014982416526273,NA
1996-09-07,0.00127764165469445,NA
1996-09-08,0.00208650831378158,NA
1996-09-09,0.00185671664926819,NA
1996-09-10,0.00170045831739909,NA
1996-09-11,0.00610326660947564,NA
1996-09-12,0.00598377494392867,NA
1996-09-13,0.00075,NA
1996-09-14,0.00328,NA
1996-09-15,0.00189,NA
1996-09-16,0.0011,14.5
1996-09-17,0.00069,NA
1996-09-18,0.00045,NA
1996-09-19,0.00025,NA
1996-09-20,2e-04,NA
1996-09-21,0.00015,NA
1996-09-22,0.00012,NA
1996-09-23,7e-05,18.6
1996-09-24,8e-05,NA
1996-09-25,0.00013,NA
1996-09-26,0.00011,NA
1996-09-27,2e-04,NA
1996-09-28,0.00213,NA
1996-09-29,0.0034,NA
1996-09-30,0.00321,15.7
1996-10-01,0.00204,NA
1996-10-02,0.00143,NA
1996-10-03,0.00126,NA
1996-10-04,0.00098,NA
1996-10-05,0.00075,NA
1996-10-06,0.00063,NA
1996-10-07,0.00056,15.6
1996-10-08,0.00061,NA
1996-10-09,0.00059,NA
1996-10-10,0.00056,NA
1996-10-11,0.00049,NA
1996-10-12,0.00047,NA
1996-10-13,0.00045,NA
1996-10-14,0.00042,NA
1996-10-15,0.00033,16.1
1996-10-16,0.00032,NA
1996-10-17,0.00031,NA
1996-10-18,0.00036,NA
1996-10-19,0.00143,NA
1996-10-20,0.00147,NA
1996-10-21,0.0012,14.7
1996-10-22,0.00101,NA
1996-10-23,0.00095,NA
1996-10-24,0.00175,NA
1996-10-25,0.00268,NA
1996-10-26,0.00242,NA
1996-10-27,0.00199,NA
1996-10-28,0.00159,11.6
1996-10-29,0.00134,NA
1996-10-30,0.00372,NA
1996-10-31,0.00763,NA
1996-11-01,0.00554,NA
1996-11-02,0.00405,NA
1996-11-03,0.00306,NA
1996-11-04,0.00269,8.1
1996-11-05,0.00341,NA
1996-11-06,0.00386,NA
1996-11-07,0.0107,NA
1996-11-08,0.028,NA
1996-11-09,0.0104,NA
1996-11-10,0.00588,NA
1996-11-11,0.00443,NA
1996-11-12,0.00344,6.9
1996-11-13,0.00257,NA
1996-11-14,0.00231,NA
1996-11-15,0.00184,NA
1996-11-16,0.00171,NA
1996-11-17,0.00185,NA
1996-11-18,0.00341,6.3
1996-11-19,0.0038,NA
1996-11-20,0.00313,NA
1996-11-21,0.00246,NA
1996-11-22,0.00208,NA
1996-11-23,0.00185,NA
1996-11-24,0.00147,NA
1996-11-25,0.00136,5.8
1996-11-26,0.00136,NA
1996-11-27,0.00127,NA
1996-11-28,0.00118,NA
1996-11-29,0.00116,NA
1996-11-30,0.00117,NA
1996-12-01,0.00255,NA
1996-12-02,0.00494,5.7
1996-12-03,0.00414,NA
1996-12-04,0.00328,NA
1996-12-05,0.00268,NA
1996-12-06,0.00236,NA
1996-12-07,0.0022,NA
1996-12-08,0.00213,NA
1996-12-09,0.00189,5.8
1996-12-10,0.00171,NA
1996-12-11,0.00158,NA
1996-12-12,0.00148,NA
1996-12-13,0.00449,NA
1996-12-14,0.00539,NA
1996-12-15,0.00421,NA
1996-12-16,0.00365,NA
1996-12-17,0.00578,4.9
1996-12-18,0.00963,NA
1996-12-19,0.00554,NA
1996-12-20,0.00372,NA
1996-12-21,0.00293,NA
1996-12-22,0.00261,NA
1996-12-23,0.00232,NA
1996-12-24,0.00705,NA
1996-12-25,0.00544,NA
1996-12-26,0.00329,NA
1996-12-27,0.00287,NA
1996-12-28,0.00258,NA
1996-12-29,0.00248,NA
1996-12-30,0.00226,NA
1996-12-31,0.00192,NA
1997-01-01,0.00164,NA
1997-01-02,0.00149,NA
1997-01-03,0.00138,NA
1997-01-04,0.00134,NA
1997-01-05,0.00379,NA
1997-01-06,0.00782,4.9
1997-01-07,0.00721,NA
1997-01-08,0.00525,NA
1997-01-09,0.00375,NA
1997-01-10,0.00319,NA
1997-01-11,0.00269,NA
1997-01-12,0.00228,NA
1997-01-13,0.00203,4.8
1997-01-14,0.00183,NA
1997-01-15,0.00171,NA
1997-01-16,0.00162,NA
1997-01-17,0.00152,NA
1997-01-18,0.00139,NA
1997-01-19,0.00129,NA
1997-01-20,0.00121,NA
1997-01-21,0.00115,NA
1997-01-22,0.00304,NA
1997-01-23,0.0112,4.9
1997-01-24,0.0105,NA
1997-01-25,0.00733,NA
1997-01-26,0.00375,NA
1997-01-27,0.00316,NA
1997-01-28,0.00134,4.7
1997-01-29,0.00248,NA
1997-01-30,0.00228,NA
1997-01-31,0.00213,NA
1997-02-01,0.00201,NA
1997-02-02,0.00189,NA
1997-02-03,0.0018,NA
1997-02-04,0.00108,5
1997-02-05,0.00135,NA
1997-02-06,0.00133,NA
1997-02-07,0.00129,NA
1997-02-08,0.00123,NA
1997-02-09,0.00118,NA
1997-02-10,0.00112,5.2
1997-02-11,0.00108,NA
1997-02-12,0.00103,NA
1997-02-13,0.00099,NA
1997-02-14,0.00096,NA
1997-02-15,0.00093,NA
1997-02-16,9e-04,NA
1997-02-17,0.00087,NA
1997-02-18,0.00085,5.4
1997-02-19,0.00099,NA
1997-02-20,0.00108,NA
1997-02-21,0.0043,NA
1997-02-22,0.0112,NA
1997-02-23,0.00763,NA
1997-02-24,0.00499,3.6
1997-02-25,0.00378,NA
1997-02-26,0.00314,NA
1997-02-27,0.00269,NA
1997-02-28,0.00233,NA
1997-03-01,0.00224,NA
1997-03-02,0.00442,NA
1997-03-03,0.00448,NA
1997-03-04,0.00353,NA
1997-03-05,0.00298,4.4
1997-03-06,0.00266,NA
1997-03-07,0.00237,NA
1997-03-08,0.00218,NA
1997-03-09,0.00202,NA
1997-03-10,0.00189,NA
1997-03-11,0.00173,4.8
1997-03-12,0.00158,NA
1997-03-13,0.00145,NA
1997-03-14,0.00138,NA
1997-03-15,0.00132,NA
1997-03-16,0.00123,NA
1997-03-17,0.00119,NA
1997-03-18,0.00116,NA
1997-03-19,0.00113,NA
1997-03-20,0.00109,5
1997-03-21,0.00105,NA
1997-03-22,0.00101,NA
1997-03-23,0.00096,NA
1997-03-24,0.00092,NA
1997-03-25,0.00089,5.3
1997-03-26,0.0011,NA
1997-03-27,0.00115,NA
1997-03-28,0.00198,NA
1997-03-29,0.00529,NA
1997-03-30,0.00757,NA
1997-03-31,0.00564,NA
1997-04-01,0.00442,4.2
1997-04-02,0.00553,NA
1997-04-03,0.0089,NA
1997-04-04,0.0106,NA
1997-04-05,0.0157,NA
1997-04-06,0.055,NA
1997-04-07,0.0434,NA
1997-04-08,0.0143,3.9
1997-04-09,0.0081,NA
1997-04-10,0.00578,NA
1997-04-11,0.00526,NA
1997-04-12,0.00509,NA
1997-04-13,0.00448,NA
1997-04-14,0.00464,NA
1997-04-15,0.00665,3.8
1997-04-16,0.0122,NA
1997-04-17,0.015,NA
1997-04-18,0.0127,NA
1997-04-19,0.0101,NA
1997-04-20,0.00953,NA
1997-04-21,0.0133,3.8
1997-04-22,0.0144,NA
1997-04-23,0.0137,NA
1997-04-24,0.013,NA
1997-04-25,0.0113,NA
1997-04-26,0.00975,NA
1997-04-27,0.0085,NA
1997-04-28,0.0122,NA
1997-04-29,0.00961,4.4
1997-04-30,0.00737,NA
1997-05-01,0.00887,NA
1997-05-02,0.00812,NA
1997-05-03,0.0139,NA
1997-05-04,0.0153,NA
1997-05-05,0.00919,4.4
1997-05-06,0.0203,NA
1997-05-07,0.00993,NA
1997-05-08,0.00658,NA
1997-05-09,0.00621,NA
1997-05-10,0.00537,NA
1997-05-11,0.00449,NA
1997-05-12,0.0039,5.1
1997-05-13,0.00335,NA
1997-05-14,0.00294,NA
1997-05-15,0.00349,NA
1997-05-16,0.00351,NA
1997-05-17,0.00307,NA
1997-05-18,0.00269,NA
1997-05-19,0.00248,NA
1997-05-20,0.00226,5.8
1997-05-21,0.00205,NA
1997-05-22,0.00178,NA
1997-05-23,0.00157,NA
1997-05-24,0.00143,NA
1997-05-25,0.00136,NA
1997-05-26,0.0012,6.5
1997-05-27,0.00107,NA
1997-05-28,0.001,NA
1997-05-29,0.00089,NA
1997-05-30,0.00116,NA
1997-05-31,0.00129,NA
1997-06-01,0.00112,NA
1997-06-02,0.00091,9.7
1997-06-03,0.00075,NA
1997-06-04,0.00064,NA
1997-06-05,0.00055,NA
1997-06-06,0.00047,NA
1997-06-07,0.00039,NA
1997-06-08,0.00036,NA
1997-06-09,0.00029,NA
1997-06-10,0.00024,NA
1997-06-11,0.00019,NA
1997-06-12,0.00016,NA
1997-06-13,0.00012,NA
1997-06-14,9e-05,NA
1997-06-15,6e-05,NA
1997-06-16,0.00012,NA
1997-06-17,0.00018,17
1997-06-18,0.00013,NA
1997-06-19,9e-05,NA
1997-06-20,9e-05,NA
1997-06-21,0.00013,NA
1997-06-22,0.00023,NA
1997-06-23,0.00015,17.4
1997-06-24,0.00035,NA
1997-06-25,3e-04,NA
1997-06-26,2e-04,NA
1997-06-27,0.00012,NA
1997-06-28,9e-05,NA
1997-06-29,5e-05,NA
1997-06-30,4e-05,NA
1997-07-01,4e-05,NA
1997-07-02,4e-05,NA
1997-07-03,4e-05,19.9
1997-07-04,4e-05,NA
1997-07-05,3e-05,NA
1997-07-06,2e-05,NA
1997-07-07,5e-05,NA
1997-07-08,5e-05,18.9
1997-07-09,1e-04,NA
1997-07-10,4e-05,NA
1997-07-11,3e-05,NA
1997-07-12,2e-05,NA
1997-07-13,0.00166369165107694,NA
1997-07-14,0.00166369165107694,NA
1997-07-15,0.00157177498527159,NA
1997-07-16,0.00140632498682195,NA
1997-07-17,0.0013419833207582,NA
1997-07-18,0.00137874998708034,NA
1997-07-19,0.00128683332127498,NA
1997-07-20,0.00122249165521123,NA
1997-07-21,0.00109380832308374,NA
1997-07-22,0.000799674992506597,NA
1997-07-23,0.000753716659603919,NA
1997-07-24,0.000680183326959634,NA
1997-07-25,0.000680183326959634,NA
1997-07-26,0.000680183326959634,NA
1997-07-27,0.00101108332385892,NA
1997-07-28,0.00104784999018106,NA
1997-07-29,0.00068937499354017,NA
1997-07-30,0.000661799993798563,NA
1997-07-31,0.000643416660637492,NA
1997-08-01,0.000643416660637492,NA
1997-08-02,0.000634224994056956,NA
1997-08-03,0.000634224994056956,NA
1997-08-04,0.000615841660895885,NA
1997-08-05,0.000569883327993207,NA
1997-08-06,0.000533116661671065,NA
1997-08-07,0.000523924995090529,NA
1997-08-08,0.000523924995090529,NA
1997-08-09,0.000505541661929458,NA
1997-08-10,0.000505541661929458,NA
1997-08-11,0.00114895832256695,NA
1997-08-12,0.000909974991473024,NA
1997-08-13,0.00225195831223122,NA
1997-08-14,0.00146147498630516,NA
1997-08-15,0.00131440832101659,NA
1997-08-16,0.00347444996744246,NA
1997-08-17,0.00226114997881176,NA
1997-08-18,0.00116734165572802,NA
1997-08-19,0.000670991660379098,NA
1997-08-20,0.000643416660637492,NA
1997-08-21,0.00705919993385134,NA
1997-08-22,0.00547823328199921,NA
1997-08-23,0.00230710831171443,NA
1997-08-24,0.00157177498527159,NA
1997-08-25,0.00117653332230856,NA
1997-08-26,0.000974316657536773,NA
1997-08-27,0.000891591658311953,NA
1997-08-28,0.00100189165727838,NA
1997-08-29,0.00109380832308374,NA
1997-08-30,0.00091916665805356,NA
1997-08-31,0.00117653332230856,NA
1997-09-01,0.00127764165469445,NA
1997-09-02,0.00117653332230856,NA
1997-09-03,0.000909974991473024,NA
1997-09-04,0.000661799993798563,NA
1997-09-05,0.000634224994056956,NA
1997-09-06,0.000680183326959634,NA
1997-09-07,0.000680183326959634,NA
1997-09-08,0.000670991660379098,NA
1997-09-09,0.000652608327218027,NA
1997-09-10,0.000661799993798563,NA
1997-09-11,0.00125925832153338,NA
1997-09-12,0.00145228331972462,NA
1997-09-13,0.00119491665546963,NA
1997-09-14,0.00102027499043945,NA
1997-09-15,0.00085482499198981,NA
1997-09-16,0.000744524993023383,NA
1997-09-17,0.00537712494961332,NA
1997-09-18,0.00287699163970764,NA
1997-09-19,0.00248174997674461,NA
1997-09-20,0.00227953331197283,NA
1997-09-21,0.00163611665133534,NA
1997-09-22,0.00161773331817426,NA
1997-09-23,0.00168207498423801,NA
1997-09-24,0.0014982416526273,NA
1997-09-25,0.00180156664978498,NA
1997-09-26,0.00181075831636551,NA
1997-09-27,0.00147985831946623,NA
1997-09-28,0.00140632498682195,NA
1997-09-29,0.0036398999658921,NA
1997-09-30,0.00238983331093925,NA
1997-10-01,0.00218761664616747,NA
1997-10-02,0.00216004164642587,NA
1997-10-03,0.00226114997881176,NA
1997-10-04,0.00682940826933795,NA
1997-10-05,0.00731656659810633,NA
1997-10-06,0.00237144997777818,NA
1997-10-07,0.00197620831481515,NA
1997-10-08,0.0017556083168823,NA
1997-10-09,0.00317112497028478,NA
1997-10-10,0.00411786662807995,NA
1997-10-11,0.00217842497958694,NA
1997-10-12,0.00199459164797622,NA
1997-10-13,0.00193024998191248,NA
1997-10-14,0.00190267498217087,NA
1997-10-15,0.00184752498268765,NA
1997-10-16,0.0017556083168823,NA
1997-10-17,0.00165449998449641,NA
1997-10-18,0.00145228331972462,NA
1997-10-19,0.00142470831998302,NA
1997-10-20,0.00159934998501319,NA
1997-10-21,0.00184752498268765,NA
1997-10-22,0.0022979166451339,NA
1997-10-23,0.00228872497855336,NA
1997-10-24,0.00223357497907015,NA
1997-10-25,0.00223357497907015,NA
1997-10-26,0.00235306664461711,NA
1997-10-27,0.00291375830602978,NA
1997-10-28,0.00297809997209353,NA
1997-10-29,0.00479804995503958,NA
1997-10-30,0.00491754162058654,NA
1997-10-31,0.00983508324117309,NA
1997-11-01,0.0209569998036212,NA
1997-11-02,0.0181075831636551,NA
1997-11-03,0.00011,NA
1997-11-04,0.00025,16.9
1997-11-05,0.00022,NA
1997-11-06,2e-04,NA
1997-11-07,0.00019,NA
1997-11-08,0.00017,NA
1997-11-09,0.00015,NA
1997-11-10,0.00013,15.1
1997-11-11,0.00012,NA
1997-11-12,0.00011,NA
1997-11-13,9e-05,NA
1997-11-14,9e-05,NA
1997-11-15,8e-05,NA
1997-11-16,7e-05,NA
1997-11-17,6e-05,13.4
1997-11-18,6e-05,NA
1997-11-19,6e-05,NA
1997-11-20,6e-05,NA
1997-11-21,5e-05,NA
1997-11-22,5e-05,NA
1997-11-23,4e-05,NA
1997-11-24,4e-05,NA
1997-11-25,4e-05,NA
1997-11-26,0.00011,NA
1997-11-27,0.00013,NA
1997-11-28,0.00015,NA
1997-11-29,0.00019,NA
1997-11-30,2e-04,NA
1997-12-01,0.00021,NA
1997-12-02,0.00021,12.8
1997-12-03,0.00019,NA
1997-12-04,0.00018,NA
1997-12-05,0.00017,NA
1997-12-06,0.00018,NA
1997-12-07,0.00018,NA
1997-12-08,0.00018,11.8
1997-12-09,0.00018,NA
1997-12-10,0.00017,NA
1997-12-11,0.00015,NA
1997-12-12,0.00014,NA
1997-12-13,0.00013,NA
1997-12-14,0.00012,NA
1997-12-15,0.00012,NA
1997-12-16,0.00011,11.9
1997-12-17,0.00011,NA
1997-12-18,0.00011,NA
1997-12-19,0.00011,NA
1997-12-20,0.00011,NA
1997-12-21,0.00011,NA
1997-12-22,9e-05,NA
1997-12-23,9e-05,NA
1997-12-24,9e-05,NA
1997-12-25,9e-05,NA
1997-12-26,0.00011,NA
1997-12-27,0.00013,NA
1997-12-28,0.00013,NA
1997-12-29,0.00013,NA
1997-12-30,0.00013,NA
1997-12-31,0.00011,NA
1998-01-01,1e-04,NA
1998-01-02,9e-05,NA
1998-01-03,0.00014,NA
1998-01-04,0.00017,NA
1998-01-05,0.00029,NA
1998-01-06,0.00206,NA
1998-01-07,0.00415,11.1
1998-01-08,0.00402,NA
1998-01-09,0.0034,NA
1998-01-10,0.00279,NA
1998-01-11,0.00226,NA
1998-01-12,0.0019,NA
1998-01-13,0.00164,NA
1998-01-14,0.00141,8.4
1998-01-15,0.0013,NA
1998-01-16,0.0012,NA
1998-01-17,0.00112,NA
1998-01-18,0.00103,NA
1998-01-19,0.00096,NA
1998-01-20,0.00089,NA
1998-01-21,0.00081,8.7
1998-01-22,0.00074,NA
1998-01-23,0.00069,NA
1998-01-24,0.00067,NA
1998-01-25,0.00065,NA
1998-01-26,0.00061,8.6
1998-01-27,0.00059,NA
1998-01-28,0.00056,NA
1998-01-29,0.00055,NA
1998-01-30,0.00054,NA
1998-01-31,0.00052,NA
1998-02-01,0.00049,NA
1998-02-02,0.00048,NA
1998-02-03,0.00046,8.5
1998-02-04,0.00045,NA
1998-02-05,0.00044,NA
1998-02-06,0.00043,NA
1998-02-07,0.00042,NA
1998-02-08,4e-04,NA
1998-02-09,0.00038,NA
1998-02-10,0.00036,NA
1998-02-11,0.00038,8.8
1998-02-12,0.00066,NA
1998-02-13,0.00084,NA
1998-02-14,0.00075,NA
1998-02-15,0.00067,NA
1998-02-16,0.00061,NA
1998-02-17,0.00058,8.1
1998-02-18,0.00058,NA
1998-02-19,0.00057,NA
1998-02-20,0.00056,NA
1998-02-21,0.00055,NA
1998-02-22,0.00053,NA
1998-02-23,0.00053,NA
1998-02-24,0.00052,NA
1998-02-25,0.00053,7.6
1998-02-26,0.00062,NA
1998-02-27,0.00075,NA
1998-02-28,0.00107,NA
1998-03-01,0.00207,NA
1998-03-02,0.00382,NA
1998-03-03,0.00432,NA
1998-03-04,0.00364,6.7
1998-03-05,0.00348,NA
1998-03-06,0.00309,NA
1998-03-07,0.00263,NA
1998-03-08,0.00236,NA
1998-03-09,0.00779,6.2
1998-03-10,0.0139,NA
1998-03-11,0.00738,NA
1998-03-12,0.00452,NA
1998-03-13,0.00333,NA
1998-03-14,0.0027,NA
1998-03-15,0.00225,NA
1998-03-16,0.00191,6.5
1998-03-17,0.00165,NA
1998-03-18,0.00148,NA
1998-03-19,0.00137,NA
1998-03-20,0.00185,NA
1998-03-21,0.00124,NA
1998-03-22,0.0012,NA
1998-03-23,0.00116,6.4
1998-03-24,0.0012,NA
1998-03-25,0.00101,NA
1998-03-26,0.00268,NA
1998-03-27,0.0123,NA
1998-03-28,0.0375,NA
1998-03-29,0.0427,NA
1998-03-30,0.0359,NA
1998-03-31,0.0537,4.9
1998-04-01,0.0389,NA
1998-04-02,0.0235,NA
1998-04-03,0.0155,NA
1998-04-04,0.00981,NA
1998-04-05,0.00736,NA
1998-04-06,0.00586,5.4
1998-04-07,0.00508,NA
1998-04-08,0.00455,NA
1998-04-09,0.00379,NA
1998-04-10,0.0032,NA
1998-04-11,0.00274,NA
1998-04-12,0.00238,NA
1998-04-13,0.00222,NA
1998-04-14,0.00201,6.8
1998-04-15,0.00186,NA
1998-04-16,0.00235,NA
1998-04-17,0.00517,NA
1998-04-18,0.00423,NA
1998-04-19,0.00322,NA
1998-04-20,0.00258,7.2
1998-04-21,0.00215,NA
1998-04-22,0.0018,NA
1998-04-23,0.0015,7.6
1998-04-24,0.00132,NA
1998-04-25,0.00116,NA
1998-04-26,0.00101,NA
1998-04-27,0.00089,8.5
1998-04-28,0.00083,NA
1998-04-29,0.00078,NA
1998-04-30,0.00073,8.7
1998-05-01,0.00068,NA
1998-05-02,0.00069,NA
1998-05-03,7e-04,NA
1998-05-04,0.00066,11.2
1998-05-05,0.00061,NA
1998-05-06,0.00054,NA
1998-05-07,0.00051,13.9
1998-05-08,0.00047,NA
1998-05-09,0.00041,NA
1998-05-10,0.00036,NA
1998-05-11,0.00039,18.1
1998-05-12,0.00031,NA
1998-05-13,0.00025,NA
1998-05-14,0.00021,19
1998-05-15,0.00018,NA
1998-05-16,0.00015,NA
1998-05-17,0.00013,NA
1998-05-18,0.00011,NA
1998-05-19,8e-05,22.4
1998-05-20,5e-05,NA
1998-05-21,4e-05,23.2
1998-05-22,4e-05,NA
1998-05-23,3e-05,NA
1998-05-24,3e-05,NA
1998-05-25,2e-05,NA
1998-05-26,0.00177399165004337,NA
1998-05-27,0.00152581665236891,NA
1998-05-28,0.00155339165211052,NA
1998-05-29,0.00156258331869105,NA
1998-05-30,0.00141551665340248,NA
1998-05-31,0.00211408331352319,NA
1998-06-01,0.00183833331610712,NA
1998-06-02,0.00214165831326479,NA
1998-06-03,0.00239902497751979,NA
1998-06-04,0.00183833331610712,NA
1998-06-05,0.00185671664926819,NA
1998-06-06,0.00174641665030176,NA
1998-06-07,0.00170964998397962,NA
1998-06-08,0.00159934998501319,NA
1998-06-09,0.00145228331972462,NA
1998-06-10,0.00127764165469445,NA
1998-06-11,0.00113057498940588,NA
1998-06-12,0.00225195831223122,NA
1998-06-13,0.00199459164797622,NA
1998-06-14,0.0014982416526273,NA
1998-06-15,0.00365828329905317,NA
1998-06-16,0.00300567497183514,NA
1998-06-17,0.00731656659810633,NA
1998-06-18,0.00230710831171443,NA
1998-06-19,0.00174641665030176,NA
1998-06-20,0.00125006665495284,NA
1998-06-21,0.000781291659345526,NA
1998-06-22,0.000698566660120705,NA
1998-06-23,0.000652608327218027,NA
1998-06-24,0.000551499994832136,NA
1998-06-25,0.00380534996434174,NA
1998-06-26,0.00690294160198223,NA
1998-06-27,0.0019118666487514,NA
1998-06-28,0.00104784999018106,NA
1998-06-29,0.000753716659603919,NA
1998-06-30,0.00356636663324781,NA
1998-07-01,0.00402594996227459,NA
1998-07-02,0.00104784999018106,NA
1998-07-03,0.000680183326959634,NA
1998-07-04,0.00182914164952658,NA
1998-07-05,0.000864016658570346,NA
1998-07-06,0.000588266661154278,NA
1998-07-07,0.000569883327993207,NA
1998-07-08,0.000560691661412671,NA
1998-07-09,0.000625033327476421,NA
1998-07-10,0.000762908326184454,NA
1998-07-11,0.000569883327993207,NA
1998-07-12,0.000505541661929458,NA
1998-07-13,0.000560691661412671,NA
1998-07-14,0.000551499994832136,NA
1998-07-15,0.000523924995090529,NA
1998-07-16,0.00104784999018106,NA
1998-07-17,0.00132359998759713,NA
1998-07-18,0.00101108332385892,NA
1998-07-19,0.000625033327476421,NA
1998-07-20,0.000606649994315349,NA
1998-07-21,0.00125006665495284,NA
1998-07-22,0.00260124164229157,NA
1998-07-23,0.000799674992506597,NA
1998-07-24,0.000588266661154278,NA
1998-07-25,0.000551499994832136,NA
1998-07-26,0.000533116661671065,NA
1998-07-27,0.000716949993281776,NA
1998-07-28,0.00161773331817426,NA
1998-07-29,0.0028402249733855,NA
1998-07-30,0.00170045831739909,NA
1998-07-31,0.00123168332179177,NA
1998-08-01,0.000625033327476421,NA
1998-08-02,0.000597458327734814,NA
1998-08-03,0.000523924995090529,NA
1998-08-04,0.000514733328509993,NA
1998-08-05,0.000441199995865709,NA
1998-08-06,0.000533116661671065,NA
1998-08-07,0.000643416660637492,NA
1998-08-08,0.000597458327734814,NA
1998-08-09,0.000588266661154278,NA
1998-08-10,0.000643416660637492,NA
1998-08-11,0.000569883327993207,NA
1998-08-12,0.000487158328768387,NA
1998-08-13,0.000413624996124102,NA
1998-08-14,0.000386049996382495,NA
1998-08-15,0.000386049996382495,NA
1998-08-16,0.000340091663479817,NA
1998-08-17,0.000330899996899281,NA
1998-08-18,0.000340091663479817,NA
1998-08-19,0.000303324997157675,NA
1998-08-20,0.000257366664254997,NA
1998-08-21,0.000303324997157675,NA
1998-08-22,0.000303324997157675,NA
1998-08-23,0.00348364163402299,NA
1998-08-24,0.00897106658260274,NA
1998-08-25,0.00194863331507355,NA
1998-08-26,0.00100189165727838,NA
1998-08-27,0.000625033327476421,NA
1998-08-28,0.0005423083282516,NA
1998-08-29,0.0005423083282516,NA
1998-08-30,0.000588266661154278,NA
1998-08-31,0.000569883327993207,NA
1998-09-01,0.000597458327734814,NA
1998-09-02,0.000615841660895885,NA
1998-09-03,0.000625033327476421,NA
1998-09-04,0.000588266661154278,NA
1998-09-05,0.000569883327993207,NA
1998-09-06,0.000579074994573743,NA
1998-09-07,0.000487158328768387,NA
1998-09-08,0.000487158328768387,NA
1998-09-09,0.000487158328768387,NA
1998-09-10,0.000487158328768387,NA
1998-09-11,0.000487158328768387,NA
1998-09-12,0.000487158328768387,NA
1998-09-13,0.000487158328768387,NA
1998-09-14,0.000487158328768387,NA
1998-09-15,0.00163611665133534,NA
1998-09-16,0.0014982416526273,NA
1998-09-17,0.000762908326184454,NA
1998-09-18,0.000661799993798563,NA
1998-09-19,0.000615841660895885,NA
1998-09-20,0.000606649994315349,NA
1998-09-21,0.000579074994573743,NA
1998-09-22,0.000634224994056956,NA
1998-09-23,0.000652608327218027,NA
1998-09-24,0.000680183326959634,NA
1998-09-25,0.000726141659862312,NA
1998-09-26,0.0190267498217087,NA
1998-09-27,0.00838279992144846,NA
1998-09-28,0.00181075831636551,NA
1998-09-29,0.00135117498733873,NA
1998-09-30,0.0013419833207582,NA
1998-10-01,0.00152581665236891,NA
1998-10-02,0.00165449998449641,NA
1998-10-03,0.00165449998449641,NA
1998-10-04,0.00164530831791587,NA
1998-10-05,0.00111219165624481,NA
1998-10-06,0.000818058325667668,NA
1998-10-07,0.00219680831274801,NA
1998-10-08,0.00284941663996603,NA
1998-10-09,0.00241740831068086,NA
1998-10-10,0.00232549164487551,NA
1998-10-11,0.00220599997932854,NA
1998-10-12,0.00219680831274801,NA
1998-10-13,0.00219680831274801,NA
1998-10-14,0.00374100829827799,NA
1998-10-15,0.002454174977003,NA
1998-10-16,0.00170964998397962,NA
1998-10-17,0.00158096665185212,NA
1998-10-18,0.00218761664616747,NA
1998-10-19,0.00301486663841568,NA
1998-10-20,0.00211408331352319,NA
1998-10-21,0.00170964998397962,NA
1998-10-22,0.00169126665081855,NA
1998-10-23,0.00167288331765748,NA
1998-10-24,0.00166369165107694,NA
1998-10-25,0.00165449998449641,NA
1998-10-26,0.00171884165056016,NA
1998-10-27,0.00176479998346283,NA
1998-10-28,0.00617679994211992,NA
1998-10-29,0.00251851664306675,NA
1998-10-30,0.00177399165004337,NA
1998-10-31,0.00155339165211052,NA
1998-11-01,0.00150743331920784,NA
1998-11-02,0.00146147498630516,NA
1998-11-03,0.0013695583204998,NA
1998-11-04,0.0012132999886307,NA
1998-11-05,0.00120410832205016,NA
1998-11-06,0.00145228331972462,NA
1998-11-07,0.00171884165056016,NA
1998-11-08,0.00171884165056016,NA
1998-11-09,0.00170045831739909,NA
1998-11-10,0.00491754162058654,NA
1998-11-11,0.00726141659862312,NA
1998-11-12,0.00305163330473782,NA
1998-11-13,0.00235306664461711,NA
1998-11-14,0.00267477497493586,NA
1998-11-15,0.0062227582750226,NA
1998-11-16,0.00266558330835532,NA
1998-11-17,0.00234387497803658,NA
1998-11-18,0.00216004164642587,NA
1998-11-19,0.0022979166451339,NA
1998-11-20,0.00281264997364389,NA
1998-11-21,0.00278507497390229,NA
1998-11-22,0.00235306664461711,NA
1998-11-23,0.002711541641258,NA
1998-11-24,0.00323546663634853,NA
1998-11-25,0.00308839997105996,NA
1998-11-26,0.00557934161438511,NA
1998-11-27,0.00521167495116368,NA
1998-11-28,0.00374100829827799,NA
1998-11-29,0.00320789163660692,NA
1998-11-30,0.00862178325254239,NA
1998-12-01,1e-04,NA
1998-12-02,0.00037,NA
1998-12-03,0.00042,23.5
1998-12-04,0.00046,NA
1998-12-05,0.00049,NA
1998-12-06,0.00062,NA
1998-12-07,0.00114,24.1
1998-12-08,0.00139,NA
1998-12-09,0.00138,NA
1998-12-10,0.00126,NA
1998-12-11,0.00114,NA
1998-12-12,0.00105,NA
1998-12-13,0.00097,NA
1998-12-14,0.00082,17.6
1998-12-15,0.00075,NA
1998-12-16,0.00073,NA
1998-12-17,0.00067,NA
1998-12-18,0.00057,NA
1998-12-19,0.00051,NA
1998-12-20,0.00049,NA
1998-12-21,0.00046,NA
1998-12-22,0.00045,NA
1998-12-23,0.00044,NA
1998-12-24,0.00044,NA
1998-12-25,0.00045,NA
1998-12-26,0.00045,NA
1998-12-27,0.00045,NA
1998-12-28,0.00045,NA
1998-12-29,0.00044,NA
1998-12-30,0.00043,NA
1998-12-31,0.00042,NA
1999-01-01,0.00039,NA
1999-01-02,0.00037,NA
1999-01-03,0.00036,NA
1999-01-04,0.00034,NA
1999-01-05,0.00032,13.9
1999-01-06,0.00031,NA
1999-01-07,3e-04,NA
1999-01-08,0.00028,NA
1999-01-09,0.00026,NA
1999-01-10,0.00026,NA
1999-01-11,0.00025,13.9
1999-01-12,0.00024,NA
1999-01-13,0.00024,NA
1999-01-14,0.00024,NA
1999-01-15,0.00024,NA
1999-01-16,0.00024,NA
1999-01-17,0.00024,NA
1999-01-18,0.00025,NA
1999-01-19,0.00036,13.6
1999-01-20,0.00037,NA
1999-01-21,0.00037,NA
1999-01-22,0.00042,NA
1999-01-23,0.0023,NA
1999-01-24,0.0105,NA
1999-01-25,0.0129,10.5
1999-01-26,0.00907,NA
1999-01-27,0.0064,NA
1999-01-28,0.00471,10
1999-01-29,0.00363,NA
1999-01-30,0.00301,NA
1999-01-31,0.00248,NA
1999-02-01,0.00222,NA
1999-02-02,0.00206,9.3
1999-02-03,0.00288,NA
1999-02-04,0.00284,8.7
1999-02-05,0.00233,NA
1999-02-06,0.00211,NA
1999-02-07,0.00195,NA
1999-02-08,0.00177,NA
1999-02-09,0.00166,8.6
1999-02-10,0.00157,NA
1999-02-11,0.00151,NA
1999-02-12,0.00406,NA
1999-02-13,0.00559,NA
1999-02-14,0.00418,NA
1999-02-15,0.00337,7.8
1999-02-16,0.00286,NA
1999-02-17,0.00248,NA
1999-02-18,0.00221,NA
1999-02-19,0.002,NA
1999-02-20,0.00179,NA
1999-02-21,0.0016,NA
1999-02-22,0.00143,NA
1999-02-23,0.00126,8.2
1999-02-24,0.00116,NA
1999-02-25,0.0011,NA
1999-02-26,0.00104,NA
1999-02-27,0.001,NA
1999-02-28,0.00121,NA
1999-03-01,0.0014,8.3
1999-03-02,0.00131,NA
1999-03-03,0.00124,NA
1999-03-04,0.00113,NA
1999-03-05,0.00103,8.2
1999-03-06,0.00097,NA
1999-03-07,0.00091,NA
1999-03-08,0.00083,8.4
1999-03-09,0.00081,NA
1999-03-10,0.00078,NA
1999-03-11,0.00074,NA
1999-03-12,0.00071,NA
1999-03-13,0.00068,NA
1999-03-14,0.00066,NA
1999-03-15,0.00064,8.6
1999-03-16,0.00067,NA
1999-03-17,0.00086,NA
1999-03-18,0.00128,NA
1999-03-19,0.0015,NA
1999-03-20,0.00153,NA
1999-03-21,0.00188,NA
1999-03-22,0.0028,NA
1999-03-23,0.0027,NA
1999-03-24,0.00239,NA
1999-03-25,0.00209,6.9
1999-03-26,0.00206,NA
1999-03-27,0.00293,NA
1999-03-28,0.00566,NA
1999-03-29,0.0117,NA
1999-03-30,0.0152,6.8
1999-03-31,0.0198,NA
1999-04-01,0.0229,NA
1999-04-02,0.0219,NA
1999-04-03,0.017,NA
1999-04-04,0.0167,NA
1999-04-05,0.00979,NA
1999-04-06,0.00972,NA
1999-04-07,0.0146,NA
1999-04-08,0.0127,NA
1999-04-09,0.00874,6
1999-04-10,0.00612,NA
1999-04-11,0.00479,NA
1999-04-12,0.00382,NA
1999-04-13,0.00292,6.6
1999-04-14,0.0025,NA
1999-04-15,0.00226,NA
1999-04-16,0.00209,NA
1999-04-17,0.00194,NA
1999-04-18,0.00176,NA
1999-04-19,0.00166,NA
1999-04-20,0.00154,NA
1999-04-21,0.00135,NA
1999-04-22,0.00122,NA
1999-04-23,0.00107,9
1999-04-24,0.00091,NA
1999-04-25,0.00086,NA
1999-04-26,0.00078,9.1
1999-04-27,0.00069,NA
1999-04-28,0.00065,NA
1999-04-29,0.00061,NA
1999-04-30,0.00056,NA
1999-05-01,0.00053,NA
1999-05-02,0.00047,NA
1999-05-03,0.00042,NA
1999-05-04,0.00041,14.3
1999-05-05,0.00037,NA
1999-05-06,0.00035,NA
1999-05-07,0.00041,NA
1999-05-08,0.00055,NA
1999-05-09,0.00073,NA
1999-05-10,6e-04,NA
1999-05-11,0.00047,NA
1999-05-12,0.00039,NA
1999-05-13,0.00033,NA
1999-05-14,0.00027,19.6
1999-05-15,0.00024,NA
1999-05-16,0.00022,NA
1999-05-17,2e-04,NA
1999-05-18,0.00021,NA
1999-05-19,0.00106,24
1999-05-20,0.00085,NA
1999-05-21,0.00055,NA
1999-05-22,0.00042,NA
1999-05-23,0.00031,NA
1999-05-24,0.00055,NA
1999-05-25,0.00175,NA
1999-05-26,0.00292,NA
1999-05-27,0.00225,NA
1999-05-28,0.00138,NA
1999-05-29,0.00086,NA
1999-05-30,0.00057,NA
1999-05-31,0.00039,NA
1999-06-01,0.00043,NA
1999-06-02,0.00086,23.1
1999-06-03,0.00204,NA
1999-06-04,0.00132,NA
1999-06-05,0.00084,NA
1999-06-06,0.00063,NA
1999-06-07,5e-04,NA
1999-06-08,0.00035,25.6
1999-06-09,0.00023,NA
1999-06-10,0.00018,NA
1999-06-11,0.00016,NA
1999-06-12,0.00013,NA
1999-06-13,0.00011,NA
1999-06-14,0.00019,NA
1999-06-15,2e-04,NA
1999-06-16,0.00014,NA
1999-06-17,0.00011,NA
1999-06-18,9e-05,NA
1999-06-19,8e-05,NA
1999-06-20,5e-05,NA
1999-06-21,4e-05,31.3
1999-06-22,4e-05,NA
1999-06-23,3e-05,NA
1999-06-24,3e-05,NA
1999-06-25,7e-05,NA
1999-06-26,4e-05,NA
1999-06-27,3e-05,NA
1999-06-28,0.00013,NA
1999-06-29,0.00024,27.6
1999-06-30,0.00017,NA
1999-07-01,0.00076,NA
1999-07-02,0.00222,NA
1999-07-03,0.0014,NA
1999-07-04,0.00887,NA
1999-07-05,0.0047,NA
1999-07-06,0.0035,NA
1999-07-07,0.00249,NA
1999-07-08,0.00172,28.6
1999-07-09,0.00241,NA
1999-07-10,0.00461,NA
1999-07-11,0.00296,NA
1999-07-12,0.0018,NA
1999-07-13,0.00119,22.4
1999-07-14,0.00079,NA
1999-07-15,5e-04,NA
1999-07-16,0.00033,NA
1999-07-17,0.00025,NA
1999-07-18,0.00019,NA
1999-07-19,0.00016,NA
1999-07-20,0.00014,NA
1999-07-21,8e-05,NA
1999-07-22,4e-05,NA
1999-07-23,4e-05,NA
1999-07-24,0.00015,NA
1999-07-25,0.00012,NA
1999-07-26,7e-05,NA
1999-07-27,4e-05,NA
1999-07-28,3e-05,NA
1999-07-29,2e-05,NA
1999-07-30,1e-05,NA
1999-07-31,2e-05,NA
1999-08-01,4e-05,NA
1999-08-02,1e-05,NA
1999-08-03,0.000864016658570346,NA
1999-08-04,0.000873208325150882,NA
1999-08-05,0.000698566660120705,NA
1999-08-06,1e-05,NA
1999-08-07,4e-05,NA
1999-08-08,0.00012,NA
1999-08-09,6e-05,NA
1999-08-10,4e-05,NA
1999-08-11,4e-05,NA
1999-08-12,3e-05,NA
1999-08-13,6e-05,NA
1999-08-14,2e-04,NA
1999-08-15,0.00012,NA
1999-08-16,6e-05,29
1999-08-17,4e-05,NA
1999-08-18,4e-05,NA
1999-08-19,3e-05,NA
1999-08-20,1e-05,NA
1999-08-21,0.00104784999018106,NA
1999-08-22,0.000753716659603919,NA
1999-08-23,0.000670991660379098,NA
1999-08-24,0.000625033327476421,NA
1999-08-25,0.000634224994056956,NA
1999-08-26,0.000661799993798563,NA
1999-08-27,0.000680183326959634,NA
1999-08-28,0.000606649994315349,NA
1999-08-29,0.000597458327734814,NA
1999-08-30,0.000606649994315349,NA
1999-08-31,0.000597458327734814,NA
1999-09-01,0.000579074994573743,NA
1999-09-02,0.000588266661154278,NA
1999-09-03,0.000569883327993207,NA
1999-09-04,0.000551499994832136,NA
1999-09-05,0.000560691661412671,NA
1999-09-06,0.00534035828329118,NA
1999-09-07,0.00326304163609014,NA
1999-09-08,0.00211408331352319,NA
1999-09-09,0.00146147498630516,NA
1999-09-10,0.00123168332179177,NA
1999-09-11,0.00196701664823462,NA
1999-09-12,0.00125006665495284,NA
1999-09-13,0.00363070829931156,NA
1999-09-14,0.00226114997881176,NA
1999-09-15,0.00200378331455676,NA
1999-09-16,0.00163611665133534,NA
1999-09-17,0.00129602498785552,NA
1999-09-18,0.00107542498992266,NA
1999-09-19,0.000965124990956238,NA
1999-09-20,0.00199459164797622,NA
1999-09-21,0.00189348331559033,NA
1999-09-22,0.0014706666528857,NA
1999-09-23,0.00179237498320444,NA
1999-09-24,0.0164530831791587,NA
1999-09-25,0.00336414996847603,NA
1999-09-26,0.00222438331248961,NA
1999-09-27,0.00198539998139569,NA
1999-09-28,0.00220599997932854,NA
1999-09-29,0.00014,NA
1999-09-30,0.00122,22.6
1999-10-01,0.0012,NA
1999-10-02,0.00096,NA
1999-10-03,0.00083,NA
1999-10-04,0.00067,NA
1999-10-05,0.00058,NA
1999-10-06,0.00083,NA
1999-10-07,0.00067,NA
1999-10-08,0.00061,NA
1999-10-09,0.00095,NA
1999-10-10,9e-04,NA
1999-10-11,0.00071,NA
1999-10-12,0.00064,NA
1999-10-13,0.00584,NA
1999-10-14,0.00963,18.7
1999-10-15,0.00552,NA
1999-10-16,0.00388,NA
1999-10-17,0.00329,NA
1999-10-18,0.00264,NA
1999-10-19,0.00214,NA
1999-10-20,0.00199,14.8
1999-10-21,0.00196,NA
1999-10-22,0.0069,NA
1999-10-23,0.0145,NA
1999-10-24,0.00802,NA
1999-10-25,0.00526,NA
1999-10-26,0.0039,10.8
1999-10-27,0.00314,NA
1999-10-28,0.00263,NA
1999-10-29,0.0023,NA
1999-10-30,0.00206,NA
1999-10-31,0.002,NA
1999-11-01,0.00197,NA
1999-11-02,0.00387,11.6
1999-11-03,0.0216,NA
1999-11-04,0.0105,NA
1999-11-05,0.00844,NA
1999-11-06,0.00868,NA
1999-11-07,0.00626,NA
1999-11-08,0.00476,NA
1999-11-09,0.00393,NA
1999-11-10,0.00324,7.9
1999-11-11,0.00247,NA
1999-11-12,0.00222,NA
1999-11-13,0.00214,NA
1999-11-14,0.00247,NA
1999-11-15,0.00246,NA
1999-11-16,0.00231,NA
1999-11-17,0.00218,NA
1999-11-18,0.0017,8.2
1999-11-19,0.00146,NA
1999-11-20,0.00182,NA
1999-11-21,0.00192,NA
1999-11-22,0.00188,NA
1999-11-23,0.00173,NA
1999-11-24,0.00328,NA
1999-11-25,0.00376,NA
1999-11-26,0.00416,9.1
1999-11-27,0.00651,NA
1999-11-28,0.00629,NA
1999-11-29,0.00451,NA
1999-11-30,0.0033,NA
1999-12-01,0.00255,NA
1999-12-02,0.0023,NA
1999-12-03,0.00231,NA
1999-12-04,0.0046,NA
1999-12-05,0.00881,NA
1999-12-06,0.0156,NA
1999-12-07,0.00852,NA
1999-12-08,0.00577,NA
1999-12-09,0.00448,NA
1999-12-10,0.0038,NA
1999-12-11,0.0032,NA
1999-12-12,0.00269,NA
1999-12-13,0.00237,NA
1999-12-14,0.00218,NA
1999-12-15,0.00229,NA
1999-12-16,0.00313,NA
1999-12-17,0.00283,NA
1999-12-18,0.002,NA
1999-12-19,0.0016,NA
1999-12-20,0.00235,NA
1999-12-21,0.00308,NA
1999-12-22,0.00269,NA
1999-12-23,0.0024,NA
1999-12-24,0.00203,NA
1999-12-25,0.00168,NA
1999-12-26,0.00157,NA
1999-12-27,0.00144,NA
1999-12-28,0.00133,NA
1999-12-29,0.00123,NA
1999-12-30,0.00115,NA
1999-12-31,0.00108,NA
2000-01-01,0.00101,NA
2000-01-02,0.00112,NA
2000-01-03,0.0018,NA
2000-01-04,0.00205,NA
2000-01-05,0.00212,NA
2000-01-06,0.00186,6.3
2000-01-07,0.00169,NA
2000-01-08,0.00153,NA
2000-01-09,0.00141,NA
2000-01-10,0.00161,NA
2000-01-11,0.00369,NA
2000-01-12,0.0042,NA
2000-01-13,0.00344,NA
2000-01-14,0.00244,NA
2000-01-15,0.00193,NA
2000-01-16,0.00174,NA
2000-01-17,0.00141,NA
2000-01-18,0.00119,4.8
2000-01-19,0.00104,NA
2000-01-20,0.00092,NA
2000-01-21,0.00079,NA
2000-01-22,0.00065,NA
2000-01-23,0.00056,NA
2000-01-24,0.00053,NA
2000-01-25,0.00052,NA
2000-01-26,0.00051,NA
2000-01-27,0.00046,6.8
2000-01-28,4e-04,NA
2000-01-29,0.00036,NA
2000-01-30,0.00033,NA
2000-01-31,0.00033,NA
2000-02-01,0.00035,NA
2000-02-02,0.00032,NA
2000-02-03,0.00032,NA
2000-02-04,0.00032,NA
2000-02-05,0.00032,NA
2000-02-06,0.00031,NA
2000-02-07,0.00029,NA
2000-02-08,0.00029,NA
2000-02-09,0.00029,NA
2000-02-10,0.00026,7.4
2000-02-11,0.00025,NA
2000-02-12,0.00026,NA
2000-02-13,0.00026,NA
2000-02-14,0.00026,NA
2000-02-15,0.00026,NA
2000-02-16,0.00025,NA
2000-02-17,0.00024,NA
2000-02-18,0.00023,NA
2000-02-19,0.00023,NA
2000-02-20,0.00022,NA
2000-02-21,0.00022,NA
2000-02-22,0.00022,NA
2000-02-23,0.00025,NA
2000-02-24,0.00045,7.2
2000-02-25,0.00145,NA
2000-02-26,0.003,NA
2000-02-27,0.0159,NA
2000-02-28,0.0142,NA
2000-02-29,0.00878,NA
2000-03-01,0.00748,NA
2000-03-02,0.00674,NA
2000-03-03,0.00479,5.3
2000-03-04,0.00482,NA
2000-03-05,0.00484,NA
2000-03-06,0.00487,NA
2000-03-07,0.00489,5.1
2000-03-08,0.00492,NA
2000-03-09,0.0132,NA
2000-03-10,0.00854,NA
2000-03-11,0.00447,NA
2000-03-12,0.00343,NA
2000-03-13,0.00288,NA
2000-03-14,0.00246,NA
2000-03-15,0.00228,NA
2000-03-16,0.00223,5.3
2000-03-17,0.00198,NA
2000-03-18,0.00173,NA
2000-03-19,0.00148,NA
2000-03-20,0.00195,NA
2000-03-21,0.00241,NA
2000-03-22,0.00352,NA
2000-03-23,0.0051,NA
2000-03-24,0.0056,4.7
2000-03-25,0.00605,NA
2000-03-26,0.00503,NA
2000-03-27,0.00414,NA
2000-03-28,0.00423,4.9
2000-03-29,0.00382,NA
2000-03-30,0.00349,NA
2000-03-31,0.00435,NA
2000-04-01,0.0062,NA
2000-04-02,0.00734,NA
2000-04-03,0.00667,NA
2000-04-04,0.00691,NA
2000-04-05,0.00548,NA
2000-04-06,0.00435,NA
2000-04-07,0.00449,5.1
2000-04-08,0.00499,NA
2000-04-09,0.00423,NA
2000-04-10,0.00408,NA
2000-04-11,0.00354,NA
2000-04-12,0.00304,NA
2000-04-13,0.00275,4.8
2000-04-14,0.00291,NA
2000-04-15,0.0033,NA
2000-04-16,0.00323,NA
2000-04-17,0.00261,NA
2000-04-18,0.00238,NA
2000-04-19,0.00226,NA
2000-04-20,0.00235,5.7
2000-04-21,0.00604,NA
2000-04-22,0.00749,NA
2000-04-23,0.0053,NA
2000-04-24,0.00399,NA
2000-04-25,0.00318,NA
2000-04-26,0.00265,NA
2000-04-27,0.00236,NA
2000-04-28,0.00215,NA
2000-04-29,0.00191,NA
2000-04-30,0.0017,NA
2000-05-01,0.00168,NA
2000-05-02,0.00176,NA
2000-05-03,0.00151,NA
2000-05-04,0.0016,8.1
2000-05-05,0.00227,NA
2000-05-06,0.00212,NA
2000-05-07,0.00192,NA
2000-05-08,0.00412,NA
2000-05-09,0.0276,NA
2000-05-10,0.0171,NA
2000-05-11,0.0119,NA
2000-05-12,0.00712,NA
2000-05-13,0.00598,NA
2000-05-14,0.0044,NA
2000-05-15,0.00355,NA
2000-05-16,0.00297,NA
2000-05-17,0.00254,8.1
2000-05-18,0.0034,NA
2000-05-19,0.00296,NA
2000-05-20,0.00242,NA
2000-05-21,0.00206,NA
2000-05-22,0.00182,NA
2000-05-23,0.00184,NA
2000-05-24,0.00305,NA
2000-05-25,0.00231,NA
2000-05-26,0.00195,9.8
2000-05-27,0.00166,NA
2000-05-28,0.00139,NA
2000-05-29,0.00124,NA
2000-05-30,0.00105,10.6
2000-05-31,9e-04,NA
2000-06-01,0.00077,NA
2000-06-02,0.00066,NA
2000-06-03,0.00057,NA
2000-06-04,0.00049,NA
2000-06-05,0.00041,NA
2000-06-06,0.00034,NA
2000-06-07,0.00026,NA
2000-06-08,0.00022,16.2
2000-06-09,0.00028,NA
2000-06-10,0.00035,NA
2000-06-11,0.00337,NA
2000-06-12,0.00263,NA
2000-06-13,0.00164,NA
2000-06-14,0.0012,14.8
2000-06-15,0.00096,NA
2000-06-16,0.00073,NA
2000-06-17,0.00064,NA
2000-06-18,5e-04,NA
2000-06-19,0.00043,NA
2000-06-20,0.00033,NA
2000-06-21,0.00034,20.2
2000-06-22,0.00036,NA
2000-06-23,0.00033,NA
2000-06-24,0.00025,NA
2000-06-25,0.00303,NA
2000-06-26,0.00233,NA
2000-06-27,0.00161,NA
2000-06-28,0.00103,NA
2000-06-29,0.00298,NA
2000-06-30,0.00713,NA
2000-07-01,0.0038,NA
2000-07-02,0.00248,NA
2000-07-03,0.00214,NA
2000-07-04,0.00153,16.1
2000-07-05,0.00104,NA
2000-07-06,0.00076,NA
2000-07-07,0.00056,NA
2000-07-08,0.00042,NA
2000-07-09,0.00136,NA
2000-07-10,0.00223,NA
2000-07-11,0.00129,NA
2000-07-12,0.00079,NA
2000-07-13,0.00056,17.8
2000-07-14,0.00061,NA
2000-07-15,0.00079,NA
2000-07-16,0.00093,NA
2000-07-17,0.00072,NA
2000-07-18,0.00055,NA
2000-07-19,0.00043,NA
2000-07-20,0.00031,19.9
2000-07-21,0.00025,NA
2000-07-22,0.00022,NA
2000-07-23,0.00019,NA
2000-07-24,0.00016,NA
2000-07-25,0.00013,NA
2000-07-26,0.00011,NA
2000-07-27,8e-05,NA
2000-07-28,6e-05,NA
2000-07-29,5e-05,NA
2000-07-30,6e-05,NA
2000-07-31,0.00094,NA
2000-08-01,0.0104,NA
2000-08-02,0.00819,NA
2000-08-03,0.00786,15.5
2000-08-04,0.00389,NA
2000-08-05,0.00233,NA
2000-08-06,0.00156,NA
2000-08-07,0.00121,NA
2000-08-08,0.00095,NA
2000-08-09,0.00089,NA
2000-08-10,0.00083,NA
2000-08-11,0.00077,NA
2000-08-12,0.00071,NA
2000-08-13,0.00065,NA
2000-08-14,0.00059,NA
2000-08-15,0.00053,NA
2000-08-16,0.00047,NA
2000-08-17,0.00043,19.9
2000-08-18,0.00033,NA
2000-08-19,0.00028,NA
2000-08-20,0.00024,NA
2000-08-21,0.00021,NA
2000-08-22,0.00019,NA
2000-08-23,0.00043,NA
2000-08-24,0.00037,NA
2000-08-25,0.00024,NA
2000-08-26,2e-04,NA
2000-08-27,0.00018,NA
2000-08-28,0.00015,NA
2000-08-29,0.00014,NA
2000-08-30,0.00013,NA
2000-08-31,0.00012,NA
2000-09-01,9e-05,NA
2000-09-02,9e-05,NA
2000-09-03,1e-04,NA
2000-09-04,8e-05,NA
2000-09-05,5e-05,NA
2000-09-06,4e-05,NA
2000-09-07,4e-05,NA
2000-09-08,4e-05,NA
2000-09-09,3e-05,NA
2000-09-10,6e-05,NA
2000-09-11,0.00018,NA
2000-09-12,0.00018,NA
2000-09-13,0.00016,21.2
2000-09-14,0.00025,NA
2000-09-15,0.00068,NA
2000-09-16,0.00049,NA
2000-09-17,0.00033,NA
2000-09-18,0.00022,NA
2000-09-19,0.00017,NA
2000-09-20,0.00015,NA
2000-09-21,0.00025,NA
2000-09-22,0.00024,NA
2000-09-23,0.00022,NA
2000-09-24,0.00022,NA
2000-09-25,0.00018,NA
2000-09-26,0.00017,NA
2000-09-27,0.00015,NA
2000-09-28,0.00013,20
2000-09-29,0.00013,NA
2000-09-30,0.00012,NA
2000-10-01,0.00011,NA
2000-10-02,9e-05,NA
2000-10-03,8e-05,NA
2000-10-04,8e-05,NA
2000-10-05,6e-05,23.1
2000-10-06,6e-05,NA
2000-10-07,6e-05,NA
2000-10-08,6e-05,NA
2000-10-09,6e-05,NA
2000-10-10,6e-05,NA
2000-10-11,6e-05,NA
2000-10-12,6e-05,20.7
2000-10-13,6e-05,NA
2000-10-14,7e-05,NA
2000-10-15,6e-05,NA
2000-10-16,6e-05,NA
2000-10-17,6e-05,NA
2000-10-18,6e-05,22.4
2000-10-19,7e-05,NA
2000-10-20,7e-05,NA
2000-10-21,6e-05,NA
2000-10-22,6e-05,NA
2000-10-23,6e-05,NA
2000-10-24,5e-05,NA
2000-10-25,5e-05,NA
2000-10-26,6e-05,NA
2000-10-27,0.00013,NA
2000-10-28,0.00014,NA
2000-10-29,0.00012,NA
2000-10-30,0.00012,NA
2000-10-31,0.00011,NA
2000-11-01,0.00011,NA
2000-11-02,0.00011,NA
2000-11-03,0.00011,NA
2000-11-04,0.00011,NA
2000-11-05,0.00011,NA
2000-11-06,1e-04,NA
2000-11-07,8e-05,NA
2000-11-08,7e-05,16.3
2000-11-09,8e-05,NA
2000-11-10,0.00026,NA
2000-11-11,0.00069,NA
2000-11-12,0.00065,NA
2000-11-13,0.00057,NA
2000-11-14,0.00067,NA
2000-11-15,0.00064,NA
2000-11-16,0.00062,NA
2000-11-17,0.00082,NA
2000-11-18,0.00073,NA
2000-11-19,0.00067,NA
2000-11-20,0.00065,NA
2000-11-21,0.00061,NA
2000-11-22,0.00051,NA
2000-11-23,4e-04,NA
2000-11-24,0.00037,NA
2000-11-25,0.00037,NA
2000-11-26,0.00058,NA
2000-11-27,0.00109,NA
2000-11-28,0.00139,NA
2000-11-29,0.00155,NA
2000-11-30,0.00137,NA
2000-12-01,0.00105,NA
2000-12-02,0.00062,NA
2000-12-03,0.00047,NA
2000-12-04,0.00052,NA
2000-12-05,0.00058,NA
2000-12-06,0.00059,NA
2000-12-07,0.00056,NA
2000-12-08,0.00049,NA
2000-12-09,0.00046,NA
2000-12-10,0.00046,NA
2000-12-11,0.00046,NA
2000-12-12,0.00046,NA
2000-12-13,0.00045,NA
2000-12-14,0.00044,8.9
2000-12-15,0.00042,NA
2000-12-16,0.00044,NA
2000-12-17,0.00115,NA
2000-12-18,0.00259,NA
2000-12-19,0.00344,NA
2000-12-20,0.00299,NA
2000-12-21,0.00241,NA
2000-12-22,0.00207,NA
2000-12-23,0.00177,NA
2000-12-24,0.00154,NA
2000-12-25,0.00136,NA
2000-12-26,0.00123,NA
2000-12-27,0.00113,NA
2000-12-28,0.00104,NA
2000-12-29,0.00096,NA
2000-12-30,0.00089,NA
2000-12-31,0.00081,NA
2001-01-01,0.00076,NA
2001-01-02,0.00072,NA
2001-01-03,0.00068,NA
2001-01-04,0.00065,NA
2001-01-05,0.00064,NA
2001-01-06,0.00063,NA
2001-01-07,0.00061,NA
2001-01-08,0.00057,8.9
2001-01-09,0.00054,NA
2001-01-10,0.00052,NA
2001-01-11,0.00048,NA
2001-01-12,0.00046,NA
2001-01-13,0.00045,NA
2001-01-14,0.00044,NA
2001-01-15,0.00044,NA
2001-01-16,0.00043,7
2001-01-17,0.00042,NA
2001-01-18,0.00042,NA
2001-01-19,0.00042,NA
2001-01-20,0.00041,NA
2001-01-21,4e-04,NA
2001-01-22,0.00038,NA
2001-01-23,0.00037,NA
2001-01-24,0.00035,NA
2001-01-25,0.00035,NA
2001-01-26,0.00035,7.1
2001-01-27,0.00036,NA
2001-01-28,0.00035,NA
2001-01-29,0.00035,NA
2001-01-30,0.00036,NA
2001-01-31,0.00037,NA
2001-02-01,0.00038,NA
2001-02-02,0.00038,NA
2001-02-03,0.00039,NA
2001-02-04,0.00039,NA
2001-02-05,4e-04,7.7
2001-02-06,4e-04,NA
2001-02-07,4e-04,NA
2001-02-08,0.00039,NA
2001-02-09,0.00152,NA
2001-02-10,0.00733,NA
2001-02-11,0.00952,NA
2001-02-12,0.00703,NA
2001-02-13,0.00495,NA
2001-02-14,0.0038,NA
2001-02-15,0.00304,NA
2001-02-16,0.00249,NA
2001-02-17,0.00216,NA
2001-02-18,0.00191,NA
2001-02-19,0.00168,NA
2001-02-20,0.00151,NA
2001-02-21,0.00136,NA
2001-02-22,0.00123,7.3
2001-02-23,0.00115,NA
2001-02-24,0.00107,NA
2001-02-25,0.00184,NA
2001-02-26,0.00296,NA
2001-02-27,0.00248,NA
2001-02-28,0.00215,NA
2001-03-01,0.00185,6.2
2001-03-02,0.00165,NA
2001-03-03,0.00146,NA
2001-03-04,0.00133,NA
2001-03-05,0.00127,NA
2001-03-06,0.00119,NA
2001-03-07,0.00112,6
2001-03-08,0.0011,NA
2001-03-09,0.00107,NA
2001-03-10,0.00104,NA
2001-03-11,0.00102,NA
2001-03-12,0.00101,NA
2001-03-13,0.00101,NA
2001-03-14,0.00102,NA
2001-03-15,0.00101,NA
2001-03-16,0.00094,6.2
2001-03-17,0.00092,NA
2001-03-18,0.00093,NA
2001-03-19,0.00101,NA
2001-03-20,0.00118,NA
2001-03-21,0.0015,NA
2001-03-22,0.00228,NA
2001-03-23,0.00363,NA
2001-03-24,0.0049,NA
2001-03-25,0.00463,NA
2001-03-26,0.00373,NA
2001-03-27,0.00307,NA
2001-03-28,0.00266,NA
2001-03-29,0.00249,NA
2001-03-30,0.00249,5.6
2001-03-31,0.00321,NA
2001-04-01,0.00378,NA
2001-04-02,0.00367,NA
2001-04-03,0.00435,NA
2001-04-04,0.00809,NA
2001-04-05,0.0133,NA
2001-04-06,0.0161,NA
2001-04-07,0.0141,NA
2001-04-08,0.0295,NA
2001-04-09,0.0202,NA
2001-04-10,0.0159,NA
2001-04-11,0.0188,5.3
2001-04-12,0.037,NA
2001-04-13,0.0215,NA
2001-04-14,0.0118,NA
2001-04-15,0.00828,NA
2001-04-16,0.00673,NA
2001-04-17,0.00543,NA
2001-04-18,0.00418,NA
2001-04-19,0.00359,NA
2001-04-20,0.00321,NA
2001-04-21,0.00333,NA
2001-04-22,0.00362,NA
2001-04-23,0.0033,NA
2001-04-24,0.00289,7.1
2001-04-25,0.00244,NA
2001-04-26,0.00215,NA
2001-04-27,0.00199,NA
2001-04-28,0.00165,NA
2001-04-29,0.00144,NA
2001-04-30,0.00134,7.4
2001-05-01,0.00126,NA
2001-05-02,0.00115,NA
2001-05-03,0.00103,NA
2001-05-04,0.00092,NA
2001-05-05,0.00083,NA
2001-05-06,0.00073,NA
2001-05-07,0.00065,NA
2001-05-08,0.00088,NA
2001-05-09,0.00106,NA
2001-05-10,0.00086,NA
2001-05-11,0.00088,12.7
2001-05-12,0.00093,NA
2001-05-13,0.00073,NA
2001-05-14,0.00064,NA
2001-05-15,0.00058,NA
2001-05-16,0.00054,NA
2001-05-17,0.00053,NA
2001-05-18,0.00053,14
2001-05-19,0.00046,NA
2001-05-20,0.00041,NA
2001-05-21,0.00036,NA
2001-05-22,0.00056,NA
2001-05-23,0.00308,NA
2001-05-24,0.00257,NA
2001-05-25,0.00252,18.5
2001-05-26,0.00736,NA
2001-05-27,0.006,NA
2001-05-28,0.0115,NA
2001-05-29,0.00662,NA
2001-05-30,0.00405,NA
2001-05-31,0.00281,NA
2001-06-01,0.00222,9.6
2001-06-02,0.00232,NA
2001-06-03,0.00323,NA
2001-06-04,0.00485,NA
2001-06-05,0.00435,NA
2001-06-06,0.00324,NA
2001-06-07,0.00233,NA
2001-06-08,0.00167,10.2
2001-06-09,0.00123,NA
2001-06-10,0.00098,NA
2001-06-11,0.00078,NA
2001-06-12,0.00066,NA
2001-06-13,0.00058,NA
2001-06-14,5e-04,NA
2001-06-15,0.00041,NA
2001-06-16,0.00032,NA
2001-06-17,0.00024,NA
2001-06-18,0.00021,NA
2001-06-19,0.00023,NA
2001-06-20,2e-04,NA
2001-06-21,0.0023,23.5
2001-06-22,0.00441,NA
2001-06-23,0.00341,NA
2001-06-24,0.0018,NA
2001-06-25,0.00101,NA
2001-06-26,6e-04,NA
2001-06-27,4e-04,NA
2001-06-28,0.00029,NA
2001-06-29,0.00022,21.2
2001-06-30,0.00019,NA
2001-07-01,0.00021,NA
2001-07-02,0.00017,NA
2001-07-03,0.00014,NA
2001-07-04,0.00019,NA
2001-07-05,0.00017,24.9
2001-07-06,0.00014,NA
2001-07-07,0.00012,NA
2001-07-08,1e-04,NA
2001-07-09,5e-05,NA
2001-07-10,1e-04,NA
2001-07-11,0.00014,NA
2001-07-12,0.00014,23.5
2001-07-13,0.00012,NA
2001-07-14,9e-05,NA
2001-07-15,5e-05,NA
2001-07-16,4e-05,NA
2001-07-17,4e-05,NA
2001-07-18,3e-05,NA
2001-07-19,2e-05,NA
2001-07-20,0.00154419998552998,NA
2001-07-21,0.00148904998604677,NA
2001-07-22,0.00138794165366087,NA
2001-07-23,0.0012132999886307,NA
2001-07-24,0.00135117498733873,NA
2001-07-25,0.00118572498888909,NA
2001-07-26,0.00091916665805356,NA
2001-07-27,0.000680183326959634,NA
2001-07-28,0.000643416660637492,NA
2001-07-29,0.000615841660895885,NA
2001-07-30,0.000625033327476421,NA
2001-07-31,0.000579074994573743,NA
2001-08-01,0.000569883327993207,NA
2001-08-02,0.000551499994832136,NA
2001-08-03,0.000579074994573743,NA
2001-08-04,0.000523924995090529,NA
2001-08-05,0.000468774995607315,NA
2001-08-06,0.00045958332902678,NA
2001-08-07,0.000523924995090529,NA
2001-08-08,0.000615841660895885,NA
2001-08-09,0.00142470831998302,NA
2001-08-10,0.000625033327476421,NA
2001-08-11,0.000533116661671065,NA
2001-08-12,0.000487158328768387,NA
2001-08-13,0.00045958332902678,NA
2001-08-14,0.000413624996124102,NA
2001-08-15,0.000358474996640888,NA
2001-08-16,0.000404433329543566,NA
2001-08-17,0.000597458327734814,NA
2001-08-18,0.000726141659862312,NA
2001-08-19,0.000680183326959634,NA
2001-08-20,0.00365828329905317,NA
2001-08-21,0.00216004164642587,NA
2001-08-22,0.000974316657536773,NA
2001-08-23,0.000864016658570346,NA
2001-08-24,0.000909974991473024,NA
2001-08-25,0.000634224994056956,NA
2001-08-26,0.00130521665443605,NA
2001-08-27,0.00104784999018106,NA
2001-08-28,0.00146147498630516,NA
2001-08-29,0.000827249992248204,NA
2001-08-30,0.00216004164642587,NA
2001-08-31,0.0270234997467747,NA
2001-09-01,0.00251851664306675,NA
2001-09-02,0.00155339165211052,NA
2001-09-03,0.00118572498888909,NA
2001-09-04,0.00165449998449641,NA
2001-09-05,0.00135117498733873,NA
2001-09-06,0.00102946665701999,NA
2001-09-07,0.000836441658828739,NA
2001-09-08,0.000827249992248204,NA
2001-09-09,0.00261043330887211,NA
2001-09-10,0.00482562495478119,NA
2001-09-11,0.00321708330318746,NA
2001-09-12,0.0112138332282534,NA
2001-09-13,0.00873208325150882,NA
2001-09-14,0.00291375830602978,NA
2001-09-15,0.00225195831223122,NA
2001-09-16,0.00218761664616747,NA
2001-09-17,0.0020405499808789,NA
2001-09-18,0.00203135831429837,NA
2001-09-19,0.00765665826158615,NA
2001-09-20,1e-05,NA
2001-09-21,1e-05,NA
2001-09-22,2e-05,NA
2001-09-23,2e-05,NA
2001-09-24,3e-05,NA
2001-09-25,4e-05,NA
2001-09-26,4e-05,NA
2001-09-27,5e-05,NA
2001-09-28,5e-05,16.7
2001-09-29,6e-05,NA
2001-09-30,7e-05,NA
2001-10-01,7e-05,NA
2001-10-02,8e-05,NA
2001-10-03,9e-05,NA
2001-10-04,7e-05,NA
2001-10-05,0.00013,NA
2001-10-06,0.00025,NA
2001-10-07,0.00044,NA
2001-10-08,0.00047,NA
2001-10-09,0.00038,NA
2001-10-10,0.00031,NA
2001-10-11,0.00027,NA
2001-10-12,0.00028,NA
2001-10-13,0.00041,NA
2001-10-14,0.00054,NA
2001-10-15,0.00117,NA
2001-10-16,0.00251,NA
2001-10-17,0.00654,NA
2001-10-18,0.00567,NA
2001-10-19,0.00495,14.9
2001-10-20,0.00522,NA
2001-10-21,0.0043,NA
2001-10-22,0.00338,NA
2001-10-23,0.00519,NA
2001-10-24,0.00769,NA
2001-10-25,0.0134,NA
2001-10-26,0.0204,NA
2001-10-27,0.0124,NA
2001-10-28,0.00707,NA
2001-10-29,0.00513,NA
2001-10-30,0.00383,NA
2001-10-31,0.0034,9.1
2001-11-01,0.00342,NA
2001-11-02,0.00625,NA
2001-11-03,0.00696,NA
2001-11-04,0.00499,NA
2001-11-05,0.00401,NA
2001-11-06,0.00324,NA
2001-11-07,0.00267,NA
2001-11-08,0.00255,NA
2001-11-09,0.00263,7.8
2001-11-10,0.00238,NA
2001-11-11,0.00213,NA
2001-11-12,0.00189,NA
2001-11-13,0.00175,NA
2001-11-14,0.0017,NA
2001-11-15,0.00164,NA
2001-11-16,0.00152,8.3
2001-11-17,0.00139,NA
2001-11-18,0.00132,NA
2001-11-19,0.00146,NA
2001-11-20,0.00153,NA
2001-11-21,0.00142,NA
2001-11-22,0.00132,8.9
2001-11-23,0.00125,NA
2001-11-24,0.0012,NA
2001-11-25,0.00225,NA
2001-11-26,0.00298,NA
2001-11-27,0.00268,NA
2001-11-28,0.00236,NA
2001-11-29,0.00215,NA
2001-11-30,0.00278,NA
2001-12-01,0.00819,NA
2001-12-02,0.00852,NA
2001-12-03,0.00596,NA
2001-12-04,0.0049,NA
2001-12-05,0.0063,NA
2001-12-06,0.0111,7.5
2001-12-07,0.00689,NA
2001-12-08,0.00469,NA
2001-12-09,0.00368,NA
2001-12-10,0.00313,NA
2001-12-11,0.00263,NA
2001-12-12,0.00234,NA
2001-12-13,0.00401,5
2001-12-14,0.00468,NA
2001-12-15,0.00366,NA
2001-12-16,0.00288,NA
2001-12-17,0.00255,NA
2001-12-18,0.00238,NA
2001-12-19,0.00231,NA
2001-12-20,0.00256,NA
2001-12-21,0.00223,NA
2001-12-22,0.00186,NA
2001-12-23,0.00199,NA
2001-12-24,0.00268,NA
2001-12-25,0.00264,NA
2001-12-26,0.00238,NA
2001-12-27,0.00211,4.6
2001-12-28,0.00194,NA
2001-12-29,0.00174,NA
2001-12-30,0.00156,NA
2001-12-31,0.00143,NA
