DATE,Month,YEAR,DAY OF YEAR,PRECIP,ATAVG 3M,ATAVG 5M,ATMAX 3M,ATMAX HR 3M,ATMAX 5M,ATMAX HR 5M,ATMIN 3M,ATMIN HR 3M,ATMIN 5M,ATMIN HR 5M,WSMAX 5M,WSMAX HR 5M,WSMIN 5M,Comments
01-Jan-2009,1,2009,1,#N/A,-25.81,-25.39,-21.99,30-Dec-04 20:04,-21.52,30-Dec-04 20:04,-29.35,30-Dec-04 08:15,-28.73,30-Dec-04 08:16,5.674,30-Dec-04 12:39,1.5,Changes relative to form from past years: 'Rain' changed to 'precipitation' and the gauge reported is only the Pluvio one. 'AT' variable changed to 'ATAVG' to reflect accuracy. 'WSMin' Added. 'Wind SP 5m' changed to 'WSAVG' for consistency. Data missing from 4/14 through 4/19 during logger change out. Some parameters changed with new logger (see methods). Data processed on a MacBook Pro running OS 10.5.8 and MSOffice 2008. 
02-Jan-2009,1,2009,2,#N/A,-29.54,-28.99,-22.25,31-Dec-04 03:11,-21.84,31-Dec-04 03:11,-36.19,31-Dec-04 19:17,-35.55,31-Dec-04 19:19,4.74,31-Dec-04 00:48,0,
03-Jan-2009,1,2009,3,#N/A,-36.66,-36.01,-33.42,01-Jan-05 03:14,-33.12,01-Jan-05 03:14,-39.94,01-Jan-05 22:22,-38.96,01-Jan-05 22:23,4.274,01-Jan-05 14:52,0.874,
04-Jan-2009,1,2009,4,#N/A,-34.95,-34.44,-27.6,03-Jan-05 00:00,-27.41,03-Jan-05 00:00,-40.59,02-Jan-05 02:44,-39.36,02-Jan-05 02:45,4.634,02-Jan-05 15:42,0,
05-Jan-2009,1,2009,5,#N/A,-30.39,-30,-26.85,03-Jan-05 05:21,-26.47,03-Jan-05 05:02,-33.98,03-Jan-05 22:22,-33.46,03-Jan-05 22:25,3.154,03-Jan-05 01:22,0,
06-Jan-2009,1,2009,6,#N/A,-36.27,-35.66,-32.29,04-Jan-05 23:41,-32.05,04-Jan-05 23:43,-38.92,04-Jan-05 18:12,-38.11,04-Jan-05 18:13,3.714,04-Jan-05 07:01,0,
07-Jan-2009,1,2009,7,#N/A,-35.44,-34.87,-32.37,05-Jan-05 02:11,-32.16,05-Jan-05 02:12,-37.73,05-Jan-05 16:59,-36.94,05-Jan-05 17:00,3.407,05-Jan-05 13:38,0.514,
08-Jan-2009,1,2009,8,#N/A,-34.38,-33.93,-30.95,06-Jan-05 23:46,-30.7,06-Jan-05 23:47,-37.39,06-Jan-05 00:17,-36.65,06-Jan-05 00:17,3.274,06-Jan-05 05:56,0.527,
09-Jan-2009,1,2009,9,#N/A,-32.41,-32.03,-30.81,07-Jan-05 22:39,-30.51,07-Jan-05 22:40,-34.38,07-Jan-05 13:37,-33.84,07-Jan-05 13:43,3.874,07-Jan-05 01:12,1.234,
10-Jan-2009,1,2009,10,#N/A,-29.88,-29.5,-28.27,08-Jan-05 23:18,-27.9,08-Jan-05 20:02,-33.57,08-Jan-05 09:48,-32.94,08-Jan-05 09:49,5.114,08-Jan-05 12:29,0,
11-Jan-2009,1,2009,11,#N/A,-28.25,-27.86,-26.62,09-Jan-05 23:04,-26.23,09-Jan-05 23:04,-30.24,09-Jan-05 01:41,-29.67,09-Jan-05 01:43,5.927,09-Jan-05 21:25,1.687,
12-Jan-2009,1,2009,12,#N/A,-25.38,-24.87,-21.7,10-Jan-05 16:19,-21.25,10-Jan-05 16:20,-28,10-Jan-05 00:01,-27.51,10-Jan-05 00:01,6.14,10-Jan-05 20:51,1.967,
13-Jan-2009,1,2009,13,#N/A,-19.87,-19.2,-12.06,11-Jan-05 20:51,-11.63,11-Jan-05 23:51,-27.93,11-Jan-05 07:54,-26.98,11-Jan-05 07:54,12.1,11-Jan-05 23:18,0,
14-Jan-2009,1,2009,14,#N/A,-12.01,-11.49,-8.9,12-Jan-05 23:28,-8.44,12-Jan-05 23:28,-14,12-Jan-05 06:54,-13.4,12-Jan-05 07:41,13.29,12-Jan-05 04:02,2.447,
15-Jan-2009,1,2009,15,#N/A,-4.097,-3.626,2.301,13-Jan-05 22:34,2.709,13-Jan-05 22:35,-9.37,13-Jan-05 00:15,-8.8,13-Jan-05 00:15,12.18,13-Jan-05 20:48,1.727,
16-Jan-2009,1,2009,16,#N/A,1.259,1.719,3.569,14-Jan-05 04:47,3.9,14-Jan-05 04:47,-0.996,14-Jan-05 21:27,-0.447,14-Jan-05 21:28,15.1,14-Jan-05 14:05,2.674,
17-Jan-2009,1,2009,17,#N/A,0.841,1.346,5.774,15-Jan-05 20:50,6.208,15-Jan-05 20:50,-8.19,15-Jan-05 08:48,-7.382,15-Jan-05 09:09,10.54,15-Jan-05 01:25,0,
18-Jan-2009,1,2009,18,#N/A,-0.572,-0.084,3.394,16-Jan-05 03:14,3.721,16-Jan-05 03:14,-4.679,16-Jan-05 23:08,-4.091,16-Jan-05 23:09,16.27,16-Jan-05 20:52,2.18,
19-Jan-2009,1,2009,19,#N/A,-14.72,-14.26,-1.8,17-Jan-05 00:35,-1.235,17-Jan-05 00:35,-22.13,17-Jan-05 23:25,-21.73,17-Jan-05 23:18,11.89,17-Jan-05 00:02,0,
20-Jan-2009,1,2009,20,#N/A,-21.35,-20.97,-13.85,18-Jan-05 10:44,-13.51,18-Jan-05 10:41,-28.76,18-Jan-05 22:02,-28.43,18-Jan-05 22:01,5.647,18-Jan-05 15:10,0,
21-Jan-2009,1,2009,21,#N/A,-29.7,-29.25,-24.81,19-Jan-05 22:54,-24.41,19-Jan-05 22:54,-33.12,19-Jan-05 11:41,-32.59,19-Jan-05 10:48,5.3,19-Jan-05 22:34,0,
22-Jan-2009,1,2009,22,#N/A,-21.23,-20.6,-11.3,20-Jan-05 22:54,-10.67,20-Jan-05 22:55,-27.59,20-Jan-05 00:32,-26.9,20-Jan-05 00:32,12.79,20-Jan-05 23:53,1.02,
23-Jan-2009,1,2009,23,#N/A,-10.36,-9.68,-7.562,21-Jan-05 23:38,-6.968,21-Jan-05 23:49,-17.4,21-Jan-05 01:08,-15.63,21-Jan-05 01:08,16.49,21-Jan-05 12:07,0.78,
24-Jan-2009,1,2009,24,#N/A,-8.35,-7.642,-5.743,22-Jan-05 19:50,-5.046,22-Jan-05 18:22,-11.64,22-Jan-05 10:36,-10.89,22-Jan-05 10:36,13.06,22-Jan-05 00:21,1.567,
25-Jan-2009,1,2009,25,#N/A,-11.54,-11.04,-8.34,23-Jan-05 17:03,-7.941,23-Jan-05 17:02,-14.07,23-Jan-05 05:49,-13.55,23-Jan-05 05:49,11.81,23-Jan-05 07:21,0,
26-Jan-2009,1,2009,26,#N/A,-16.9,-16.5,-11.93,24-Jan-05 00:31,-11.53,24-Jan-05 00:30,-23.6,24-Jan-05 08:48,-22.86,24-Jan-05 08:56,7.167,24-Jan-05 14:56,0,
27-Jan-2009,1,2009,27,#N/A,-26.73,-26.24,-20.5,25-Jan-05 00:01,-20.14,25-Jan-05 00:01,-33.84,25-Jan-05 16:52,-33.25,25-Jan-05 16:53,4.327,25-Jan-05 00:02,0,
28-Jan-2009,1,2009,28,#N/A,-32.8,-32.47,-25.45,26-Jan-05 00:51,-25.22,26-Jan-05 00:53,-39.07,26-Jan-05 23:12,-38.3,26-Jan-05 23:12,5.794,26-Jan-05 20:16,0,
29-Jan-2009,1,2009,29,#N/A,-32.48,-32.01,-27.27,27-Jan-05 14:08,-26.5,27-Jan-05 14:47,-38.92,27-Jan-05 01:28,-38.22,27-Jan-05 01:28,8.23,27-Jan-05 06:54,0,
30-Jan-2009,1,2009,30,#N/A,-35.48,-34.91,-32.63,28-Jan-05 00:02,-31.91,28-Jan-05 01:48,-37.39,28-Jan-05 08:05,-36.73,28-Jan-05 08:06,4.247,28-Jan-05 13:54,0,
31-Jan-2009,1,2009,31,#N/A,-31.74,-31.19,-28.56,29-Jan-05 13:50,-27.99,29-Jan-05 13:50,-35.71,29-Jan-05 02:31,-35.13,29-Jan-05 02:32,4.954,29-Jan-05 13:56,0.527,
01-Feb-2009,2,2009,32,#N/A,-32.29,-31.69,-29.34,30-Jan-05 00:31,-29,30-Jan-05 00:31,-35.52,30-Jan-05 21:47,-34.83,30-Jan-05 21:48,5.02,30-Jan-05 04:04,1.087,
02-Feb-2009,2,2009,33,#N/A,-35.66,-35.06,-34.12,31-Jan-05 19:11,-33.68,31-Jan-05 12:56,-37.66,31-Jan-05 23:57,-37.04,31-Jan-05 23:57,4.794,31-Jan-05 00:35,0.78,
03-Feb-2009,2,2009,34,#N/A,-34.69,-34.31,-32.1,01-Feb-05 15:55,-31.92,01-Feb-05 15:55,-38.4,01-Feb-05 01:08,-37.56,01-Feb-05 01:00,3.207,01-Feb-05 00:40,0,
04-Feb-2009,2,2009,35,#N/A,-39.16,-38.06,-33.97,02-Feb-05 02:50,-33.88,02-Feb-05 00:54,-42.25,02-Feb-05 18:44,-39.76,02-Feb-05 18:00,2.674,02-Feb-05 19:02,0,
05-Feb-2009,2,2009,36,#N/A,-33.79,-33.31,-20.3,03-Feb-05 23:56,-19.95,03-Feb-05 23:57,-40.92,03-Feb-05 00:37,-39.75,03-Feb-05 00:28,7.834,03-Feb-05 23:51,0,
06-Feb-2009,2,2009,37,#N/A,-21.82,-21.19,-16.69,04-Feb-05 12:39,-16.19,04-Feb-05 12:39,-27.21,04-Feb-05 08:55,-25.55,04-Feb-05 08:55,8.17,04-Feb-05 03:30,0,
07-Feb-2009,2,2009,38,#N/A,-19.81,-19.27,-15.94,05-Feb-05 20:07,-15.45,05-Feb-05 20:01,-24.09,05-Feb-05 00:56,-23.56,05-Feb-05 00:55,4.927,05-Feb-05 23:20,0,
08-Feb-2009,2,2009,39,#N/A,-21.29,-20.82,-16.29,06-Feb-05 06:06,-15.89,06-Feb-05 06:07,-31.91,06-Feb-05 23:58,-31.61,07-Feb-05 00:00,6.834,06-Feb-05 11:47,0,
09-Feb-2009,2,2009,40,#N/A,-31.67,-31.36,-29.13,07-Feb-05 13:44,-28.48,07-Feb-05 13:46,-34.25,07-Feb-05 17:14,-33.78,07-Feb-05 17:14,4.327,07-Feb-05 07:42,0,
10-Feb-2009,2,2009,41,#N/A,-35.24,-34.55,-32.37,08-Feb-05 00:14,-31.84,08-Feb-05 14:16,-38.05,08-Feb-05 07:18,-37.26,08-Feb-05 07:19,4.594,08-Feb-05 20:51,0,
11-Feb-2009,2,2009,42,#N/A,-35.96,-35.27,-32.9,09-Feb-05 21:24,-32.52,09-Feb-05 21:25,-38.73,09-Feb-05 08:04,-37.79,09-Feb-05 07:39,4.634,09-Feb-05 20:43,0,
12-Feb-2009,2,2009,43,#N/A,-21.71,-21.18,-14.96,10-Feb-05 16:00,-14.51,10-Feb-05 16:01,-37,10-Feb-05 03:26,-36.15,10-Feb-05 03:26,9.35,10-Feb-05 09:49,0,
13-Feb-2009,2,2009,44,#N/A,-18.11,-17.56,-9.64,11-Feb-05 23:40,-9.17,11-Feb-05 23:40,-27.55,11-Feb-05 10:48,-26.87,11-Feb-05 08:23,11.17,11-Feb-05 15:42,0,
14-Feb-2009,2,2009,45,#N/A,-6.37,-5.882,-3.061,12-Feb-05 22:48,-2.367,12-Feb-05 19:02,-10.39,12-Feb-05 00:47,-9.83,12-Feb-05 00:47,13.41,12-Feb-05 07:18,3.06,
15-Feb-2009,2,2009,46,#N/A,-5.254,-4.75,-2.249,13-Feb-05 01:03,-1.847,13-Feb-05 01:03,-9.18,13-Feb-05 21:04,-8.65,13-Feb-05 21:04,15.7,13-Feb-05 09:33,2.674,
16-Feb-2009,2,2009,47,#N/A,-8.97,-8.41,-6.216,14-Feb-05 23:19,-5.767,14-Feb-05 23:19,-13.75,14-Feb-05 10:19,-13.26,14-Feb-05 10:20,10.79,14-Feb-05 00:53,0,
17-Feb-2009,2,2009,48,#N/A,-6.43,-5.963,-2.4,15-Feb-05 14:03,-1.887,15-Feb-05 14:03,-22.19,16-Feb-05 00:00,-21.81,16-Feb-05 00:00,10.9,15-Feb-05 07:49,2.607,
18-Feb-2009,2,2009,49,#N/A,-25.62,-25.3,-22.17,16-Feb-05 08:36,-21.85,16-Feb-05 00:04,-30.14,16-Feb-05 23:16,-29.72,16-Feb-05 23:16,8.67,16-Feb-05 12:12,0,
19-Feb-2009,2,2009,50,#N/A,-20.09,-19.59,-3.248,17-Feb-05 22:41,-2.981,17-Feb-05 22:41,-33.64,17-Feb-05 04:04,-33.11,17-Feb-05 04:04,16.38,17-Feb-05 23:58,0,
20-Feb-2009,2,2009,51,#N/A,-6.156,-5.662,-2.197,18-Feb-05 04:55,-1.696,18-Feb-05 04:56,-11.25,18-Feb-05 20:11,-10.62,18-Feb-05 20:11,14.79,18-Feb-05 00:10,0.94,
21-Feb-2009,2,2009,52,#N/A,-20.66,-20.27,-6.22,19-Feb-05 02:04,-5.774,19-Feb-05 02:04,-28.82,19-Feb-05 23:58,-28.14,19-Feb-05 23:45,9.43,19-Feb-05 00:04,0,
22-Feb-2009,2,2009,53,#N/A,-23.58,-23,-14.39,20-Feb-05 23:45,-13.97,20-Feb-05 23:26,-31.03,20-Feb-05 01:26,-30.5,20-Feb-05 01:26,8.65,20-Feb-05 21:35,0,
23-Feb-2009,2,2009,54,#N/A,-6.766,-6.234,-2.859,21-Feb-05 16:35,-2.361,21-Feb-05 16:40,-14.69,21-Feb-05 00:01,-14.22,21-Feb-05 00:01,10.27,21-Feb-05 07:21,0,
24-Feb-2009,2,2009,55,#N/A,-5.028,-4.415,-1.793,22-Feb-05 13:34,-0.806,22-Feb-05 14:33,-8.92,22-Feb-05 21:15,-8.34,22-Feb-05 21:17,9.86,22-Feb-05 01:16,0,
25-Feb-2009,2,2009,56,#N/A,-6.59,-6.172,-4.547,23-Feb-05 08:16,-4.241,23-Feb-05 08:18,-8.26,23-Feb-05 23:10,-7.956,23-Feb-05 23:12,5.274,23-Feb-05 10:47,0,
26-Feb-2009,2,2009,57,#N/A,-13.72,-13.2,-8.1,24-Feb-05 00:05,-7.788,24-Feb-05 00:06,-19.98,24-Feb-05 18:52,-19.39,24-Feb-05 18:52,4.967,24-Feb-05 08:19,0,
27-Feb-2009,2,2009,58,#N/A,-22.88,-22.49,-13.81,25-Feb-05 04:06,-13.44,25-Feb-05 04:06,-28.88,25-Feb-05 23:59,-28.37,26-Feb-05 00:00,10.63,25-Feb-05 11:19,0,
28-Feb-2009,2,2009,59,#N/A,-20.26,-19.75,-9.78,26-Feb-05 23:20,-9.42,26-Feb-05 23:20,-31.62,26-Feb-05 02:57,-31.16,26-Feb-05 01:27,17.65,26-Feb-05 23:05,0.914,
01-Mar-2009,3,2009,60,#N/A,-12.46,-11.93,-9.83,27-Feb-05 00:59,-9.56,27-Feb-05 01:00,-15.28,27-Feb-05 22:15,-14.84,27-Feb-05 22:16,20.59,27-Feb-05 01:00,3.154,
02-Mar-2009,3,2009,61,#N/A,-20.64,-20.19,-14.07,28-Feb-05 00:12,-13.61,28-Feb-05 00:12,-30.24,28-Feb-05 23:57,-29.69,28-Feb-05 23:57,9.62,28-Feb-05 05:04,0.754,
03-Mar-2009,3,2009,62,#N/A,-25.72,-25.03,-18.01,01-Mar-05 23:16,-17.47,01-Mar-05 23:16,-30.9,01-Mar-05 03:48,-30.37,01-Mar-05 03:49,7.287,01-Mar-05 22:45,0.46,
04-Mar-2009,3,2009,63,#N/A,-20.65,-19.89,-16.25,02-Mar-05 06:15,-15.75,02-Mar-05 06:15,-26.4,02-Mar-05 21:31,-25.88,02-Mar-05 21:31,7.847,02-Mar-05 02:48,0,
05-Mar-2009,3,2009,64,#N/A,-22.09,-21.44,-17.56,03-Mar-05 23:00,-16.8,03-Mar-05 23:02,-26.14,03-Mar-05 04:00,-25.72,03-Mar-05 04:00,7.5,03-Mar-05 06:12,1.06,
06-Mar-2009,3,2009,65,#N/A,-9.95,-9.44,-4.872,04-Mar-05 18:50,-4.421,04-Mar-05 18:51,-19.53,04-Mar-05 00:05,-18.89,04-Mar-05 00:05,12.94,04-Mar-05 06:30,0,
07-Mar-2009,3,2009,66,#N/A,-15.13,-14.69,-8.15,05-Mar-05 01:12,-7.674,05-Mar-05 02:00,-20.6,05-Mar-05 20:49,-20.25,05-Mar-05 20:20,10.46,05-Mar-05 00:13,0,
08-Mar-2009,3,2009,67,#N/A,-24.46,-23.85,-19.5,06-Mar-05 00:37,-19.12,06-Mar-05 00:37,-30.42,06-Mar-05 23:52,-29.92,06-Mar-05 23:53,6.1,06-Mar-05 00:35,0,
09-Mar-2009,3,2009,68,#N/A,-21.92,-21.2,-13.86,07-Mar-05 15:20,-13.16,07-Mar-05 15:20,-32.16,07-Mar-05 02:27,-31.63,07-Mar-05 02:27,15.97,07-Mar-05 23:30,0,
10-Mar-2009,3,2009,69,#N/A,-11.58,-10.99,-7.025,08-Mar-05 14:27,-6.451,08-Mar-05 14:27,-16.57,08-Mar-05 22:27,-15.95,08-Mar-05 22:27,16.93,08-Mar-05 02:12,0.554,
11-Mar-2009,3,2009,70,#N/A,-9.66,-8.95,-3.647,09-Mar-05 14:30,-2.853,09-Mar-05 17:20,-15.55,09-Mar-05 02:51,-14.79,09-Mar-05 04:04,5.087,09-Mar-05 14:28,0,
12-Mar-2009,3,2009,71,#N/A,-11.59,-10.94,-4.342,10-Mar-05 12:48,-1.765,10-Mar-05 12:43,-19.26,10-Mar-05 23:33,-18.76,10-Mar-05 23:34,5.234,10-Mar-05 17:54,0,
13-Mar-2009,3,2009,72,#N/A,-20.51,-19.72,-12.79,11-Mar-05 14:35,-11.39,11-Mar-05 14:36,-25.94,11-Mar-05 22:30,-25.64,11-Mar-05 22:30,3.874,11-Mar-05 01:33,0,
14-Mar-2009,3,2009,73,#N/A,-28.79,-28.57,-24.11,12-Mar-05 13:20,-24.23,12-Mar-05 14:11,-35.92,12-Mar-05 23:16,-35.49,12-Mar-05 23:17,2.954,12-Mar-05 16:09,0,
15-Mar-2009,3,2009,74,#N/A,-36.56,-35.78,-32.22,13-Mar-05 11:18,-30.54,13-Mar-05 11:19,-42.29,13-Mar-05 23:59,-39.76,13-Mar-05 23:00,3.487,13-Mar-05 15:19,0,
16-Mar-2009,3,2009,75,#N/A,-39.95,-38.27,-30.42,14-Mar-05 15:54,-31.67,14-Mar-05 12:05,-43.74,14-Mar-05 23:24,-39.76,14-Mar-05 20:00,3.394,14-Mar-05 22:28,0,
17-Mar-2009,3,2009,76,#N/A,-39.92,-38.11,-29.41,15-Mar-05 13:51,-30.37,15-Mar-05 13:37,-44.13,15-Mar-05 06:52,-39.77,15-Mar-05 06:00,3.474,15-Mar-05 07:25,0,
18-Mar-2009,3,2009,77,#N/A,-37.55,-36.55,-24.94,16-Mar-05 15:21,-25.89,16-Mar-05 15:14,-42.88,16-Mar-05 04:33,-39.76,16-Mar-05 03:00,3.127,16-Mar-05 09:26,0,
19-Mar-2009,3,2009,78,#N/A,-34.78,-34.27,-28.27,17-Mar-05 13:36,-28.23,17-Mar-05 13:13,-40,17-Mar-05 23:44,-39.18,17-Mar-05 23:46,2.78,17-Mar-05 23:39,0,
20-Mar-2009,3,2009,79,#N/A,-35.64,-34.75,-21.66,18-Mar-05 13:27,-20.39,18-Mar-05 13:28,-40.59,18-Mar-05 02:03,-39.62,18-Mar-05 02:02,3.5,18-Mar-05 20:51,0,
21-Mar-2009,3,2009,80,#N/A,-34.66,-33.61,-19.36,19-Mar-05 14:46,-19.29,19-Mar-05 15:34,-40.82,19-Mar-05 06:10,-39.73,19-Mar-05 03:41,3.914,19-Mar-05 21:28,0,
22-Mar-2009,3,2009,81,#N/A,-32.96,-31.9,-17.89,20-Mar-05 14:43,-16.42,20-Mar-05 14:40,-38.61,21-Mar-05 00:00,-37.85,21-Mar-05 00:00,3.834,20-Mar-05 00:12,0,
23-Mar-2009,3,2009,82,#N/A,-35.34,-34.17,-19.82,21-Mar-05 14:27,-18.04,21-Mar-05 14:30,-40.81,21-Mar-05 07:14,-39.7,21-Mar-05 07:12,3.514,21-Mar-05 08:03,0,
24-Mar-2009,3,2009,83,#N/A,-34.23,-33.09,-21.57,22-Mar-05 12:40,-20.45,22-Mar-05 12:42,-40.6,22-Mar-05 07:12,-39.59,22-Mar-05 07:13,3.62,22-Mar-05 22:38,0,
25-Mar-2009,3,2009,84,#N/A,-28.07,-26.91,-14.92,23-Mar-05 21:56,-14.42,23-Mar-05 21:56,-37.59,23-Mar-05 04:29,-36.97,23-Mar-05 03:37,8.42,23-Mar-05 21:50,0,
26-Mar-2009,3,2009,85,#N/A,-24.08,-23.24,-15.87,24-Mar-05 01:36,-15.12,24-Mar-05 11:54,-30.57,24-Mar-05 22:59,-30.19,24-Mar-05 23:41,8.87,24-Mar-05 05:32,0,
27-Mar-2009,3,2009,86,#N/A,-28.45,-28.07,-25.72,25-Mar-05 09:34,-24.8,25-Mar-05 09:55,-30.31,25-Mar-05 00:11,-29.95,25-Mar-05 00:10,4.94,25-Mar-05 16:25,0,
28-Mar-2009,3,2009,87,#N/A,-29.61,-28.98,-25.58,26-Mar-05 11:43,-23.71,26-Mar-05 11:44,-35.45,26-Mar-05 23:31,-34.95,26-Mar-05 23:32,3.407,26-Mar-05 23:24,0,
29-Mar-2009,3,2009,88,#N/A,-29.76,-28.86,-23.57,27-Mar-05 16:29,-21.37,27-Mar-05 14:52,-35.85,27-Mar-05 03:36,-35.35,27-Mar-05 03:37,3.034,27-Mar-05 00:22,0,
30-Mar-2009,3,2009,89,#N/A,-23.91,-22.68,-15.61,28-Mar-05 13:41,-12.12,28-Mar-05 13:41,-27.83,28-Mar-05 05:42,-27.31,28-Mar-05 05:42,4.074,28-Mar-05 05:47,0,
31-Mar-2009,3,2009,90,#N/A,-22.94,-21.66,-15.39,29-Mar-05 13:49,-13.84,29-Mar-05 16:25,-29.29,29-Mar-05 06:31,-28.38,29-Mar-05 03:19,4.314,29-Mar-05 19:28,0,
01-Apr-2009,4,2009,91,#N/A,-13.63,-12.78,-7.889,30-Mar-05 13:13,-5.799,30-Mar-05 13:14,-18.96,30-Mar-05 05:52,-18.11,30-Mar-05 00:27,4.794,30-Mar-05 04:22,0,
02-Apr-2009,4,2009,92,#N/A,-21.02,-19.9,-14.27,31-Mar-05 14:33,-11.73,31-Mar-05 14:33,-26.88,31-Mar-05 05:07,-26.46,31-Mar-05 05:08,3.914,31-Mar-05 02:08,0,
03-Apr-2009,4,2009,93,#N/A,-25.12,-24.16,-19.02,01-Apr-05 14:24,-17.75,01-Apr-05 14:27,-31.3,01-Apr-05 05:23,-30.74,01-Apr-05 05:24,4.1,01-Apr-05 22:18,0,
04-Apr-2009,4,2009,94,#N/A,-25.5,-24.46,-16.04,02-Apr-05 14:57,-13.49,02-Apr-05 15:07,-31.37,02-Apr-05 03:52,-30.62,02-Apr-05 03:53,4.754,02-Apr-05 08:07,0,
05-Apr-2009,4,2009,95,#N/A,-24.64,-23.72,-18.65,03-Apr-05 13:55,-16.88,03-Apr-05 13:58,-30.77,03-Apr-05 02:52,-30.34,03-Apr-05 02:52,4.527,03-Apr-05 22:03,1.407,
06-Apr-2009,4,2009,96,#N/A,-19.7,-18.87,-14.26,04-Apr-05 15:27,-12.62,04-Apr-05 15:18,-25.05,04-Apr-05 02:43,-24.45,04-Apr-05 02:43,6.914,04-Apr-05 04:46,1.314,
07-Apr-2009,4,2009,97,#N/A,-19.21,-17.98,-10.11,05-Apr-05 13:28,-6.5,05-Apr-05 13:29,-27.08,05-Apr-05 23:34,-26.49,05-Apr-05 23:36,4.967,05-Apr-05 03:54,0,
08-Apr-2009,4,2009,98,#N/A,-13.76,-12.9,-5.722,06-Apr-05 17:49,-3.964,06-Apr-05 14:27,-26.66,06-Apr-05 00:01,-26.18,06-Apr-05 00:01,8.21,06-Apr-05 19:54,0,
09-Apr-2009,4,2009,99,#N/A,-9.77,-8.85,-2.655,07-Apr-05 14:36,0.648,07-Apr-05 14:36,-14.08,07-Apr-05 07:52,-13.21,07-Apr-05 06:09,6.514,07-Apr-05 00:21,0,
10-Apr-2009,4,2009,100,#N/A,-9.47,-8.74,-2.051,08-Apr-05 13:01,1.108,08-Apr-05 13:07,-16.65,08-Apr-05 02:35,-16.2,08-Apr-05 02:35,7.087,08-Apr-05 09:13,0,
11-Apr-2009,4,2009,101,#N/A,-19.17,-18.66,-7.644,09-Apr-05 01:16,-7.168,09-Apr-05 01:16,-24.19,09-Apr-05 23:30,-23.51,09-Apr-05 23:30,7.234,09-Apr-05 01:15,1.14,
12-Apr-2009,4,2009,102,#N/A,-23.29,-22.41,-18.22,10-Apr-05 09:24,-15.82,10-Apr-05 09:25,-26.88,10-Apr-05 23:37,-26.57,10-Apr-05 23:40,3.034,10-Apr-05 03:22,0,
13-Apr-2009,4,2009,103,#N/A,-16.61,-15.54,-5.585,11-Apr-05 15:59,-3.131,11-Apr-05 16:12,-27.56,11-Apr-05 02:05,-27.33,11-Apr-05 00:53,4.127,11-Apr-05 23:29,0,
14-Apr-2009,4,2009,104,#N/A,#N/A,#N/A,#N/A,#N/A,#N/A,#N/A,#N/A,#N/A,#N/A,#N/A,#N/A,#N/A,#N/A,
15-Apr-2009,4,2009,105,#N/A,#N/A,#N/A,#N/A,#N/A,#N/A,#N/A,#N/A,#N/A,#N/A,#N/A,#N/A,#N/A,#N/A,
16-Apr-2009,4,2009,106,#N/A,#N/A,#N/A,#N/A,#N/A,#N/A,#N/A,#N/A,#N/A,#N/A,#N/A,#N/A,#N/A,#N/A,
17-Apr-2009,4,2009,107,#N/A,#N/A,#N/A,#N/A,#N/A,#N/A,#N/A,#N/A,#N/A,#N/A,#N/A,#N/A,#N/A,#N/A,
18-Apr-2009,4,2009,108,#N/A,#N/A,#N/A,#N/A,#N/A,#N/A,#N/A,#N/A,#N/A,#N/A,#N/A,#N/A,#N/A,#N/A,
19-Apr-2009,4,2009,109,#N/A,#N/A,#N/A,#N/A,#N/A,#N/A,#N/A,#N/A,#N/A,#N/A,#N/A,#N/A,#N/A,#N/A,
20-Apr-2009,4,2009,110,0,-13.64,-12.59,-5.471,18-Apr-05 16:56,-3.681,18-Apr-05 16:55,-17.9,18-Apr-05 22:13,-17.48,18-Apr-05 22:15,4.7,18-Apr-05 23:28,2.91,
21-Apr-2009,4,2009,111,0,-10.1,-9.01,0.359,19-Apr-05 14:03,3.617,19-Apr-05 14:03,-16.96,20-Apr-05 00:00,-15.92,20-Apr-05 00:00,5.82,19-Apr-05 01:13,2.817,
22-Apr-2009,4,2009,112,0,-12.28,-11.18,-3.545,20-Apr-05 15:06,-2.933,20-Apr-05 15:25,-18.72,20-Apr-05 01:31,-17.92,20-Apr-05 01:33,3.647,20-Apr-05 23:58,1.452,
23-Apr-2009,4,2009,113,0,-9.48,-8.56,-2.111,21-Apr-05 13:35,-0.108,21-Apr-05 15:13,-17.77,21-Apr-05 02:46,-17.22,21-Apr-05 04:42,7.42,21-Apr-05 23:40,2.84,
24-Apr-2009,4,2009,114,0.06,-1.53,-1.007,0.229,22-Apr-05 13:58,0.872,22-Apr-05 15:08,-4.624,22-Apr-05 00:59,-4.14,22-Apr-05 00:58,10.26,22-Apr-05 16:20,6.064,
25-Apr-2009,4,2009,115,0,-4.531,-3.774,-0.976,23-Apr-05 14:56,0.138,23-Apr-05 14:58,-7.723,24-Apr-05 00:00,-7.149,23-Apr-05 23:45,9.74,23-Apr-05 02:37,3.497,
26-Apr-2009,4,2009,116,0.32,-3.948,-3.313,0.098,24-Apr-05 17:20,0.768,24-Apr-05 17:21,-11.32,24-Apr-05 05:58,-10.68,24-Apr-05 05:31,13.49,24-Apr-05 21:33,6.565,
27-Apr-2009,4,2009,117,1.38,2.938,3.464,6.398,25-Apr-05 10:52,6.85,25-Apr-05 10:52,-1.193,25-Apr-05 03:20,-0.686,25-Apr-05 03:20,17.67,25-Apr-05 13:59,9.19,
28-Apr-2009,4,2009,118,0,4.38,4.895,7.142,26-Apr-05 15:50,7.658,26-Apr-05 15:50,1.356,26-Apr-05 23:32,1.81,26-Apr-05 23:32,11.65,26-Apr-05 10:27,6.464,
29-Apr-2009,4,2009,119,0,1.402,1.887,3.945,27-Apr-05 15:12,4.872,27-Apr-05 19:36,-1.29,27-Apr-05 04:09,-0.907,27-Apr-05 05:20,8.05,27-Apr-05 22:27,3.845,
30-Apr-2009,4,2009,120,0,5.932,6.44,9.47,28-Apr-05 17:46,10.08,28-Apr-05 17:46,2.029,28-Apr-05 00:48,2.431,28-Apr-05 00:45,10.19,28-Apr-05 05:10,6.304,
01-May-2009,5,2009,121,0,7.876,8.54,15.6,29-Apr-05 14:04,16.15,29-Apr-05 14:06,-1.127,29-Apr-05 23:59,-0.527,29-Apr-05 23:59,8.65,29-Apr-05 00:20,3.731,
02-May-2009,5,2009,122,0,4.714,5.573,11.76,30-Apr-05 09:52,12.59,30-Apr-05 09:52,-2.256,30-Apr-05 23:28,-1.747,30-Apr-05 23:29,4.994,30-Apr-05 00:49,2.598,
03-May-2009,5,2009,123,0,-2.441,-1.933,1.981,01-May-05 07:08,3.079,01-May-05 07:08,-4.77,01-May-05 23:12,-4.373,01-May-05 23:30,7.074,01-May-05 16:03,3.693,
04-May-2009,5,2009,124,0,-5.96,-5.482,-3.947,02-May-05 00:52,-3.622,02-May-05 00:49,-7.721,02-May-05 06:47,-7.268,02-May-05 06:48,6.86,02-May-05 16:58,3.533,
05-May-2009,5,2009,125,2.61,-6.668,-6.198,-3.593,03-May-05 12:57,-2.889,03-May-05 12:55,-11.27,03-May-05 23:58,-10.86,04-May-05 00:00,5.714,03-May-05 18:22,2.465,
06-May-2009,5,2009,126,3.2,-12.19,-11.58,-10.97,04-May-05 14:15,-10.09,04-May-05 16:38,-15.02,04-May-05 23:59,-14.41,05-May-05 00:00,4.194,04-May-05 00:01,2.185,
07-May-2009,5,2009,127,0.15,-12.15,-11.06,-5.671,05-May-05 18:35,-3.942,05-May-05 18:39,-17.98,05-May-05 03:26,-17.56,05-May-05 03:26,6.22,05-May-05 23:17,1.826,
08-May-2009,5,2009,128,1.15,-2.905,-2.349,2.462,06-May-05 13:36,3.253,06-May-05 13:36,-12.06,06-May-05 01:10,-11.57,06-May-05 01:11,8.39,06-May-05 07:40,3.898,
09-May-2009,5,2009,129,2.07,-2.602,-2.146,-0.043,07-May-05 15:50,0.823,07-May-05 15:50,-4.772,07-May-05 07:27,-4.306,07-May-05 07:38,7.82,07-May-05 08:28,2.714,
10-May-2009,5,2009,130,2.1,-4.111,-3.716,-2.132,08-May-05 10:18,-1.405,08-May-05 10:18,-7.643,08-May-05 23:05,-7.244,08-May-05 23:05,7.407,08-May-05 16:48,2.802,
11-May-2009,5,2009,131,5.07,-2.901,-2.472,-0.569,09-May-05 14:07,0.089,09-May-05 14:07,-6.183,09-May-05 01:37,-5.842,09-May-05 01:45,6.794,09-May-05 13:54,3.493,
12-May-2009,5,2009,132,10.54,-2.121,-1.691,-1.2,10-May-05 02:19,-0.683,10-May-05 11:59,-3.634,10-May-05 23:43,-3.22,10-May-05 23:42,8.91,10-May-05 10:33,5.376,
13-May-2009,5,2009,133,4.04,-3.152,-2.683,-1.134,11-May-05 15:20,-0.162,11-May-05 15:20,-6.697,12-May-05 00:00,-6.305,12-May-05 00:00,9.97,11-May-05 04:00,5.639,
14-May-2009,5,2009,134,0.3,-7.075,-6.189,-5.75,12-May-05 13:39,-3.979,12-May-05 13:40,-9.04,12-May-05 23:58,-8.71,12-May-05 23:55,4.354,12-May-05 21:42,2.402,
15-May-2009,5,2009,135,0.76,-8.21,-7.36,-6.28,13-May-05 18:03,-4.74,13-May-05 11:22,-10.07,13-May-05 03:37,-9.69,13-May-05 03:08,5.914,13-May-05 17:22,3.038,
16-May-2009,5,2009,136,0.7,-6.757,-5.757,-0.177,14-May-05 12:59,3.388,14-May-05 15:05,-13.66,14-May-05 22:55,-12.99,14-May-05 22:55,4.407,14-May-05 23:12,1.875,
17-May-2009,5,2009,137,0,-5.874,-4.821,1.805,15-May-05 16:48,3.541,15-May-05 16:47,-15.61,15-May-05 03:22,-14.67,15-May-05 03:26,5.727,15-May-05 23:00,3.147,
18-May-2009,5,2009,138,0.07,0.298,0.995,4.521,16-May-05 19:08,5.692,16-May-05 16:03,-7.492,16-May-05 02:14,-6.928,16-May-05 02:15,11.77,16-May-05 16:39,6.802,
19-May-2009,5,2009,139,0,4.21,4.737,6.862,17-May-05 13:43,7.476,17-May-05 13:43,0.165,17-May-05 01:03,0.692,17-May-05 01:03,9.47,17-May-05 03:28,5.638,
20-May-2009,5,2009,140,0,4.266,5.02,9.09,18-May-05 10:45,10.23,18-May-05 10:44,-1.345,18-May-05 23:55,-0.908,18-May-05 23:57,6.567,18-May-05 01:06,2.978,
21-May-2009,5,2009,141,0,3.414,4.137,8.55,19-May-05 11:49,9.1,19-May-05 11:49,-2.417,19-May-05 01:18,-2.021,19-May-05 03:24,4.42,19-May-05 13:06,2.195,
22-May-2009,5,2009,142,0,3.432,4.176,7.564,20-May-05 18:34,8.06,20-May-05 19:15,-2.418,20-May-05 02:27,-1.969,20-May-05 02:20,5.847,20-May-05 17:57,2.709,
23-May-2009,5,2009,143,0,4.621,5.432,9.63,21-May-05 09:50,9.98,21-May-05 09:50,-1.2,21-May-05 02:02,-0.741,21-May-05 02:00,6.527,21-May-05 15:05,2.975,
24-May-2009,5,2009,144,0,5.707,6.518,11.59,22-May-05 19:02,12.08,22-May-05 19:02,-0.369,22-May-05 03:42,0.139,22-May-05 01:08,5.007,22-May-05 15:21,2.185,
25-May-2009,5,2009,145,0,8.86,9.72,14.77,23-May-05 15:56,15.5,23-May-05 15:01,0.017,23-May-05 02:02,0.451,23-May-05 02:05,3.94,23-May-05 23:53,1.997,
26-May-2009,5,2009,146,0,8.62,9.34,17.53,24-May-05 14:26,18.44,24-May-05 14:22,0.597,24-May-05 23:39,1.088,24-May-05 23:56,10.87,24-May-05 17:56,3.162,
27-May-2009,5,2009,147,0.12,-1.072,-0.697,1.144,25-May-05 00:17,1.523,25-May-05 00:14,-2.482,25-May-05 23:58,-2.145,25-May-05 23:59,6.1,25-May-05 18:42,3.952,
28-May-2009,5,2009,148,1.68,-2.462,-2.062,-0.712,26-May-05 12:51,-0.324,26-May-05 12:54,-4.508,26-May-05 23:32,-4.113,26-May-05 23:35,5.874,26-May-05 16:34,3.641,
29-May-2009,5,2009,149,0,-0.8,-0.29,3.729,27-May-05 19:18,4.06,27-May-05 18:16,-6.841,27-May-05 04:36,-6.247,27-May-05 04:31,7.314,27-May-05 20:55,2.958,
30-May-2009,5,2009,150,3.56,-0.417,-0.027,2.99,28-May-05 10:41,3.188,28-May-05 10:40,-3.08,29-May-05 00:00,-2.754,29-May-05 00:00,5.434,28-May-05 11:55,2.32,
31-May-2009,5,2009,151,2.2,-0.699,-0.173,5.145,29-May-05 16:27,5.772,29-May-05 16:28,-4.099,29-May-05 04:15,-3.834,29-May-05 04:14,6.74,29-May-05 18:10,2.216,
01-Jun-2009,6,2009,152,0,2.834,3.329,5.818,30-May-05 19:55,6.543,30-May-05 19:53,-1.987,30-May-05 02:03,-1.537,30-May-05 02:18,6.967,30-May-05 08:28,3.277,
02-Jun-2009,6,2009,153,0,7,7.449,11.17,31-May-05 14:50,11.61,31-May-05 15:09,-0.528,31-May-05 01:18,0.132,31-May-05 01:20,8.69,31-May-05 15:40,4.364,
03-Jun-2009,6,2009,154,0,10.74,11.21,15.39,01-Jun-05 15:04,16.11,01-Jun-05 13:59,3.373,01-Jun-05 02:35,3.984,01-Jun-05 02:35,6.887,01-Jun-05 04:53,3.058,
04-Jun-2009,6,2009,155,0.03,11.81,12.26,15.59,02-Jun-05 18:39,16.21,02-Jun-05 18:38,6.785,02-Jun-05 23:54,7.22,02-Jun-05 23:59,6.98,02-Jun-05 23:58,2.957,
05-Jun-2009,6,2009,156,0,11.24,11.82,17.08,03-Jun-05 15:52,17.28,03-Jun-05 15:35,5.096,03-Jun-05 00:43,5.585,03-Jun-05 04:24,8.69,03-Jun-05 17:46,3.355,
06-Jun-2009,6,2009,157,0,14.62,15.18,21.8,04-Jun-05 13:42,22.22,04-Jun-05 13:41,6.123,04-Jun-05 01:39,6.743,04-Jun-05 01:39,7.527,04-Jun-05 10:56,3.427,
07-Jun-2009,6,2009,158,4.48,9.02,9.64,14.17,05-Jun-05 16:42,14.81,05-Jun-05 15:26,4.721,05-Jun-05 08:07,5.322,05-Jun-05 08:08,8.43,05-Jun-05 17:38,2.641,
08-Jun-2009,6,2009,159,15.77,5.776,6.351,8.34,06-Jun-05 13:09,8.73,06-Jun-05 13:10,3.919,06-Jun-05 01:46,4.58,06-Jun-05 01:44,5.647,06-Jun-05 16:48,2.631,
09-Jun-2009,6,2009,160,0,8.94,9.5,13.86,07-Jun-05 17:04,14.24,07-Jun-05 17:04,3.622,07-Jun-05 04:24,4.058,07-Jun-05 04:29,8.83,07-Jun-05 19:15,2.757,
10-Jun-2009,6,2009,161,4.1,10.06,10.69,18.36,08-Jun-05 14:07,19.2,08-Jun-05 14:08,2.776,08-Jun-05 03:06,3.252,08-Jun-05 03:07,9.29,08-Jun-05 15:23,2.568,
11-Jun-2009,6,2009,162,9.93,5.966,6.407,8.43,09-Jun-05 14:04,8.94,09-Jun-05 14:04,4.535,09-Jun-05 08:02,5.022,09-Jun-05 08:02,7.46,09-Jun-05 14:08,2.909,
12-Jun-2009,6,2009,163,5.03,6.184,6.895,8.89,10-Jun-05 17:23,9.54,10-Jun-05 18:03,3.444,10-Jun-05 23:48,4.004,10-Jun-05 23:50,6.7,10-Jun-05 15:23,3.025,
13-Jun-2009,6,2009,164,0,6.617,7.307,10.25,11-Jun-05 17:35,10.52,11-Jun-05 17:35,1.755,11-Jun-05 04:06,2.227,11-Jun-05 04:33,7.034,11-Jun-05 19:39,2.931,
14-Jun-2009,6,2009,165,0.2,7.642,8.22,11.44,12-Jun-05 17:21,11.89,12-Jun-05 17:22,3.774,12-Jun-05 05:44,4.304,12-Jun-05 05:45,5.06,12-Jun-05 19:55,1.796,
15-Jun-2009,6,2009,166,24.98,5.418,5.781,8.54,13-Jun-05 09:10,8.93,13-Jun-05 09:10,3.046,13-Jun-05 23:06,3.624,13-Jun-05 22:45,8.85,13-Jun-05 10:05,2.892,
16-Jun-2009,6,2009,167,0.96,8.07,8.44,13.32,14-Jun-05 18:36,13.67,14-Jun-05 18:08,3.024,14-Jun-05 04:23,3.424,14-Jun-05 04:23,6.3,14-Jun-05 15:39,2.143,
17-Jun-2009,6,2009,168,0,11.08,11.77,15.26,15-Jun-05 16:55,16.02,15-Jun-05 16:56,3.042,15-Jun-05 02:17,3.536,15-Jun-05 02:18,8.05,15-Jun-05 13:42,2.934,
18-Jun-2009,6,2009,169,25.84,12.4,12.94,17.41,16-Jun-05 12:30,18.43,16-Jun-05 12:31,8.6,16-Jun-05 23:39,8.96,16-Jun-05 23:39,9.02,16-Jun-05 18:00,3.653,
19-Jun-2009,6,2009,170,0,5.74,6.193,10.92,17-Jun-05 05:59,12.22,17-Jun-05 06:00,3.362,17-Jun-05 12:51,3.798,17-Jun-05 12:50,5.087,17-Jun-05 18:29,2.802,
20-Jun-2009,6,2009,171,0.15,2.59,2.892,4.345,18-Jun-05 19:19,4.576,18-Jun-05 19:19,0.699,19-Jun-05 00:00,0.977,18-Jun-05 23:59,5.754,18-Jun-05 19:48,3.609,
21-Jun-2009,6,2009,172,0,2.642,3,7.68,19-Jun-05 17:07,7.9,19-Jun-05 17:24,-1.064,19-Jun-05 06:44,-0.733,19-Jun-05 06:01,7.46,19-Jun-05 17:54,3.662,
22-Jun-2009,6,2009,173,0,9.08,9.57,16.05,20-Jun-05 15:06,16.37,20-Jun-05 18:30,-0.468,20-Jun-05 02:43,-0.092,20-Jun-05 02:47,7.767,20-Jun-05 18:34,3.562,
23-Jun-2009,6,2009,174,0,12.27,12.83,17,21-Jun-05 17:21,17.33,21-Jun-05 17:21,5.052,21-Jun-05 02:55,5.549,21-Jun-05 02:54,6.86,21-Jun-05 13:05,3.795,
24-Jun-2009,6,2009,175,0,9.86,10.39,13.51,22-Jun-05 15:06,14.17,22-Jun-05 15:06,5.17,22-Jun-05 23:47,5.575,22-Jun-05 23:46,8.81,22-Jun-05 17:41,3.955,
25-Jun-2009,6,2009,176,8.08,9.31,9.68,15.16,23-Jun-05 18:08,15.58,23-Jun-05 14:57,4.913,23-Jun-05 00:28,5.201,23-Jun-05 01:48,8.18,23-Jun-05 21:25,2.958,
26-Jun-2009,6,2009,177,14.79,10.15,10.54,15,24-Jun-05 10:20,15.6,24-Jun-05 10:07,7.674,24-Jun-05 02:24,8.06,24-Jun-05 02:26,8.45,24-Jun-05 00:23,3.024,
27-Jun-2009,6,2009,178,10.92,7.316,7.557,9.1,25-Jun-05 14:56,9.25,25-Jun-05 14:57,4.459,26-Jun-05 00:00,4.796,26-Jun-05 00:00,5.967,25-Jun-05 11:56,3.195,
28-Jun-2009,6,2009,179,0.09,4.539,4.829,5.944,26-Jun-05 17:51,6.201,26-Jun-05 18:11,3.293,26-Jun-05 23:54,3.545,26-Jun-05 23:58,5.394,26-Jun-05 20:44,3.217,
29-Jun-2009,6,2009,180,0,4.757,5.075,7.409,27-Jun-05 17:31,7.667,27-Jun-05 17:31,1.757,27-Jun-05 05:21,2.119,27-Jun-05 05:21,5.487,27-Jun-05 14:48,3.348,
30-Jun-2009,6,2009,181,3.9,8.54,9.13,14.62,28-Jun-05 15:01,14.99,28-Jun-05 14:57,0.154,28-Jun-05 02:48,0.713,28-Jun-05 02:49,8.45,28-Jun-05 19:00,2.308,
01-Jul-2009,7,2009,182,2.7,9.7,10.1,13.56,29-Jun-05 13:21,13.97,29-Jun-05 13:22,4.634,29-Jun-05 03:22,5.018,29-Jun-05 03:22,6.914,29-Jun-05 14:59,2.995,
02-Jul-2009,7,2009,183,1.4,11.27,11.73,15.17,30-Jun-05 13:19,16.06,30-Jun-05 13:19,6.185,30-Jun-05 03:23,6.524,30-Jun-05 03:20,6.54,30-Jun-05 15:11,2.335,
03-Jul-2009,7,2009,184,0,12.37,12.89,16.83,01-Jul-05 14:30,17.21,01-Jul-05 14:29,4.918,01-Jul-05 03:06,5.442,01-Jul-05 03:01,7.194,01-Jul-05 19:27,3.492,
04-Jul-2009,7,2009,185,0,12.04,12.67,15.81,02-Jul-05 15:56,16.17,02-Jul-05 15:56,5.666,02-Jul-05 03:04,6.385,02-Jul-05 03:04,7.1,02-Jul-05 19:09,3.303,
05-Jul-2009,7,2009,186,0,12.85,13.44,18.68,03-Jul-05 13:33,19.14,03-Jul-05 13:33,2.59,03-Jul-05 02:09,3.232,03-Jul-05 02:10,6.167,03-Jul-05 15:52,2.888,
06-Jul-2009,7,2009,187,0,12.71,13.25,17.7,04-Jul-05 17:17,18.44,04-Jul-05 17:17,4.255,04-Jul-05 02:17,4.668,04-Jul-05 02:16,5.14,04-Jul-05 18:49,2.415,
07-Jul-2009,7,2009,188,0,13.24,13.71,17.28,05-Jul-05 13:09,17.8,05-Jul-05 13:09,4.851,05-Jul-05 01:47,5.301,05-Jul-05 01:48,6.22,05-Jul-05 16:20,2.882,
08-Jul-2009,7,2009,189,0,12,12.29,15.28,06-Jul-05 18:54,15.68,06-Jul-05 18:52,9.83,06-Jul-05 23:57,10.1,06-Jul-05 23:58,5.674,06-Jul-05 20:56,2.644,
09-Jul-2009,7,2009,190,7.03,12.94,13.22,16.84,07-Jul-05 16:58,17.24,07-Jul-05 16:22,8.68,07-Jul-05 01:17,9,07-Jul-05 01:33,5.127,07-Jul-05 09:22,1.698,
10-Jul-2009,7,2009,191,23.7,7.939,8.2,12.65,08-Jul-05 00:41,12.84,08-Jul-05 00:40,5.321,08-Jul-05 13:03,5.605,08-Jul-05 12:41,10.99,08-Jul-05 06:00,3.75,
11-Jul-2009,7,2009,192,5.04,8.19,8.49,10.12,09-Jul-05 10:27,10.56,09-Jul-05 10:24,6.794,09-Jul-05 23:57,7.065,10-Jul-05 00:00,7.14,09-Jul-05 17:05,2.465,
12-Jul-2009,7,2009,193,1.81,9.12,9.44,11.61,10-Jul-05 14:54,12.1,10-Jul-05 12:32,6.248,10-Jul-05 03:03,6.509,10-Jul-05 03:05,5.42,10-Jul-05 15:50,1.891,
13-Jul-2009,7,2009,194,0,14.9,15.5,21.37,11-Jul-05 19:06,22.31,11-Jul-05 19:06,6.733,11-Jul-05 04:17,7.141,11-Jul-05 04:16,5.34,11-Jul-05 15:54,2.475,
14-Jul-2009,7,2009,195,0,18.3,18.84,24.4,12-Jul-05 17:26,25.4,12-Jul-05 17:27,9.91,12-Jul-05 01:51,10.32,12-Jul-05 01:52,5.594,12-Jul-05 01:28,3.144,
15-Jul-2009,7,2009,196,0,18,18.56,23.8,13-Jul-05 12:50,24.64,13-Jul-05 12:11,10.93,13-Jul-05 02:47,11.36,13-Jul-05 02:47,8.03,13-Jul-05 17:49,3.195,
16-Jul-2009,7,2009,197,0,14.45,15.02,19.49,14-Jul-05 15:38,20.07,14-Jul-05 15:38,6.083,14-Jul-05 03:06,6.591,14-Jul-05 03:07,6.567,14-Jul-05 18:35,2.848,
17-Jul-2009,7,2009,198,0.48,12.22,12.63,16.15,15-Jul-05 12:40,16.41,15-Jul-05 12:40,6.074,15-Jul-05 01:08,6.526,15-Jul-05 01:09,6.754,15-Jul-05 13:33,2.655,
18-Jul-2009,7,2009,199,0,13.14,13.66,17.86,16-Jul-05 15:17,18.28,16-Jul-05 15:17,4.248,16-Jul-05 03:29,4.802,16-Jul-05 03:29,6.94,16-Jul-05 16:12,2.589,
19-Jul-2009,7,2009,200,0,13.26,13.73,16.98,17-Jul-05 14:53,17.38,17-Jul-05 11:49,6.087,17-Jul-05 02:51,6.564,17-Jul-05 02:52,7.167,17-Jul-05 14:29,3.099,
20-Jul-2009,7,2009,201,0,14.91,15.42,21.1,18-Jul-05 17:44,21.53,18-Jul-05 15:32,4.26,18-Jul-05 02:00,4.652,18-Jul-05 02:02,5.607,18-Jul-05 18:27,2.826,
21-Jul-2009,7,2009,202,0,17.01,17.4,22.44,19-Jul-05 12:36,22.75,19-Jul-05 12:53,10.09,19-Jul-05 02:57,10.5,19-Jul-05 02:56,8.29,19-Jul-05 16:00,3.763,
22-Jul-2009,7,2009,203,0,11.18,11.52,15.9,20-Jul-05 16:08,16.22,20-Jul-05 16:08,5.224,20-Jul-05 23:58,5.484,20-Jul-05 23:58,7.82,20-Jul-05 17:19,3.799,
23-Jul-2009,7,2009,204,0.17,6.289,6.567,11.93,21-Jul-05 19:31,12.32,21-Jul-05 19:30,2.567,21-Jul-05 06:54,2.853,21-Jul-05 06:53,6.98,21-Jul-05 20:48,3.069,
24-Jul-2009,7,2009,205,0.35,4.937,5.21,7.034,22-Jul-05 16:35,7.313,22-Jul-05 16:28,2.758,22-Jul-05 08:30,3.118,22-Jul-05 08:30,5.074,22-Jul-05 21:20,3.092,
25-Jul-2009,7,2009,206,2.09,9.79,10.11,13.78,23-Jul-05 15:16,14.24,23-Jul-05 15:16,5.196,23-Jul-05 04:31,5.542,23-Jul-05 04:31,7.114,23-Jul-05 14:06,2.713,
26-Jul-2009,7,2009,207,0,11.94,12.38,16.7,24-Jul-05 15:04,17.19,24-Jul-05 15:04,5.604,25-Jul-05 00:00,6.068,25-Jul-05 00:00,6.167,24-Jul-05 14:06,3.231,
27-Jul-2009,7,2009,208,0,12.27,12.77,17.88,25-Jul-05 14:51,18.31,25-Jul-05 14:51,2.522,25-Jul-05 02:24,2.964,25-Jul-05 02:25,5.754,25-Jul-05 15:05,2.558,
28-Jul-2009,7,2009,209,0.04,15.5,15.97,19.96,26-Jul-05 10:59,20.6,26-Jul-05 11:00,8.43,26-Jul-05 02:18,8.82,26-Jul-05 00:19,6.367,26-Jul-05 17:17,2.69,
29-Jul-2009,7,2009,210,0,16.29,16.78,22.11,27-Jul-05 14:32,22.51,27-Jul-05 14:32,10.57,27-Jul-05 23:33,10.88,27-Jul-05 23:34,5.98,27-Jul-05 13:33,2.343,
30-Jul-2009,7,2009,211,0.32,15.27,15.73,20.7,28-Jul-05 09:56,21.2,28-Jul-05 09:59,7.342,28-Jul-05 03:18,7.815,28-Jul-05 03:34,7.034,28-Jul-05 10:45,2.711,
31-Jul-2009,7,2009,212,0,16.31,16.7,20.88,29-Jul-05 14:17,21.26,29-Jul-05 14:08,11.16,29-Jul-05 01:28,11.54,29-Jul-05 01:02,6.154,29-Jul-05 17:30,2.481,
01-Aug-2009,8,2009,213,2.62,13.59,13.95,19.45,30-Jul-05 15:08,19.82,30-Jul-05 15:07,7.384,30-Jul-05 02:42,7.823,30-Jul-05 02:43,7.82,30-Jul-05 13:21,2.468,
02-Aug-2009,8,2009,214,2.21,10.12,10.46,14.08,31-Jul-05 17:04,14.39,31-Jul-05 17:04,6.591,31-Jul-05 02:34,7.094,31-Jul-05 02:35,7.954,31-Jul-05 19:48,2.936,
03-Aug-2009,8,2009,215,0,10.46,10.94,15.81,01-Aug-05 16:32,16.29,01-Aug-05 17:17,2.026,01-Aug-05 03:52,2.478,01-Aug-05 03:52,5.607,01-Aug-05 13:11,3.066,
04-Aug-2009,8,2009,216,0,11.11,11.54,15.93,02-Aug-05 14:15,16.45,02-Aug-05 16:20,3.639,02-Aug-05 01:54,4.181,02-Aug-05 01:55,7.314,02-Aug-05 09:19,3.09,
05-Aug-2009,8,2009,217,0,13.08,13.52,19.37,03-Aug-05 15:58,19.84,03-Aug-05 15:56,3.714,03-Aug-05 00:30,4.28,03-Aug-05 00:30,7.287,03-Aug-05 09:02,3.468,
06-Aug-2009,8,2009,218,0,13.23,13.68,17.67,04-Aug-05 13:38,18.19,04-Aug-05 13:39,6.94,04-Aug-05 04:31,7.333,04-Aug-05 04:31,6.527,04-Aug-05 16:28,3.496,
07-Aug-2009,8,2009,219,0,9.99,10.4,16.43,05-Aug-05 12:22,16.79,05-Aug-05 12:21,2.367,05-Aug-05 04:37,2.794,05-Aug-05 04:37,7.407,05-Aug-05 13:20,3.067,
08-Aug-2009,8,2009,220,0,10.92,11.31,15.79,06-Aug-05 16:37,16.28,06-Aug-05 16:37,5.023,06-Aug-05 00:32,5.383,06-Aug-05 00:33,4.7,06-Aug-05 13:53,2.184,
09-Aug-2009,8,2009,221,14.44,7.961,8.27,13.41,07-Aug-05 15:20,13.92,07-Aug-05 15:20,-0.391,07-Aug-05 23:18,-0.041,07-Aug-05 23:57,10.87,07-Aug-05 20:43,2.964,
10-Aug-2009,8,2009,222,8.59,0.283,0.615,3.315,08-Aug-05 13:19,3.6,08-Aug-05 13:19,-1.461,08-Aug-05 22:34,-1.126,08-Aug-05 22:35,9.73,08-Aug-05 17:32,3.558,
11-Aug-2009,8,2009,223,3.85,-1.777,-1.512,-0.848,09-Aug-05 00:06,-0.612,09-Aug-05 00:10,-4.416,09-Aug-05 23:22,-4.085,09-Aug-05 23:24,6.3,09-Aug-05 03:10,3.287,
12-Aug-2009,8,2009,224,0,1.409,1.713,8.63,10-Aug-05 18:47,9.16,10-Aug-05 19:38,-6.705,10-Aug-05 04:58,-6.244,10-Aug-05 04:30,5.18,10-Aug-05 17:15,2.787,
13-Aug-2009,8,2009,225,0,6.677,7.149,12.32,11-Aug-05 15:08,13.12,11-Aug-05 15:08,0.896,11-Aug-05 01:37,1.355,11-Aug-05 23:49,6.22,11-Aug-05 09:41,3.118,
14-Aug-2009,8,2009,226,1,6.195,6.632,11.72,12-Aug-05 11:45,12.59,12-Aug-05 11:45,0.021,12-Aug-05 23:54,0.502,12-Aug-05 23:54,8.51,12-Aug-05 12:54,2.845,
15-Aug-2009,8,2009,227,1.28,7.307,7.748,14.34,13-Aug-05 15:04,14.83,13-Aug-05 16:26,-1.125,13-Aug-05 04:41,-0.675,13-Aug-05 04:41,7.194,13-Aug-05 21:36,2.98,
16-Aug-2009,8,2009,228,12.27,2.781,3.037,5.558,14-Aug-05 07:22,5.798,14-Aug-05 07:23,-0.518,14-Aug-05 23:28,-0.257,14-Aug-05 23:28,7.274,14-Aug-05 12:51,3.638,
17-Aug-2009,8,2009,229,0.23,2.122,2.486,7.374,15-Aug-05 19:13,7.864,15-Aug-05 19:11,-1.915,15-Aug-05 06:53,-1.585,15-Aug-05 06:52,4.847,15-Aug-05 04:57,2.182,
18-Aug-2009,8,2009,230,0,7.927,8.27,15.52,16-Aug-05 13:13,15.95,16-Aug-05 17:36,3.437,16-Aug-05 21:28,3.737,16-Aug-05 21:04,8.17,16-Aug-05 18:02,3.071,
19-Aug-2009,8,2009,231,3.2,0.725,1.004,4.458,17-Aug-05 01:19,4.835,17-Aug-05 00:01,-2.536,17-Aug-05 22:53,-2.144,17-Aug-05 22:55,7.3,17-Aug-05 06:18,3.671,
20-Aug-2009,8,2009,232,1.18,2.155,2.513,6.531,18-Aug-05 16:21,6.972,18-Aug-05 16:21,-1.451,18-Aug-05 00:01,-1.185,18-Aug-05 00:01,7.767,18-Aug-05 16:56,2.908,
21-Aug-2009,8,2009,233,0,4.726,5.202,11.25,19-Aug-05 16:55,11.74,19-Aug-05 16:54,-2.525,19-Aug-05 05:24,-1.961,19-Aug-05 05:13,5.567,19-Aug-05 03:56,3.191,
22-Aug-2009,8,2009,234,0,7.827,8.29,12.59,20-Aug-05 16:51,12.97,20-Aug-05 16:52,1.639,20-Aug-05 01:19,2.207,20-Aug-05 01:58,6.407,20-Aug-05 07:52,3.044,
23-Aug-2009,8,2009,235,0,8.92,9.35,12.17,21-Aug-05 13:28,12.57,21-Aug-05 13:28,4.59,21-Aug-05 05:34,5.1,21-Aug-05 03:52,8.54,21-Aug-05 11:46,4.019,
24-Aug-2009,8,2009,236,0,5.833,6.152,10.54,22-Aug-05 13:51,10.6,22-Aug-05 13:51,-0.577,22-Aug-05 03:47,-0.025,22-Aug-05 03:47,8.1,22-Aug-05 17:00,3.473,
25-Aug-2009,8,2009,237,1,4.672,4.957,7.95,23-Aug-05 13:59,8.19,23-Aug-05 14:00,1.293,23-Aug-05 03:16,1.714,23-Aug-05 00:07,6.62,23-Aug-05 17:37,2.888,
26-Aug-2009,8,2009,238,7.84,1.019,1.388,4.55,24-Aug-05 01:08,4.832,24-Aug-05 00:08,-0.869,24-Aug-05 23:03,-0.58,24-Aug-05 23:07,6.007,24-Aug-05 08:00,2.99,
27-Aug-2009,8,2009,239,0,2.159,2.502,6.63,25-Aug-05 17:13,7.16,25-Aug-05 17:14,-0.734,25-Aug-05 02:15,-0.451,25-Aug-05 02:22,4.047,25-Aug-05 09:14,1.774,
28-Aug-2009,8,2009,240,0,4.028,4.599,10.17,26-Aug-05 15:28,10.78,26-Aug-05 16:46,-4.142,26-Aug-05 05:31,-3.675,26-Aug-05 05:31,5.58,26-Aug-05 20:41,2.622,
29-Aug-2009,8,2009,241,0,1.7,1.996,3.661,27-Aug-05 14:15,3.821,27-Aug-05 14:22,-2.191,27-Aug-05 01:09,-1.653,27-Aug-05 01:09,5.714,27-Aug-05 13:01,3.251,
30-Aug-2009,8,2009,242,5.87,3.833,4.191,9.83,28-Aug-05 17:38,10.17,28-Aug-05 17:50,-0.331,28-Aug-05 05:55,-0.055,28-Aug-05 06:00,8.19,28-Aug-05 19:13,2.295,
31-Aug-2009,8,2009,243,3.67,-0.604,-0.259,4.052,29-Aug-05 01:38,4.249,29-Aug-05 01:38,-3.605,29-Aug-05 23:01,-3.148,29-Aug-05 23:00,9.34,29-Aug-05 07:04,4.479,
01-Sep-2009,9,2009,244,0.86,5.092,5.469,10.18,30-Aug-05 17:08,10.55,30-Aug-05 17:08,-1.384,30-Aug-05 00:20,-0.901,30-Aug-05 00:20,9.54,30-Aug-05 08:22,5.908,
02-Sep-2009,9,2009,245,0,7.59,7.956,11.64,31-Aug-05 15:30,12,31-Aug-05 15:30,3.116,31-Aug-05 23:41,3.609,31-Aug-05 23:41,8.46,31-Aug-05 11:21,5.267,
03-Sep-2009,9,2009,246,0,6.891,7.29,12,01-Sep-05 12:38,12.37,01-Sep-05 12:38,2.121,01-Sep-05 01:53,2.684,01-Sep-05 01:54,6.727,01-Sep-05 04:27,3.27,
04-Sep-2009,9,2009,247,0.07,8.04,8.42,12.17,02-Sep-05 16:13,12.6,02-Sep-05 16:14,1.425,02-Sep-05 01:22,1.887,02-Sep-05 01:22,6.994,02-Sep-05 16:04,3.221,
05-Sep-2009,9,2009,248,0,8.67,9,13.95,03-Sep-05 16:48,14.31,03-Sep-05 16:47,5.188,03-Sep-05 21:55,5.664,03-Sep-05 21:56,6.594,03-Sep-05 06:53,3.389,
06-Sep-2009,9,2009,249,0,11.03,11.49,17.96,04-Sep-05 16:27,18.49,04-Sep-05 16:28,4.713,04-Sep-05 00:32,5.279,04-Sep-05 00:32,6.794,04-Sep-05 08:52,4.035,
07-Sep-2009,9,2009,250,3.22,2.768,3.12,11.65,05-Sep-05 08:12,12.14,05-Sep-05 08:12,-1.736,05-Sep-05 23:56,-1.392,05-Sep-05 23:56,9.89,05-Sep-05 08:17,4.247,
08-Sep-2009,9,2009,251,0,-0.673,-0.365,1.649,06-Sep-05 16:20,1.916,06-Sep-05 16:21,-2.112,06-Sep-05 07:23,-1.796,06-Sep-05 06:27,5.02,06-Sep-05 15:33,3.086,
09-Sep-2009,9,2009,252,0,0.7,1.1,6.309,07-Sep-05 15:42,6.678,07-Sep-05 16:13,-3.953,07-Sep-05 05:19,-3.585,07-Sep-05 05:17,5.18,07-Sep-05 16:47,2.257,
10-Sep-2009,9,2009,253,0,6.37,6.978,15.89,08-Sep-05 15:20,16.38,08-Sep-05 15:20,-1.965,08-Sep-05 00:35,-1.441,08-Sep-05 00:35,6.167,08-Sep-05 13:14,2.563,
11-Sep-2009,9,2009,254,0,8.9,9.37,14.07,09-Sep-05 14:02,14.66,09-Sep-05 14:02,3.582,09-Sep-05 00:29,4.033,09-Sep-05 00:29,6.194,09-Sep-05 16:40,3.309,
12-Sep-2009,9,2009,255,0.03,4.702,4.996,8.42,10-Sep-05 13:07,8.42,10-Sep-05 13:07,1.044,10-Sep-05 20:57,1.394,10-Sep-05 20:58,5.354,10-Sep-05 16:25,1.803,
13-Sep-2009,9,2009,256,1.8,4.759,5.109,10.81,11-Sep-05 11:31,11.16,11-Sep-05 11:31,-0.325,11-Sep-05 03:25,0.27,11-Sep-05 03:25,6.5,11-Sep-05 13:36,2.469,
14-Sep-2009,9,2009,257,0.33,2.629,2.904,4.255,12-Sep-05 11:52,4.493,12-Sep-05 11:38,0.687,12-Sep-05 23:58,0.954,12-Sep-05 23:36,6.834,12-Sep-05 15:37,3.117,
15-Sep-2009,9,2009,258,0,2.876,3.276,7.012,13-Sep-05 17:36,7.255,13-Sep-05 17:39,-1.068,13-Sep-05 06:30,-0.728,13-Sep-05 06:30,4.127,13-Sep-05 13:24,1.694,
16-Sep-2009,9,2009,259,0,6.452,6.941,13.05,14-Sep-05 13:49,13.77,14-Sep-05 13:49,0.366,14-Sep-05 22:42,0.82,14-Sep-05 22:45,5.967,14-Sep-05 07:21,3.033,
17-Sep-2009,9,2009,260,0,3.93,4.366,10.67,15-Sep-05 13:21,10.84,15-Sep-05 13:22,-1.237,15-Sep-05 05:45,-0.785,15-Sep-05 05:46,6.567,15-Sep-05 16:22,3.224,
18-Sep-2009,9,2009,261,0.91,-0.016,0.281,1.919,16-Sep-05 03:43,2.175,16-Sep-05 03:00,-1.068,16-Sep-05 23:54,-0.797,16-Sep-05 23:51,4.767,16-Sep-05 13:08,2.754,
19-Sep-2009,9,2009,262,4.13,-2.258,-1.872,-0.902,17-Sep-05 00:37,-0.639,17-Sep-05 00:10,-3.275,17-Sep-05 22:54,-2.985,17-Sep-05 23:46,3.794,17-Sep-05 10:08,2.529,
20-Sep-2009,9,2009,263,0.21,-3.704,-3.33,-2.848,18-Sep-05 10:08,-2.469,18-Sep-05 08:53,-5.222,18-Sep-05 23:53,-4.884,18-Sep-05 23:55,4.007,18-Sep-05 19:28,2.447,
21-Sep-2009,9,2009,264,0,-4.572,-4.222,-2.306,19-Sep-05 13:27,-1.689,19-Sep-05 14:08,-5.757,19-Sep-05 22:50,-5.438,19-Sep-05 22:51,4.794,19-Sep-05 16:27,2.375,
22-Sep-2009,9,2009,265,0,-7.464,-7.023,-4.651,20-Sep-05 00:07,-4.389,20-Sep-05 00:08,-10.32,20-Sep-05 23:34,-9.97,20-Sep-05 23:34,3.74,20-Sep-05 01:52,1.598,
23-Sep-2009,9,2009,266,0.09,-6.958,-6.512,-4.846,21-Sep-05 15:45,-4.194,21-Sep-05 15:45,-10.31,21-Sep-05 01:13,-9.89,21-Sep-05 01:13,3.02,21-Sep-05 17:39,1.272,
24-Sep-2009,9,2009,267,15.26,-6.065,-5.767,-4.334,22-Sep-05 20:21,-4.129,22-Sep-05 13:37,-11.46,22-Sep-05 01:37,-11.04,22-Sep-05 01:39,5.754,22-Sep-05 22:36,3.246,
25-Sep-2009,9,2009,268,2.39,-6.3,-6.074,-5.076,23-Sep-05 00:12,-4.868,23-Sep-05 00:22,-9.42,23-Sep-05 21:25,-9.05,23-Sep-05 21:52,5.327,23-Sep-05 00:46,2.68,
26-Sep-2009,9,2009,269,1.12,-8.16,-8.03,-4.911,24-Sep-05 12:49,-5.147,24-Sep-05 12:51,-11.26,24-Sep-05 23:27,-11.03,24-Sep-05 23:37,3.967,24-Sep-05 10:46,1.897,
27-Sep-2009,9,2009,270,0.76,-11.65,-11.28,-9.88,25-Sep-05 15:34,-9.51,25-Sep-05 15:34,-18.03,25-Sep-05 21:05,-17.48,25-Sep-05 21:06,5.727,25-Sep-05 22:55,3.041,
28-Sep-2009,9,2009,271,0.61,-13.26,-12.82,-8.28,26-Sep-05 23:27,-7.99,26-Sep-05 23:28,-17.75,26-Sep-05 01:18,-17.31,26-Sep-05 01:18,6.26,26-Sep-05 04:01,3.88,
29-Sep-2009,9,2009,272,0.92,-12.36,-11.74,-8.07,27-Sep-05 03:28,-7.756,27-Sep-05 03:32,-18.29,27-Sep-05 19:10,-17.6,27-Sep-05 19:32,4.714,27-Sep-05 22:05,3.059,
30-Sep-2009,9,2009,273,0.7,-15.74,-14.97,-12.57,28-Sep-05 13:25,-11.61,28-Sep-05 13:25,-18.48,28-Sep-05 19:01,-17.92,28-Sep-05 19:01,5.074,28-Sep-05 21:27,3.275,
01-Oct-2009,10,2009,274,0.03,-17.93,-17.12,-13.06,29-Sep-05 14:53,-12.1,29-Sep-05 14:54,-21.29,30-Sep-05 00:00,-20.63,30-Sep-05 00:00,4.514,29-Sep-05 04:22,3.117,
02-Oct-2009,10,2009,275,0,-17.11,-16.41,-12.91,30-Sep-05 13:21,-11.84,30-Sep-05 13:28,-21.7,30-Sep-05 00:48,-20.67,30-Sep-05 00:47,5.727,30-Sep-05 23:45,3.28,
03-Oct-2009,10,2009,276,0,-12.38,-11.72,-6.998,01-Oct-05 21:38,-6.54,01-Oct-05 20:25,-16.08,01-Oct-05 05:51,-15.57,01-Oct-05 05:51,7.38,01-Oct-05 22:13,3.939,
04-Oct-2009,10,2009,277,0,-4.873,-4.374,-1.552,02-Oct-05 13:24,-1.057,02-Oct-05 13:25,-10.58,02-Oct-05 02:59,-9.61,02-Oct-05 01:16,9.06,02-Oct-05 02:14,4.056,
05-Oct-2009,10,2009,278,0,-0.16,0.289,3.132,03-Oct-05 14:23,3.643,03-Oct-05 14:23,-4.666,03-Oct-05 04:54,-4.109,03-Oct-05 04:57,8.39,03-Oct-05 15:05,4.462,
06-Oct-2009,10,2009,279,4.08,-5.039,-4.647,1.039,04-Oct-05 00:01,1.383,04-Oct-05 00:01,-10.79,04-Oct-05 23:57,-10.07,04-Oct-05 23:56,3.58,04-Oct-05 16:13,1.479,
07-Oct-2009,10,2009,280,0.14,-9.74,-9.2,-3.914,05-Oct-05 11:45,-3.152,05-Oct-05 11:45,-16.68,05-Oct-05 23:14,-16,05-Oct-05 23:15,3.66,05-Oct-05 18:37,1.544,
08-Oct-2009,10,2009,281,0.06,-10.92,-10.02,-1.169,06-Oct-05 23:55,-0.863,06-Oct-05 23:56,-18.23,06-Oct-05 04:27,-17.33,06-Oct-05 04:27,9.54,06-Oct-05 23:04,3.105,
09-Oct-2009,10,2009,282,0.77,-1.508,-1.038,1.05,07-Oct-05 23:00,1.324,07-Oct-05 23:01,-3.845,07-Oct-05 05:53,-3.348,07-Oct-05 05:52,13.89,07-Oct-05 18:30,10.43,
10-Oct-2009,10,2009,283,0.37,3.278,3.756,5.868,08-Oct-05 21:59,6.196,08-Oct-05 21:59,-0.306,08-Oct-05 00:04,0.214,08-Oct-05 00:04,15.25,08-Oct-05 03:33,6.462,
11-Oct-2009,10,2009,284,0,4.163,4.738,7.887,09-Oct-05 13:03,8.66,09-Oct-05 11:41,1.297,09-Oct-05 01:01,1.697,09-Oct-05 01:01,7.18,09-Oct-05 06:01,2.88,
12-Oct-2009,10,2009,285,0,2.722,3.342,8.03,10-Oct-05 13:38,8.8,10-Oct-05 15:34,-0.831,11-Oct-05 00:00,-0.347,11-Oct-05 00:00,5.674,10-Oct-05 13:33,2.664,
13-Oct-2009,10,2009,286,0,1.232,1.788,5.08,11-Oct-05 11:52,6.078,11-Oct-05 13:08,-1.924,11-Oct-05 02:48,-1.474,11-Oct-05 02:48,4.474,11-Oct-05 08:36,2.266,
14-Oct-2009,10,2009,287,0.09,0.514,0.864,1.968,12-Oct-05 01:42,2.327,12-Oct-05 01:43,-0.251,12-Oct-05 23:11,0.091,12-Oct-05 23:59,2.914,12-Oct-05 16:33,1.005,
15-Oct-2009,10,2009,288,0.42,-0.612,-0.334,-0.105,13-Oct-05 00:02,0.151,13-Oct-05 03:22,-1.383,13-Oct-05 21:27,-1.093,13-Oct-05 21:27,3.994,13-Oct-05 19:40,1.097,
16-Oct-2009,10,2009,289,3.95,-2.981,-2.662,-1.18,14-Oct-05 00:05,-0.937,14-Oct-05 00:05,-4.546,15-Oct-05 00:00,-4.304,15-Oct-05 00:00,3.66,14-Oct-05 17:21,2.048,
17-Oct-2009,10,2009,290,4.73,-6.386,-6.032,-4.467,15-Oct-05 00:06,-4.291,15-Oct-05 00:01,-14.4,15-Oct-05 23:42,-13.62,15-Oct-05 23:42,1.38,15-Oct-05 00:09,0.454,
18-Oct-2009,10,2009,291,0,-12.44,-12.1,-9.69,16-Oct-05 15:32,-9.32,16-Oct-05 14:31,-17.1,16-Oct-05 06:18,-16.61,16-Oct-05 06:52,0,16-Oct-05 00:01,0,
19-Oct-2009,10,2009,292,0,-15.24,-14.8,-10.99,17-Oct-05 03:49,-10.88,17-Oct-05 03:48,-23.19,17-Oct-05 18:51,-22.79,17-Oct-05 18:53,0,17-Oct-05 00:01,0,
20-Oct-2009,10,2009,293,2.28,-14.22,-13.97,-11.64,18-Oct-05 12:32,-11.08,18-Oct-05 12:36,-18.03,18-Oct-05 15:23,-17.77,18-Oct-05 15:25,0,18-Oct-05 00:01,0,
21-Oct-2009,10,2009,294,2.11,-15.71,-15.41,-12.51,19-Oct-05 11:34,-11.74,19-Oct-05 11:40,-23.26,19-Oct-05 23:37,-22.88,19-Oct-05 23:38,0,19-Oct-05 00:01,0,
22-Oct-2009,10,2009,295,1.34,-18.41,-18.07,-14.27,20-Oct-05 15:17,-13.96,20-Oct-05 15:18,-23.37,20-Oct-05 07:16,-22.92,20-Oct-05 07:17,2.7,20-Oct-05 23:43,0.684,
23-Oct-2009,10,2009,296,2.34,-6.895,-6.438,-2.834,21-Oct-05 14:00,-2.421,21-Oct-05 14:00,-18.13,21-Oct-05 00:01,-17.79,21-Oct-05 00:01,9.7,21-Oct-05 11:54,3.516,
24-Oct-2009,10,2009,297,2.49,-12.61,-11.79,-8.61,22-Oct-05 13:17,-7.174,22-Oct-05 13:17,-14.95,22-Oct-05 07:15,-14.4,22-Oct-05 07:16,4.38,22-Oct-05 22:39,2.233,
25-Oct-2009,10,2009,298,7.94,-3.287,-2.721,0.911,23-Oct-05 12:07,1.31,23-Oct-05 12:06,-13.66,23-Oct-05 01:10,-13.06,23-Oct-05 01:11,6.114,23-Oct-05 12:25,2.919,
26-Oct-2009,10,2009,299,1.44,-3.542,-3.272,-0.696,24-Oct-05 02:20,-0.426,24-Oct-05 02:18,-8.37,24-Oct-05 23:18,-7.961,24-Oct-05 23:18,5.86,24-Oct-05 22:27,3.09,
27-Oct-2009,10,2009,300,1.43,-6.599,-6.249,-4.849,25-Oct-05 05:59,-4.531,25-Oct-05 06:00,-7.78,25-Oct-05 00:02,-7.336,25-Oct-05 00:01,5.82,25-Oct-05 08:36,3.161,
28-Oct-2009,10,2009,301,4.49,-8.55,-8.19,-6.664,26-Oct-05 14:46,-6.229,26-Oct-05 14:41,-12.19,26-Oct-05 19:20,-11.75,26-Oct-05 19:19,3.127,26-Oct-05 19:20,1.386,
29-Oct-2009,10,2009,302,7.25,-13.63,-13.18,-10.42,27-Oct-05 00:01,-9.98,27-Oct-05 00:01,-18.49,27-Oct-05 20:13,-17.66,27-Oct-05 20:15,2.954,27-Oct-05 20:15,1.588,
30-Oct-2009,10,2009,303,11.8,-16.77,-16.28,-12.3,28-Oct-05 20:01,-12.05,28-Oct-05 19:58,-22.26,28-Oct-05 10:58,-21.51,28-Oct-05 11:03,3.114,28-Oct-05 03:11,1.416,
31-Oct-2009,10,2009,304,14.89,-20.14,-19.64,-12.5,29-Oct-05 02:51,-12.32,29-Oct-05 03:13,-25.53,29-Oct-05 19:19,-24.96,29-Oct-05 19:20,5.594,29-Oct-05 08:43,3.085,
01-Nov-2009,11,2009,305,25.27,-22.67,-22.04,-18.48,30-Oct-05 01:14,-18.25,30-Oct-05 01:16,-26.6,30-Oct-05 09:34,-25.91,30-Oct-05 09:47,4.98,30-Oct-05 01:48,2.912,
02-Nov-2009,11,2009,306,18.21,-23.48,-22.91,-19.81,31-Oct-05 12:45,-19.15,31-Oct-05 12:42,-28.01,31-Oct-05 23:39,-27.45,31-Oct-05 22:54,5.047,31-Oct-05 04:15,2.972,
03-Nov-2009,11,2009,307,35.96,-26.48,-25.75,-21.7,01-Nov-05 14:38,-21.05,01-Nov-05 14:39,-30.14,01-Nov-05 06:51,-29.53,01-Nov-05 06:52,4.9,01-Nov-05 15:40,2.778,
04-Nov-2009,11,2009,308,26.31,-26.43,-25.73,-22.43,02-Nov-05 06:00,-21.96,02-Nov-05 06:02,-31.56,02-Nov-05 17:59,-30.26,02-Nov-05 17:59,5.447,02-Nov-05 05:34,2.872,
05-Nov-2009,11,2009,309,65.04,-15.21,-14.49,-8.95,03-Nov-05 16:04,-8.41,03-Nov-05 16:05,-29.01,03-Nov-05 02:32,-27.88,03-Nov-05 02:32,8.99,03-Nov-05 11:13,3.727,
06-Nov-2009,11,2009,310,20.96,-25.83,-25.18,-16.19,04-Nov-05 00:32,-15.37,04-Nov-05 00:33,-31.89,04-Nov-05 19:08,-31.28,04-Nov-05 18:01,4.674,04-Nov-05 05:07,2.039,
07-Nov-2009,11,2009,311,17.65,-22.87,-22.58,-21.09,05-Nov-05 16:29,-20.86,05-Nov-05 13:49,-24.73,05-Nov-05 00:03,-24.52,05-Nov-05 00:01,3.367,05-Nov-05 22:08,1.617,
08-Nov-2009,11,2009,312,16.66,-29.13,-28.66,-24.39,06-Nov-05 01:05,-24.08,06-Nov-05 01:06,-32.42,06-Nov-05 23:30,-31.78,06-Nov-05 23:31,3.9,06-Nov-05 07:11,2.416,
09-Nov-2009,11,2009,313,30.44,-24.52,-24.03,-19.76,07-Nov-05 23:00,-19.33,07-Nov-05 23:00,-32.76,07-Nov-05 01:48,-32.03,07-Nov-05 01:48,7.38,07-Nov-05 21:59,3.731,
10-Nov-2009,11,2009,314,39.66,-17.89,-17.41,-13.23,08-Nov-05 12:43,-12.77,08-Nov-05 12:41,-22.57,08-Nov-05 08:10,-21.77,08-Nov-05 04:12,8.35,08-Nov-05 14:29,4.037,
11-Nov-2009,11,2009,315,18.07,-22.9,-22.44,-18.47,09-Nov-05 01:05,-18.11,09-Nov-05 01:31,-26,09-Nov-05 16:29,-25.52,09-Nov-05 16:30,7.114,09-Nov-05 18:52,3.942,
12-Nov-2009,11,2009,316,26.28,-13.85,-13.28,-8.19,10-Nov-05 13:41,-7.849,10-Nov-05 13:41,-27.4,10-Nov-05 02:51,-25.88,10-Nov-05 02:51,12.9,10-Nov-05 08:48,6.382,
13-Nov-2009,11,2009,317,9.91,-14.98,-14.55,-9.75,11-Nov-05 00:03,-9.36,11-Nov-05 00:03,-23.17,11-Nov-05 21:48,-22.72,11-Nov-05 22:07,9.21,11-Nov-05 01:33,4.13,
14-Nov-2009,11,2009,318,7.02,-26.31,-25.88,-21.77,12-Nov-05 00:01,-21.29,12-Nov-05 00:01,-31.56,12-Nov-05 23:02,-31.16,12-Nov-05 23:07,3.22,12-Nov-05 22:05,1.82,
15-Nov-2009,11,2009,319,13.42,-31.33,-30.9,-28.47,13-Nov-05 08:52,-28.26,13-Nov-05 08:55,-34.25,13-Nov-05 20:00,-33.71,13-Nov-05 20:00,3.42,13-Nov-05 23:37,2.022,
16-Nov-2009,11,2009,320,14.33,-32.24,-31.85,-30.15,14-Nov-05 22:38,-29.73,14-Nov-05 12:23,-34.9,14-Nov-05 04:35,-34.46,14-Nov-05 04:37,4.007,14-Nov-05 12:01,2.638,
17-Nov-2009,11,2009,321,12.66,-26.99,-26.63,-20.5,15-Nov-05 15:06,-20.22,15-Nov-05 15:07,-32.83,15-Nov-05 07:17,-32.4,15-Nov-05 07:19,7.634,15-Nov-05 22:31,3.705,
18-Nov-2009,11,2009,322,9.44,-26.31,-25.94,-22.96,16-Nov-05 00:01,-22.64,16-Nov-05 00:01,-29.08,16-Nov-05 15:23,-28.62,16-Nov-05 15:24,7.287,16-Nov-05 00:24,4.331,
19-Nov-2009,11,2009,323,9.05,-26.38,-26.01,-23.39,17-Nov-05 20:03,-23.12,17-Nov-05 20:04,-28.55,17-Nov-05 14:59,-28.16,17-Nov-05 15:00,7.22,17-Nov-05 03:39,4.632,
20-Nov-2009,11,2009,324,7.78,-25.41,-25.04,-23.31,18-Nov-05 14:58,-23,18-Nov-05 14:58,-27.21,18-Nov-05 07:36,-26.88,18-Nov-05 07:36,7.527,18-Nov-05 12:37,5.249,
21-Nov-2009,11,2009,325,7.74,-25.64,-25.25,-24.1,19-Nov-05 15:23,-23.73,19-Nov-05 15:24,-27.34,19-Nov-05 12:02,-26.86,19-Nov-05 12:03,7.38,19-Nov-05 04:27,4.937,
22-Nov-2009,11,2009,326,11.32,-29.19,-28.79,-26.38,20-Nov-05 00:38,-26.08,20-Nov-05 00:38,-31.69,20-Nov-05 10:56,-31.35,20-Nov-05 10:55,5.834,20-Nov-05 00:38,3.495,
23-Nov-2009,11,2009,327,14.3,-29.49,-28.94,-23.45,21-Nov-05 22:30,-22.89,21-Nov-05 22:30,-32.49,21-Nov-05 07:41,-31.99,21-Nov-05 07:35,4.9,21-Nov-05 01:12,2.712,
24-Nov-2009,11,2009,328,6.09,-24.12,-23.74,-18.14,22-Nov-05 06:04,-17.69,22-Nov-05 06:03,-28.29,22-Nov-05 22:16,-28.1,22-Nov-05 22:20,3.954,22-Nov-05 00:25,1.476,
25-Nov-2009,11,2009,329,24.29,-19.62,-19.22,-7.129,23-Nov-05 22:31,-6.737,23-Nov-05 22:31,-28.48,23-Nov-05 02:31,-28.32,23-Nov-05 02:19,8.25,23-Nov-05 22:11,2.548,
26-Nov-2009,11,2009,330,7.84,-13.52,-12.9,-8.29,24-Nov-05 02:15,-8,24-Nov-05 02:16,-18,24-Nov-05 19:50,-17.22,24-Nov-05 17:53,9.15,24-Nov-05 03:00,4.088,
27-Nov-2009,11,2009,331,7.15,-18.43,-17.88,-7.341,25-Nov-05 23:15,-6.923,25-Nov-05 23:15,-24.79,25-Nov-05 11:25,-24.33,25-Nov-05 11:27,9.69,25-Nov-05 23:15,1.86,
28-Nov-2009,11,2009,332,4.34,-10.58,-10.02,-7.737,26-Nov-05 01:43,-7.227,26-Nov-05 01:45,-13.19,26-Nov-05 10:12,-12.4,26-Nov-05 11:09,9.29,26-Nov-05 04:59,2.698,
29-Nov-2009,11,2009,333,4.52,-16.73,-16.14,-11.11,27-Nov-05 07:16,-10.69,27-Nov-05 07:16,-23.93,27-Nov-05 23:58,-23.13,27-Nov-05 23:05,3.74,27-Nov-05 02:49,1.641,
30-Nov-2009,11,2009,334,8.23,-22.96,-22.49,-17.49,28-Nov-05 06:30,-16.84,28-Nov-05 06:32,-26.01,28-Nov-05 19:34,-25.58,28-Nov-05 19:34,3.434,28-Nov-05 01:12,1.176,
01-Dec-2009,12,2009,335,13.05,-12.06,-11.59,-6.869,29-Nov-05 19:11,-6.471,29-Nov-05 19:11,-25.66,29-Nov-05 02:57,-25.25,29-Nov-05 02:58,12.98,29-Nov-05 23:53,4.857,
02-Dec-2009,12,2009,336,1.83,-6.152,-5.682,-3.72,30-Nov-05 11:47,-3.322,30-Nov-05 11:47,-9.51,30-Nov-05 01:52,-9.03,30-Nov-05 01:53,12.3,30-Nov-05 04:11,7.251,
03-Dec-2009,12,2009,337,2.2,-14.12,-13.7,-5.301,01-Dec-05 00:11,-4.875,01-Dec-05 00:10,-19.51,01-Dec-05 23:07,-19.17,01-Dec-05 22:35,7.7,01-Dec-05 00:09,2.544,
04-Dec-2009,12,2009,338,2.03,-20.02,-19.69,-17.47,02-Dec-05 03:42,-17.2,02-Dec-05 03:44,-24.13,03-Dec-05 00:00,-23.32,02-Dec-05 15:34,5.42,02-Dec-05 00:51,1.811,
05-Dec-2009,12,2009,339,7.74,-20.35,-19.86,-10.43,03-Dec-05 23:27,-9.94,03-Dec-05 23:27,-26.66,03-Dec-05 18:35,-25.84,03-Dec-05 18:09,14.49,03-Dec-05 21:45,4.323,
06-Dec-2009,12,2009,340,0.67,-1.787,-1.352,3.868,04-Dec-05 22:54,4.28,04-Dec-05 22:55,-10.83,04-Dec-05 00:09,-10.29,04-Dec-05 00:10,10.9,04-Dec-05 03:14,7.127,
07-Dec-2009,12,2009,341,0,-1.704,-1.29,2.647,05-Dec-05 01:08,3.073,05-Dec-05 01:08,-6.406,05-Dec-05 19:21,-5.838,05-Dec-05 19:21,12.09,05-Dec-05 03:09,5.524,
08-Dec-2009,12,2009,342,0.06,-1.816,-1.374,1.719,06-Dec-05 16:11,2.204,06-Dec-05 16:13,-5.408,06-Dec-05 23:58,-4.886,06-Dec-05 23:59,4.274,06-Dec-05 18:56,2.414,
09-Dec-2009,12,2009,343,0,-5.239,-4.745,-2.762,07-Dec-05 01:29,-2.352,07-Dec-05 01:32,-8.49,07-Dec-05 20:10,-7.936,07-Dec-05 20:10,8.45,07-Dec-05 15:08,4.965,
10-Dec-2009,12,2009,344,0,-5.665,-5.132,-3.319,08-Dec-05 15:09,-2.884,08-Dec-05 13:03,-10.17,08-Dec-05 23:01,-9.5,08-Dec-05 23:01,8.38,08-Dec-05 10:47,4.76,
11-Dec-2009,12,2009,345,0.79,-7.016,-6.637,-4.068,09-Dec-05 15:25,-3.853,09-Dec-05 15:26,-12.7,09-Dec-05 03:42,-11.91,09-Dec-05 04:07,4.967,09-Dec-05 03:48,1.792,
12-Dec-2009,12,2009,346,0.45,-7.827,-7.522,-5.809,10-Dec-05 02:31,-5.526,10-Dec-05 02:33,-10.52,10-Dec-05 19:35,-10.22,10-Dec-05 19:25,2.22,10-Dec-05 12:37,0.835,
13-Dec-2009,12,2009,347,1.04,-12.99,-12.75,-9.78,11-Dec-05 00:02,-9.59,11-Dec-05 00:05,-16.62,11-Dec-05 23:59,-16.39,12-Dec-05 00:00,0,11-Dec-05 00:01,0,
14-Dec-2009,12,2009,348,0,-23.95,-23.77,-16.61,12-Dec-05 00:01,-16.42,12-Dec-05 00:01,-33.89,12-Dec-05 23:05,-33.25,12-Dec-05 23:44,0,12-Dec-05 00:01,0,
15-Dec-2009,12,2009,349,0,-30.47,-30.24,-27,13-Dec-05 18:20,-26.79,13-Dec-05 18:20,-33.43,13-Dec-05 00:07,-33,13-Dec-05 00:08,0,13-Dec-05 00:01,0,
16-Dec-2009,12,2009,350,0,-34.51,-34.12,-29.46,14-Dec-05 02:56,-29.22,14-Dec-05 02:57,-39.54,14-Dec-05 16:29,-38.64,14-Dec-05 16:29,0,14-Dec-05 00:01,0,
17-Dec-2009,12,2009,351,0.06,-34.82,-34.7,-32.94,15-Dec-05 04:51,-32.88,15-Dec-05 05:05,-38.65,15-Dec-05 21:21,-38.19,15-Dec-05 21:22,0,15-Dec-05 00:01,0,
18-Dec-2009,12,2009,352,0,-33.29,-33.27,-30.48,16-Dec-05 14:28,-30.55,16-Dec-05 14:35,-36.52,16-Dec-05 00:01,-36.35,16-Dec-05 00:21,0,16-Dec-05 00:01,0,
19-Dec-2009,12,2009,353,0,-29.99,-30.05,-27.99,17-Dec-05 16:53,-28.14,17-Dec-05 17:09,-32.11,17-Dec-05 00:04,-31.97,17-Dec-05 00:02,0,17-Dec-05 00:01,0,
20-Dec-2009,12,2009,354,1.15,-21.91,-21.58,-11.22,18-Dec-05 23:43,-10.78,18-Dec-05 23:43,-30.96,18-Dec-05 16:44,-30.39,18-Dec-05 16:43,8.78,18-Dec-05 23:55,1.17,
21-Dec-2009,12,2009,355,1.19,-9,-8.5,-6.331,19-Dec-05 17:48,-5.913,19-Dec-05 17:48,-12.11,19-Dec-05 00:03,-11.62,19-Dec-05 00:04,10.81,19-Dec-05 17:09,5.96,
22-Dec-2009,12,2009,356,0.19,-4.113,-3.633,1.195,20-Dec-05 23:47,1.579,20-Dec-05 23:48,-7.551,20-Dec-05 00:11,-6.928,20-Dec-05 00:11,13.87,20-Dec-05 20:14,7.167,
23-Dec-2009,12,2009,357,0,-4.784,-4.255,0.785,21-Dec-05 00:05,0.879,21-Dec-05 00:06,-11.84,21-Dec-05 23:32,-11.2,21-Dec-05 23:20,11.43,21-Dec-05 02:21,6.086,
24-Dec-2009,12,2009,358,0,-11.16,-10.6,-8.62,22-Dec-05 02:31,-8.22,22-Dec-05 02:31,-15.07,22-Dec-05 23:05,-14.42,22-Dec-05 23:06,5.674,22-Dec-05 09:53,3.586,
25-Dec-2009,12,2009,359,0,-18.1,-17.45,-13.32,23-Dec-05 01:54,-12.84,23-Dec-05 01:55,-23.86,23-Dec-05 23:47,-23.25,23-Dec-05 23:48,4.767,23-Dec-05 09:36,2.632,
26-Dec-2009,12,2009,360,0,-23.43,-22.69,-17.48,24-Dec-05 16:38,-16.87,24-Dec-05 16:38,-32.03,25-Dec-05 00:00,-31.62,25-Dec-05 00:00,7.94,24-Dec-05 16:38,1.963,
27-Dec-2009,12,2009,361,0.12,-27.39,-26.94,-10.77,25-Dec-05 22:05,-10.36,25-Dec-05 22:05,-35.66,25-Dec-05 07:32,-35.24,25-Dec-05 07:32,11.11,25-Dec-05 21:39,2.929,
28-Dec-2009,12,2009,362,0.03,-14.77,-14.03,-9.4,26-Dec-05 03:12,-9.05,26-Dec-05 04:55,-18.23,26-Dec-05 12:58,-17.58,26-Dec-05 10:28,10.98,26-Dec-05 02:25,2.664,
29-Dec-2009,12,2009,363,0,-12.97,-12.24,-10.77,27-Dec-05 13:19,-10.25,27-Dec-05 07:20,-16.68,27-Dec-05 02:30,-15.99,27-Dec-05 02:31,5.034,27-Dec-05 16:27,2.848,
30-Dec-2009,12,2009,364,0,-11.13,-10.55,-3.989,28-Dec-05 17:21,-3.509,28-Dec-05 17:22,-16.01,28-Dec-05 08:39,-15.31,28-Dec-05 10:04,12.05,28-Dec-05 22:00,4.939,
31-Dec-2009,12,2009,365,0.2,-10.94,-10.46,-5.247,29-Dec-05 00:31,-4.848,29-Dec-05 00:31,-19.58,29-Dec-05 23:21,-19.23,29-Dec-05 23:25,12.15,29-Dec-05 03:03,5.474,
