datetime,Volume,FlowIn,FlowOut,Rain,HypoTemp,EpiTemp,TP,Chla,SW_DOC,Secchi
6/17/2005 0:00,10566000,0.11,0.11,0,4.39,10.66,1.943997049,1.7,6.0894249,2.9
6/18/2005 0:00,10566000,0.08,0.08,0,,,,,,
6/19/2005 0:00,10566000,0.06,0.06,0,,,,,,
6/20/2005 0:00,10566000,0.06,0.06,0,,,,,,
6/21/2005 0:00,10566000,0.05,0.05,0,,,,,,
6/22/2005 0:00,10566000,0.04,0.04,0,,,,,,
6/23/2005 0:00,10566000,0.04,0.04,0,,,,,,
6/24/2005 0:00,10566000,0.04,0.04,0,4.55,10.91,1.114408818,1.69,3.5791886,4.1
6/25/2005 0:00,10566000,0.03,0.03,0,,,,,,
6/26/2005 0:00,10566000,0.03,0.03,0,,,,,,
6/27/2005 0:00,10566000,0.03,0.03,0,,,,,,
6/28/2005 0:00,10566000,0.03,0.03,0,,,,,,
6/29/2005 0:00,10566000,0.02,0.02,1.778,,,,,,
6/30/2005 0:00,10566000,0.03,0.03,6.096,,,,,,
7/1/2005 0:00,10566000,0.03,0.03,0.762,4.84,15.2,1.199704501,1.14,3.0867499,5.6
7/2/2005 0:00,10566000,0.02,0.02,2.032,,,,,,
7/3/2005 0:00,10566000,0.03,0.03,0.254,,,,,,
7/4/2005 0:00,10566000,0.03,0.03,0,,,,,,
7/5/2005 0:00,10566000,0.03,0.03,7.112,,,,,,
7/6/2005 0:00,10566000,0.12,0.12,14.986,,,,,,
7/7/2005 0:00,10566000,0.78,0.78,0.254,,,,,,
7/8/2005 0:00,10566000,0.66,0.66,4.826,4.93,11.08,1.038568451,2.49,4.7442265,4.6
7/9/2005 0:00,10566000,0.83,0.83,0,,,,,,
7/10/2005 0:00,10566000,1.02,1.02,0.254,,,,,,
7/11/2005 0:00,10566000,1.58,1.58,0.254,,,,,,
7/12/2005 0:00,10566000,2.51,2.51,0.762,,,,,,
7/13/2005 0:00,10566000,3.04,3.04,0,,,,,,
7/14/2005 0:00,10566000,2.09,2.09,0,,,,,,
7/15/2005 0:00,10566000,1.37,1.37,0,5.11,12.45,1.45256781,0.95,6.1494784,6.73
7/16/2005 0:00,10566000,0.96,0.96,0,,,,,,
7/17/2005 0:00,10566000,0.74,0.74,0.508,,,,,,
7/18/2005 0:00,10566000,0.61,0.61,0,,,,,,
7/19/2005 0:00,10566000,0.52,0.52,0,,,,,,
7/20/2005 0:00,10566000,0.42,0.42,0,,,,,,
7/21/2005 0:00,10566000,0.33,0.33,0,,,,,,
7/22/2005 0:00,10566000,0.27,0.27,0,5.31,12.82,1.041604084,0.89,5.1886224,5.4
7/23/2005 0:00,10566000,0.21,0.21,0,,,,,,
7/24/2005 0:00,10566000,0.17,0.17,0,,,,,,
7/25/2005 0:00,10566000,0.14,0.14,0,,,,,,
7/26/2005 0:00,10566000,0.12,0.12,0,,,,,,
7/27/2005 0:00,10566000,0.11,0.11,0,,,,,,
7/28/2005 0:00,10566000,0.09,0.09,0,,,,,,
7/29/2005 0:00,10566000,0.08,0.08,0,5.54,14.07,1.422866107,1.14,4.3959162,4.9
7/30/2005 0:00,10566000,0.07,0.07,0,,,,,,
7/31/2005 0:00,10566000,0.07,0.07,0,,,,,,
8/1/2005 0:00,10566000,0.06,0.06,0,,,,,,
8/2/2005 0:00,10566000,0.05,0.05,0,,,,,,
8/3/2005 0:00,10566000,0.05,0.05,0,,,,,,
8/4/2005 0:00,10566000,0.05,0.05,0,,,,,,
8/5/2005 0:00,10566000,0.05,0.05,0,5.49,13.33,1.317007696,1.42,4.0115738,4.6
8/6/2005 0:00,10566000,0.04,0.04,0,,,,,,
8/7/2005 0:00,10566000,0.04,0.04,0,,,,,,
8/8/2005 0:00,10566000,0.04,0.04,0,,,,,,
8/9/2005 0:00,10566000,0.04,0.04,0,,,,,,
8/10/2005 0:00,10566000,0.03,0.03,0,,,,,,
8/11/2005 0:00,10566000,0.03,0.03,0,,,,,,
8/12/2005 0:00,10566000,0.03,0.03,0,5.61,14.29,1.469604261,1.63,3.7473384,6.1
8/13/2005 0:00,10566000,0.03,0.03,0,,,,,,
8/14/2005 0:00,10566000,0.03,0.03,0,,,,,,
8/15/2005 0:00,10566000,0.02,0.02,0,,,,,,
8/16/2005 0:00,10566000,0.02,0.02,0,,,,,,
8/17/2005 0:00,10566000,0.02,0.02,0,,,,,,
8/18/2005 0:00,10566000,0.03,0.03,0,5.72,13.2,1.657728821,0.92,3.4590816,5.8
8/19/2005 0:00,10566000,0.03,0.03,0,,,,,,
8/20/2005 0:00,10566000,0.03,0.03,0,,,,,,
8/21/2005 0:00,10566000,0.03,0.03,0.254,,,,,,
8/22/2005 0:00,10566000,0.03,0.03,0,5.68,12.39,1.590383087,1.16,3.5071244,5.2
8/23/2005 0:00,10566000,0.02,0.02,0,,,,,,
8/24/2005 0:00,10566000,0.02,0.02,0.762,,,,,,
8/25/2005 0:00,10566000,0.02,0.02,0,,,,,,
8/26/2005 0:00,10566000,0.03,0.03,3.302,,,,,,
8/27/2005 0:00,10566000,0.04,0.04,4.826,,,,,,
8/28/2005 0:00,10566000,0.04,0.04,0,5.72,11.95,,,,
8/29/2005 0:00,10566000,0.03,0.03,,,,,,,
8/30/2005 0:00,10566000,,,,,,,,,
8/31/2005 0:00,10566000,,,,,,,,,
9/1/2005 0:00,10566000,,,,,,,,,
9/2/2005 0:00,10566000,,,,,,,,,
9/3/2005 0:00,10566000,,,,,,,,,
9/4/2005 0:00,10566000,,,,,,,,,
9/5/2005 0:00,10566000,,,,,,,,,
9/6/2005 0:00,10566000,,,,,,,,,
9/7/2005 0:00,10566000,,,,,,,,,
9/8/2005 0:00,10566000,,,,,,,,,
9/9/2005 0:00,10566000,,,,,,,,,
9/10/2005 0:00,10566000,,,,,,,,,
9/11/2005 0:00,10566000,,,,,,,,,
9/12/2005 0:00,10566000,,,,,,,,,
9/13/2005 0:00,10566000,,,,,,,,,
9/14/2005 0:00,10566000,,,,,,,,,
9/15/2005 0:00,10566000,,,,,,,,,
9/16/2005 0:00,10566000,,,,,,,,,
9/17/2005 0:00,10566000,,,,,,,,,
9/18/2005 0:00,10566000,,,,,,,,,
9/19/2005 0:00,10566000,,,,,,,,,
9/20/2005 0:00,10566000,,,,,,,,,
9/21/2005 0:00,10566000,,,,,,,,,
9/22/2005 0:00,10566000,,,,,,,,,
9/23/2005 0:00,10566000,,,,,,,,,
9/24/2005 0:00,10566000,,,,,,,,,
9/25/2005 0:00,10566000,,,,,,,,,
9/26/2005 0:00,10566000,,,,,,,,,
9/27/2005 0:00,10566000,,,,,,,,,
9/28/2005 0:00,10566000,,,,,,,,,
9/29/2005 0:00,10566000,,,,,,,,,
9/30/2005 0:00,10566000,,,,,,,,,
10/1/2005 0:00,10566000,,,,,,,,,
10/2/2005 0:00,10566000,,,,,,,,,
10/3/2005 0:00,10566000,,,,,,,,,
10/4/2005 0:00,10566000,,,,,,,,,
10/5/2005 0:00,10566000,,,,,,,,,
10/6/2005 0:00,10566000,,,,,,,,,
10/7/2005 0:00,10566000,,,,,,,,,
10/8/2005 0:00,10566000,,,,,,,,,
10/9/2005 0:00,10566000,,,,,,,,,
10/10/2005 0:00,10566000,,,,,,,,,
10/11/2005 0:00,10566000,,,,,,,,,
10/12/2005 0:00,10566000,,,,,,,,,
10/13/2005 0:00,10566000,,,,,,,,,
10/14/2005 0:00,10566000,,,,,,,,,
10/15/2005 0:00,10566000,,,,,,,,,
10/16/2005 0:00,10566000,,,,,,,,,
10/17/2005 0:00,10566000,,,,,,,,,
10/18/2005 0:00,10566000,,,,,,,,,
10/19/2005 0:00,10566000,,,,,,,,,
10/20/2005 0:00,10566000,,,,,,,,,
10/21/2005 0:00,10566000,,,,,,,,,
10/22/2005 0:00,10566000,,,,,,,,,
10/23/2005 0:00,10566000,,,,,,,,,
10/24/2005 0:00,10566000,,,,,,,,,
10/25/2005 0:00,10566000,,,,,,,,,
10/26/2005 0:00,10566000,,,,,,,,,
10/27/2005 0:00,10566000,,,,,,,,,
10/28/2005 0:00,10566000,,,,,,,,,
10/29/2005 0:00,10566000,,,,,,,,,
10/30/2005 0:00,10566000,,,,,,,,,
10/31/2005 0:00,10566000,,,,,,,,,
11/1/2005 0:00,10566000,,,,,,,,,
11/2/2005 0:00,10566000,,,,,,,,,
11/3/2005 0:00,10566000,,,,,,,,,
11/4/2005 0:00,10566000,,,,,,,,,
11/5/2005 0:00,10566000,,,,,,,,,
11/6/2005 0:00,10566000,,,,,,,,,
11/7/2005 0:00,10566000,,,,,,,,,
11/8/2005 0:00,10566000,,,,,,,,,
11/9/2005 0:00,10566000,,,,,,,,,
11/10/2005 0:00,10566000,,,,,,,,,
11/11/2005 0:00,10566000,,,,,,,,,
11/12/2005 0:00,10566000,,,,,,,,,
11/13/2005 0:00,10566000,,,,,,,,,
11/14/2005 0:00,10566000,,,,,,,,,
11/15/2005 0:00,10566000,,,,,,,,,
11/16/2005 0:00,10566000,,,,,,,,,
11/17/2005 0:00,10566000,,,,,,,,,
11/18/2005 0:00,10566000,,,,,,,,,
11/19/2005 0:00,10566000,,,,,,,,,
11/20/2005 0:00,10566000,,,,,,,,,
11/21/2005 0:00,10566000,,,,,,,,,
11/22/2005 0:00,10566000,,,,,,,,,
11/23/2005 0:00,10566000,,,,,,,,,
11/24/2005 0:00,10566000,,,,,,,,,
11/25/2005 0:00,10566000,,,,,,,,,
11/26/2005 0:00,10566000,,,,,,,,,
11/27/2005 0:00,10566000,,,,,,,,,
11/28/2005 0:00,10566000,,,,,,,,,
11/29/2005 0:00,10566000,,,,,,,,,
11/30/2005 0:00,10566000,,,,,,,,,
12/1/2005 0:00,10566000,,,,,,,,,
12/2/2005 0:00,10566000,,,,,,,,,
12/3/2005 0:00,10566000,,,,,,,,,
12/4/2005 0:00,10566000,,,,,,,,,
12/5/2005 0:00,10566000,,,,,,,,,
12/6/2005 0:00,10566000,,,,,,,,,
12/7/2005 0:00,10566000,,,,,,,,,
12/8/2005 0:00,10566000,,,,,,,,,
12/9/2005 0:00,10566000,,,,,,,,,
12/10/2005 0:00,10566000,,,,,,,,,
12/11/2005 0:00,10566000,,,,,,,,,
12/12/2005 0:00,10566000,,,,,,,,,
12/13/2005 0:00,10566000,,,,,,,,,
12/14/2005 0:00,10566000,,,,,,,,,
12/15/2005 0:00,10566000,,,,,,,,,
12/16/2005 0:00,10566000,,,,,,,,,
12/17/2005 0:00,10566000,,,,,,,,,
12/18/2005 0:00,10566000,,,,,,,,,
12/19/2005 0:00,10566000,,,,,,,,,
12/20/2005 0:00,10566000,,,,,,,,,
12/21/2005 0:00,10566000,,,,,,,,,
12/22/2005 0:00,10566000,,,,,,,,,
12/23/2005 0:00,10566000,,,,,,,,,
12/24/2005 0:00,10566000,,,,,,,,,
12/25/2005 0:00,10566000,,,,,,,,,
12/26/2005 0:00,10566000,,,,,,,,,
12/27/2005 0:00,10566000,,,,,,,,,
12/28/2005 0:00,10566000,,,,,,,,,
12/29/2005 0:00,10566000,,,,,,,,,
12/30/2005 0:00,10566000,,,,,,,,,
12/31/2005 0:00,10566000,,,,,,,,,
1/1/2006 0:00,10566000,,,,,,,,,
1/2/2006 0:00,10566000,,,,,,,,,
1/3/2006 0:00,10566000,,,,,,,,,
1/4/2006 0:00,10566000,,,,,,,,,
1/5/2006 0:00,10566000,,,,,,,,,
1/6/2006 0:00,10566000,,,,,,,,,
1/7/2006 0:00,10566000,,,,,,,,,
1/8/2006 0:00,10566000,,,,,,,,,
1/9/2006 0:00,10566000,,,,,,,,,
1/10/2006 0:00,10566000,,,,,,,,,
1/11/2006 0:00,10566000,,,,,,,,,
1/12/2006 0:00,10566000,,,,,,,,,
1/13/2006 0:00,10566000,,,,,,,,,
1/14/2006 0:00,10566000,,,,,,,,,
1/15/2006 0:00,10566000,,,,,,,,,
1/16/2006 0:00,10566000,,,,,,,,,
1/17/2006 0:00,10566000,,,,,,,,,
1/18/2006 0:00,10566000,,,,,,,,,
1/19/2006 0:00,10566000,,,,,,,,,
1/20/2006 0:00,10566000,,,,,,,,,
1/21/2006 0:00,10566000,,,,,,,,,
1/22/2006 0:00,10566000,,,,,,,,,
1/23/2006 0:00,10566000,,,,,,,,,
1/24/2006 0:00,10566000,,,,,,,,,
1/25/2006 0:00,10566000,,,,,,,,,
1/26/2006 0:00,10566000,,,,,,,,,
1/27/2006 0:00,10566000,,,,,,,,,
1/28/2006 0:00,10566000,,,,,,,,,
1/29/2006 0:00,10566000,,,,,,,,,
1/30/2006 0:00,10566000,,,,,,,,,
1/31/2006 0:00,10566000,,,,,,,,,
2/1/2006 0:00,10566000,,,,,,,,,
2/2/2006 0:00,10566000,,,,,,,,,
2/3/2006 0:00,10566000,,,,,,,,,
2/4/2006 0:00,10566000,,,,,,,,,
2/5/2006 0:00,10566000,,,,,,,,,
2/6/2006 0:00,10566000,,,,,,,,,
2/7/2006 0:00,10566000,,,,,,,,,
2/8/2006 0:00,10566000,,,,,,,,,
2/9/2006 0:00,10566000,,,,,,,,,
2/10/2006 0:00,10566000,,,,,,,,,
2/11/2006 0:00,10566000,,,,,,,,,
2/12/2006 0:00,10566000,,,,,,,,,
2/13/2006 0:00,10566000,,,,,,,,,
2/14/2006 0:00,10566000,,,,,,,,,
2/15/2006 0:00,10566000,,,,,,,,,
2/16/2006 0:00,10566000,,,,,,,,,
2/17/2006 0:00,10566000,,,,,,,,,
2/18/2006 0:00,10566000,,,,,,,,,
2/19/2006 0:00,10566000,,,,,,,,,
2/20/2006 0:00,10566000,,,,,,,,,
2/21/2006 0:00,10566000,,,,,,,,,
2/22/2006 0:00,10566000,,,,,,,,,
2/23/2006 0:00,10566000,,,,,,,,,
2/24/2006 0:00,10566000,,,,,,,,,
2/25/2006 0:00,10566000,,,,,,,,,
2/26/2006 0:00,10566000,,,,,,,,,
2/27/2006 0:00,10566000,,,,,,,,,
2/28/2006 0:00,10566000,,,,,,,,,
3/1/2006 0:00,10566000,,,,,,,,,
3/2/2006 0:00,10566000,,,,,,,,,
3/3/2006 0:00,10566000,,,,,,,,,
3/4/2006 0:00,10566000,,,,,,,,,
3/5/2006 0:00,10566000,,,,,,,,,
3/6/2006 0:00,10566000,,,,,,,,,
3/7/2006 0:00,10566000,,,,,,,,,
3/8/2006 0:00,10566000,,,,,,,,,
3/9/2006 0:00,10566000,,,,,,,,,
3/10/2006 0:00,10566000,,,,,,,,,
3/11/2006 0:00,10566000,,,,,,,,,
3/12/2006 0:00,10566000,,,,,,,,,
3/13/2006 0:00,10566000,,,,,,,,,
3/14/2006 0:00,10566000,,,,,,,,,
3/15/2006 0:00,10566000,,,,,,,,,
3/16/2006 0:00,10566000,,,,,,,,,
3/17/2006 0:00,10566000,,,,,,,,,
3/18/2006 0:00,10566000,,,,,,,,,
3/19/2006 0:00,10566000,,,,,,,,,
3/20/2006 0:00,10566000,,,,,,,,,
3/21/2006 0:00,10566000,,,,,,,,,
3/22/2006 0:00,10566000,,,,,,,,,
3/23/2006 0:00,10566000,,,,,,,,,
3/24/2006 0:00,10566000,,,,,,,,,
3/25/2006 0:00,10566000,,,,,,,,,
3/26/2006 0:00,10566000,,,,,,,,,
3/27/2006 0:00,10566000,,,,,,,,,
3/28/2006 0:00,10566000,,,,,,,,,
3/29/2006 0:00,10566000,,,,,,,,,
3/30/2006 0:00,10566000,,,,,,,,,
3/31/2006 0:00,10566000,,,,,,,,,
4/1/2006 0:00,10566000,,,,,,,,,
4/2/2006 0:00,10566000,,,,,,,,,
4/3/2006 0:00,10566000,,,,,,,,,
4/4/2006 0:00,10566000,,,,,,,,,
4/5/2006 0:00,10566000,,,,,,,,,
4/6/2006 0:00,10566000,,,,,,,,,
4/7/2006 0:00,10566000,,,,,,,,,
4/8/2006 0:00,10566000,,,,,,,,,
4/9/2006 0:00,10566000,,,,,,,,,
4/10/2006 0:00,10566000,,,,,,,,,
4/11/2006 0:00,10566000,,,,,,,,,
4/12/2006 0:00,10566000,,,,,,,,,
4/13/2006 0:00,10566000,,,,,,,,,
4/14/2006 0:00,10566000,,,,,,,,,
4/15/2006 0:00,10566000,,,,,,,,,
4/16/2006 0:00,10566000,,,,,,,,,
4/17/2006 0:00,10566000,,,,,,,,,
4/18/2006 0:00,10566000,,,,,,,,,
4/19/2006 0:00,10566000,,,,,,,,,
4/20/2006 0:00,10566000,,,0,,,,,,
4/21/2006 0:00,10566000,,,0,,,,,,
4/22/2006 0:00,10566000,,,0,,,,,,
4/23/2006 0:00,10566000,,,1.27,,,,,,
4/24/2006 0:00,10566000,,,0,,,,,,
4/25/2006 0:00,10566000,,,0,,,,,,
4/26/2006 0:00,10566000,,,0,,,,,,
4/27/2006 0:00,10566000,,,0,,,,,,
4/28/2006 0:00,10566000,,,0,,,,,,
4/29/2006 0:00,10566000,,,0.762,,,,,,
4/30/2006 0:00,10566000,,,0.762,,,,,,
5/1/2006 0:00,10566000,,,0,,,,,,
5/2/2006 0:00,10566000,,,2.54,,,,,,
5/3/2006 0:00,10566000,,,0,,,,,,
5/4/2006 0:00,10566000,,,0,,,,,,
5/5/2006 0:00,10566000,,,0,,,,,,
5/6/2006 0:00,10566000,,,0,,,,,,
5/7/2006 0:00,10566000,,,0,,,,,,
5/8/2006 0:00,10566000,,,0,,,,,,
5/9/2006 0:00,10566000,,,1.016,,,,,,
5/10/2006 0:00,10566000,,,0,,,,,,
5/11/2006 0:00,10566000,,,0,,,,,,
5/12/2006 0:00,10566000,,,0,,,,,,
5/13/2006 0:00,10566000,,,0,,,,,,
5/14/2006 0:00,10566000,,,0,,,,,,
5/15/2006 0:00,10566000,,,0,,,,,,
5/16/2006 0:00,10566000,,,0,,,,,,
5/17/2006 0:00,10566000,,,0,,,,,,
5/18/2006 0:00,10566000,,,0,,,,,,
5/19/2006 0:00,10566000,,,0,,,,,,
5/20/2006 0:00,10566000,,,0,,,,,,
5/21/2006 0:00,10566000,,,0,,,,,,
5/22/2006 0:00,10566000,,,4.318,,,,,,
5/23/2006 0:00,10566000,,,0,,,,,,
5/24/2006 0:00,10566000,,,0.762,,,,,,
5/25/2006 0:00,10566000,,,0,,,,,,
5/26/2006 0:00,10566000,,,9.91,,,,,,
5/27/2006 0:00,10566000,,,6.858,,,,,,
5/28/2006 0:00,10566000,,,0,,,,,,
5/29/2006 0:00,10566000,,,0,,,,,,
5/30/2006 0:00,10566000,,,3.302,,,,,,
5/31/2006 0:00,10566000,,,0,,,,,,
6/1/2006 0:00,10566000,,,0.762,,,,,,
6/2/2006 0:00,10566000,,,0,,,,,,
6/3/2006 0:00,10566000,,,4.318,,,,,,
6/4/2006 0:00,10566000,,,5.08,,,,,,
6/5/2006 0:00,10566000,,,0.762,,,,,,
6/6/2006 0:00,10566000,,,0,,,,,,
6/7/2006 0:00,10566000,,,0,,,,,,
6/8/2006 0:00,10566000,0.925,0.92,0,,,,,,
6/9/2006 0:00,10566000,0.842,0.84,0,,,,,,
6/10/2006 0:00,10566000,0.705,0.70,0,,,,,,
6/11/2006 0:00,10566000,0.580,0.58,0,,,,,,
6/12/2006 0:00,10566000,0.463,0.46,0,,,,,,
6/13/2006 0:00,10566000,0.395,0.39,2.54,,,,,,
6/14/2006 0:00,10566000,0.407,0.41,15.748,,,,,,
6/15/2006 0:00,10566000,2.125,2.12,0.508,,,,,,
6/16/2006 0:00,10566000,2.105,2.11,0.762,,,,,,
6/17/2006 0:00,10566000,1.376,1.38,0.508,,,,,,
6/18/2006 0:00,10566000,1.039,1.04,1.016,,,,,,
6/19/2006 0:00,10566000,0.984,0.98,3.302,,,,,,
6/20/2006 0:00,10566000,1.109,1.11,5.588,,,,,,
6/21/2006 0:00,10566000,1.111,1.11,1.524,,,,,,
6/22/2006 0:00,10566000,0.901,0.90,0.508,,,,,,
6/23/2006 0:00,10566000,0.837,0.84,4.064,3.33,7.6,,1.27,7.3025056,4.2
6/24/2006 0:00,10566000,1.306,1.31,0.254,,,,,,
6/25/2006 0:00,10566000,1.240,1.24,0,,,,,,
6/26/2006 0:00,10566000,0.917,0.92,3.556,,,,,,
6/27/2006 0:00,10566000,1.348,1.35,0.254,,,,,,
6/28/2006 0:00,10566000,1.134,1.13,1.016,,,,,,
6/29/2006 0:00,10566000,0.829,0.83,0.254,,,,,,
6/30/2006 0:00,10566000,0.662,0.66,8.382,3.98,10.9,,2.03,7.0823,4
7/1/2006 0:00,10566000,0.771,0.77,8.89,,,,,,
7/2/2006 0:00,10566000,1.437,1.44,6.604,,,,,,
7/3/2006 0:00,10566000,1.421,1.42,0,,,,,,
7/4/2006 0:00,10566000,0.932,0.93,2.286,,,,,,
7/5/2006 0:00,10566000,0.778,0.78,1.524,,,,,,
7/6/2006 0:00,10566000,0.693,0.69,0,,,,,,
7/7/2006 0:00,10566000,0.548,0.55,0,5.6,11.01,,0.8,6.8340883,3.8
7/8/2006 0:00,10566000,0.434,0.43,0,,,,,,
7/9/2006 0:00,10566000,0.314,0.31,0,,,,,,
7/10/2006 0:00,10566000,0.280,0.28,2.54,,,,,,
7/11/2006 0:00,10566000,0.397,0.40,3.556,,,,,,
7/12/2006 0:00,10566000,0.521,0.52,4.318,,,,,,
7/13/2006 0:00,10566000,0.513,0.51,0,,,,,,
7/14/2006 0:00,10566000,0.396,0.40,1.016,4.47,12.91,,0.47,6.245564,3.75
7/15/2006 0:00,10566000,0.275,0.27,0,,,,,,
7/16/2006 0:00,10566000,0.223,0.22,4.318,,,,,,
7/17/2006 0:00,10566000,0.225,0.23,1.524,,,,,,
7/18/2006 0:00,10566000,0.211,0.21,0,,,,,,
7/19/2006 0:00,10566000,0.199,0.20,11.43,,,,,,
7/20/2006 0:00,10566000,0.385,0.39,2.794,,,,,,
7/21/2006 0:00,10566000,0.758,0.76,10.922,4.81,12.11,,0.57,6.1734998,
7/22/2006 0:00,10566000,1.398,1.40,3.81,,,,,,
7/23/2006 0:00,10566000,2.060,2.06,13.208,,,,,,
7/24/2006 0:00,10566000,2.895,2.90,0,,,,,,
7/25/2006 0:00,10566000,1.670,1.67,0.508,,,,,,
7/26/2006 0:00,10566000,1.143,1.14,0.762,,,,,,
7/27/2006 0:00,10566000,0.898,0.90,0.762,,,,,,
7/28/2006 0:00,10566000,0.804,0.80,0,4.99,13.88,,0.57,6.5097994,
7/29/2006 0:00,10566000,0.635,0.64,2.286,,,,,,
7/30/2006 0:00,10566000,0.515,0.52,0,,,,,,
7/31/2006 0:00,10566000,0.445,0.45,2.032,,,,,,
8/1/2006 0:00,10566000,0.391,0.39,0.254,,,,,,
8/2/2006 0:00,10566000,0.307,0.31,0.254,,,,,,
8/3/2006 0:00,10566000,0.289,0.29,4.572,,,,,,
8/4/2006 0:00,10566000,0.340,0.34,0.762,5.16,13.51,,0.59,5.8732323,4.3
8/5/2006 0:00,10566000,0.310,0.31,7.878,,,,,,
8/6/2006 0:00,10566000,0.303,0.30,0.762,,,,,,
8/7/2006 0:00,10566000,0.373,0.37,9.144,,,,,,
8/8/2006 0:00,10566000,0.760,0.76,4.318,5.25,12.86,,3.32,6.5458315,4.4
8/9/2006 0:00,10566000,1.229,1.23,0,,,,,,
8/10/2006 0:00,10566000,0.891,0.89,0.254,,,,,,
8/11/2006 0:00,10566000,0.688,0.69,1.778,,,,,,
8/12/2006 0:00,10566000,0.642,0.64,2.286,,,,,,
8/13/2006 0:00,10566000,0.726,0.73,0.254,,,,,,
8/14/2006 0:00,10566000,0.698,0.70,0.762,,,,,,
8/15/2006 0:00,10566000,0.744,0.74,6.858,,,,,,
8/16/2006 0:00,10566000,1.068,1.07,5.842,,,,,,
8/17/2006 0:00,10566000,1.273,1.27,0.762,,,,,,
8/18/2006 0:00,10566000,1.061,1.06,0.508,5.21,10.57,,,9.9088275,3.8
8/19/2006 0:00,10566000,0.956,0.96,5.588,,,,,,
8/20/2006 0:00,10566000,1.027,1.03,0.37,,,,,,
8/21/2006 0:00,10566000,1.132,1.13,4.07,,,,,,
8/22/2006 0:00,10566000,1.093,1.09,0,,,,,,
8/23/2006 0:00,10566000,0.935,0.93,4.78,,,,,,
8/24/2006 0:00,10566000,1.135,1.14,1.48,,,,,,
8/25/2006 0:00,10566000,0.997,1.00,0,5.16,8.77,,,,3.8
8/26/2006 0:00,10566000,,,0,,,,,,
8/27/2006 0:00,10566000,,,0,,,,,,
8/28/2006 0:00,10566000,,,0,5.19,8.29,,,,
8/29/2006 0:00,10566000,,,0.26,,,,,,
8/30/2006 0:00,10566000,,,0.51,5.21,8.04,,,,4.3
8/31/2006 0:00,10566000,,,0,,,,,,
9/1/2006 0:00,10566000,,,0,,,,,,
9/2/2006 0:00,10566000,,,0,,,,,,
9/3/2006 0:00,10566000,,,0,,,,,,
9/4/2006 0:00,10566000,,,0,,,,,,
9/5/2006 0:00,10566000,,,0,,,,,,
9/6/2006 0:00,10566000,,,0,,,,,,
9/7/2006 0:00,10566000,,,0,,,,,,
9/8/2006 0:00,10566000,,,0,,,,,,
9/9/2006 0:00,10566000,,,0,,,,,,
9/10/2006 0:00,10566000,,,0.83,,,,,,
9/11/2006 0:00,10566000,,,0.03,,,,,,
9/12/2006 0:00,10566000,,,0,,,,,,
9/13/2006 0:00,10566000,,,0,,,,,,
9/14/2006 0:00,10566000,,,0.06,,,,,,
9/15/2006 0:00,10566000,,,0.06,,,,,,
9/16/2006 0:00,10566000,,,14.67,,,,,,
9/17/2006 0:00,10566000,,,1.87,,,,,,
9/18/2006 0:00,10566000,,,0,,,,,,
9/19/2006 0:00,10566000,,,0,,,,,,
9/20/2006 0:00,10566000,,,1.74,,,,,,
9/21/2006 0:00,10566000,,,0.32,,,,,,
9/22/2006 0:00,10566000,,,0.79,,,,,,
9/23/2006 0:00,10566000,,,6,,,,,,
9/24/2006 0:00,10566000,,,0.93,,,,,,
9/25/2006 0:00,10566000,,,0,,,,,,
9/26/2006 0:00,10566000,,,0,,,,,,
9/27/2006 0:00,10566000,,,0,,,,,,
9/28/2006 0:00,10566000,,,0,,,,,,
9/29/2006 0:00,10566000,,,3.97,,,,,,
9/30/2006 0:00,10566000,,,0,,,,,,
10/1/2006 0:00,10566000,,,0.06,,,,,,
10/2/2006 0:00,10566000,,,0.24,,,,,,
10/3/2006 0:00,10566000,,,0,,,,,,
10/4/2006 0:00,10566000,,,2.91,,,,,,
10/5/2006 0:00,10566000,,,0,,,,,,
10/6/2006 0:00,10566000,,,0,,,,,,
10/7/2006 0:00,10566000,,,0.12,,,,,,
10/8/2006 0:00,10566000,,,0.03,,,,,,
10/9/2006 0:00,10566000,,,0.67,,,,,,
10/10/2006 0:00,10566000,,,4.95,,,,,,
10/11/2006 0:00,10566000,,,0.18,,,,,,
10/12/2006 0:00,10566000,,,1.46,,,,,,
10/13/2006 0:00,10566000,,,0,,,,,,
10/14/2006 0:00,10566000,,,0,,,,,,
10/15/2006 0:00,10566000,,,0,,,,,,
10/16/2006 0:00,10566000,,,0,,,,,,
10/17/2006 0:00,10566000,,,0,,,,,,
10/18/2006 0:00,10566000,,,0,,,,,,
10/19/2006 0:00,10566000,,,0,,,,,,
10/20/2006 0:00,10566000,,,0,,,,,,
10/21/2006 0:00,10566000,,,0,,,,,,
10/22/2006 0:00,10566000,,,3.91,,,,,,
10/23/2006 0:00,10566000,,,1.87,,,,,,
10/24/2006 0:00,10566000,,,1.41,,,,,,
10/25/2006 0:00,10566000,,,0.27,,,,,,
10/26/2006 0:00,10566000,,,0.03,,,,,,
10/27/2006 0:00,10566000,,,0.03,,,,,,
10/28/2006 0:00,10566000,,,0.09,,,,,,
10/29/2006 0:00,10566000,,,0.48,,,,,,
10/30/2006 0:00,10566000,,,0,,,,,,
10/31/2006 0:00,10566000,,,0,,,,,,
11/1/2006 0:00,10566000,,,2.17,,,,,,
11/2/2006 0:00,10566000,,,2.08,,,,,,
11/3/2006 0:00,10566000,,,3.9,,,,,,
11/4/2006 0:00,10566000,,,0.4,,,,,,
11/5/2006 0:00,10566000,,,3.64,,,,,,
11/6/2006 0:00,10566000,,,7.01,,,,,,
11/7/2006 0:00,10566000,,,1.57,,,,,,
11/8/2006 0:00,10566000,,,0.03,,,,,,
11/9/2006 0:00,10566000,,,0,,,,,,
11/10/2006 0:00,10566000,,,0,,,,,,
11/11/2006 0:00,10566000,,,2.18,,,,,,
11/12/2006 0:00,10566000,,,1.63,,,,,,
11/13/2006 0:00,10566000,,,1.69,,,,,,
11/14/2006 0:00,10566000,,,3.21,,,,,,
11/15/2006 0:00,10566000,,,3.69,,,,,,
11/16/2006 0:00,10566000,,,5.09,,,,,,
11/17/2006 0:00,10566000,,,5.32,,,,,,
11/18/2006 0:00,10566000,,,4.33,,,,,,
11/19/2006 0:00,10566000,,,4.14,,,,,,
11/20/2006 0:00,10566000,,,3.43,,,,,,
11/21/2006 0:00,10566000,,,2.32,,,,,,
11/22/2006 0:00,10566000,,,0.12,,,,,,
11/23/2006 0:00,10566000,,,4.21,,,,,,
11/24/2006 0:00,10566000,,,4.18,,,,,,
11/25/2006 0:00,10566000,,,4.46,,,,,,
11/26/2006 0:00,10566000,,,2.97,,,,,,
11/27/2006 0:00,10566000,,,0.41,,,,,,
11/28/2006 0:00,10566000,,,0.18,,,,,,
11/29/2006 0:00,10566000,,,0.3,,,,,,
11/30/2006 0:00,10566000,,,0.98,,,,,,
12/1/2006 0:00,10566000,,,0.75,,,,,,
12/2/2006 0:00,10566000,,,0.21,,,,,,
12/3/2006 0:00,10566000,,,0,,,,,,
12/4/2006 0:00,10566000,,,0.03,,,,,,
12/5/2006 0:00,10566000,,,0.15,,,,,,
12/6/2006 0:00,10566000,,,0.6,,,,,,
12/7/2006 0:00,10566000,,,2.14,,,,,,
12/8/2006 0:00,10566000,,,0,,,,,,
12/9/2006 0:00,10566000,,,0.23,,,,,,
12/10/2006 0:00,10566000,,,0,,,,,,
12/11/2006 0:00,10566000,,,0,,,,,,
12/12/2006 0:00,10566000,,,0,,,,,,
12/13/2006 0:00,10566000,,,0,,,,,,
12/14/2006 0:00,10566000,,,0,,,,,,
12/15/2006 0:00,10566000,,,0,,,,,,
12/16/2006 0:00,10566000,,,0.21,,,,,,
12/17/2006 0:00,10566000,,,0,,,,,,
12/18/2006 0:00,10566000,,,0,,,,,,
12/19/2006 0:00,10566000,,,0,,,,,,
12/20/2006 0:00,10566000,,,0,,,,,,
12/21/2006 0:00,10566000,,,0.06,,,,,,
12/22/2006 0:00,10566000,,,0.03,,,,,,
12/23/2006 0:00,10566000,,,0,,,,,,
12/24/2006 0:00,10566000,,,0,,,,,,
12/25/2006 0:00,10566000,,,0.15,,,,,,
12/26/2006 0:00,10566000,,,1.33,,,,,,
12/27/2006 0:00,10566000,,,0.27,,,,,,
12/28/2006 0:00,10566000,,,0.09,,,,,,
12/29/2006 0:00,10566000,,,0.6,,,,,,
12/30/2006 0:00,10566000,,,0.4,,,,,,
12/31/2006 0:00,10566000,,,0.9,,,,,,
1/1/2007 0:00,10566000,,,0,,,,,,
1/2/2007 0:00,10566000,,,0,,,,,,
1/3/2007 0:00,10566000,,,0,,,,,,
1/4/2007 0:00,10566000,,,0.09,,,,,,
1/5/2007 0:00,10566000,,,0.66,,,,,,
1/6/2007 0:00,10566000,,,0.03,,,,,,
1/7/2007 0:00,10566000,,,0.06,,,,,,
1/8/2007 0:00,10566000,,,0,,,,,,
1/9/2007 0:00,10566000,,,0.03,,,,,,
1/10/2007 0:00,10566000,,,0.06,,,,,,
1/11/2007 0:00,10566000,,,0.86,,,,,,
1/12/2007 0:00,10566000,,,0,,,,,,
1/13/2007 0:00,10566000,,,0,,,,,,
1/14/2007 0:00,10566000,,,0,,,,,,
1/15/2007 0:00,10566000,,,0.78,,,,,,
1/16/2007 0:00,10566000,,,0.06,,,,,,
1/17/2007 0:00,10566000,,,0,,,,,,
1/18/2007 0:00,10566000,,,0.59,,,,,,
1/19/2007 0:00,10566000,,,0.3,,,,,,
1/20/2007 0:00,10566000,,,0.06,,,,,,
1/21/2007 0:00,10566000,,,0,,,,,,
1/22/2007 0:00,10566000,,,0,,,,,,
1/23/2007 0:00,10566000,,,0.18,,,,,,
1/24/2007 0:00,10566000,,,1.62,,,,,,
1/25/2007 0:00,10566000,,,0.03,,,,,,
1/26/2007 0:00,10566000,,,0.98,,,,,,
1/27/2007 0:00,10566000,,,0.42,,,,,,
1/28/2007 0:00,10566000,,,0,,,,,,
1/29/2007 0:00,10566000,,,0,,,,,,
1/30/2007 0:00,10566000,,,4.98,,,,,,
1/31/2007 0:00,10566000,,,0.82,,,,,,
2/1/2007 0:00,10566000,,,0,,,,,,
2/2/2007 0:00,10566000,,,0.06,,,,,,
2/3/2007 0:00,10566000,,,0,,,,,,
2/4/2007 0:00,10566000,,,0,,,,,,
2/5/2007 0:00,10566000,,,0,,,,,,
2/6/2007 0:00,10566000,,,0,,,,,,
2/7/2007 0:00,10566000,,,0.03,,,,,,
2/8/2007 0:00,10566000,,,0,,,,,,
2/9/2007 0:00,10566000,,,0,,,,,,
2/10/2007 0:00,10566000,,,0,,,,,,
2/11/2007 0:00,10566000,,,0.06,,,,,,
2/12/2007 0:00,10566000,,,0.06,,,,,,
2/13/2007 0:00,10566000,,,0,,,,,,
2/14/2007 0:00,10566000,,,0,,,,,,
2/15/2007 0:00,10566000,,,0,,,,,,
2/16/2007 0:00,10566000,,,0,,,,,,
2/17/2007 0:00,10566000,,,0,,,,,,
2/18/2007 0:00,10566000,,,0,,,,,,
2/19/2007 0:00,10566000,,,0,,,,,,
2/20/2007 0:00,10566000,,,0.06,,,,,,
2/21/2007 0:00,10566000,,,0,,,,,,
2/22/2007 0:00,10566000,,,0,,,,,,
2/23/2007 0:00,10566000,,,0,,,,,,
2/24/2007 0:00,10566000,,,1.04,,,,,,
2/25/2007 0:00,10566000,,,1.17,,,,,,
2/26/2007 0:00,10566000,,,0.97,,,,,,
2/27/2007 0:00,10566000,,,0.69,,,,,,
2/28/2007 0:00,10566000,,,0.3,,,,,,
3/1/2007 0:00,10566000,,,0.62,,,,,,
3/2/2007 0:00,10566000,,,1.47,,,,,,
3/3/2007 0:00,10566000,,,1.33,,,,,,
3/4/2007 0:00,10566000,,,1.14,,,,,,
3/5/2007 0:00,10566000,,,1.2,,,,,,
3/6/2007 0:00,10566000,,,0.8,,,,,,
3/7/2007 0:00,10566000,,,1.08,,,,,,
3/8/2007 0:00,10566000,,,0.18,,,,,,
3/9/2007 0:00,10566000,,,0.03,,,,,,
3/10/2007 0:00,10566000,,,0.42,,,,,,
3/11/2007 0:00,10566000,,,0.3,,,,,,
3/12/2007 0:00,10566000,,,0.54,,,,,,
3/13/2007 0:00,10566000,,,0.18,,,,,,
3/14/2007 0:00,10566000,,,0.34,,,,,,
3/15/2007 0:00,10566000,,,0.18,,,,,,
3/16/2007 0:00,10566000,,,0.8,,,,,,
3/17/2007 0:00,10566000,,,2.34,,,,,,
3/18/2007 0:00,10566000,,,1.39,,,,,,
3/19/2007 0:00,10566000,,,0.54,,,,,,
3/20/2007 0:00,10566000,,,0.72,,,,,,
3/21/2007 0:00,10566000,,,0,,,,,,
3/22/2007 0:00,10566000,,,0.06,,,,,,
3/23/2007 0:00,10566000,,,0,,,,,,
3/24/2007 0:00,10566000,,,0,,,,,,
3/25/2007 0:00,10566000,,,0.03,,,,,,
3/26/2007 0:00,10566000,,,0.06,,,,,,
3/27/2007 0:00,10566000,,,1.02,,,,,,
3/28/2007 0:00,10566000,,,0,,,,,,
3/29/2007 0:00,10566000,,,0.03,,,,,,
3/30/2007 0:00,10566000,,,0.06,,,,,,
3/31/2007 0:00,10566000,,,0,,,,,,
4/1/2007 0:00,10566000,,,0,,,,,,
4/2/2007 0:00,10566000,,,0,,,,,,
4/3/2007 0:00,10566000,,,2.23,,,,,,
4/4/2007 0:00,10566000,,,1.24,,,,,,
4/5/2007 0:00,10566000,,,0.25,,,,,,
4/6/2007 0:00,10566000,,,0,,,,,,
4/7/2007 0:00,10566000,,,3.89,,,,,,
4/8/2007 0:00,10566000,,,0.24,,,,,,
4/9/2007 0:00,10566000,,,0.8,,,,,,
4/10/2007 0:00,10566000,,,0,,,,,,
4/11/2007 0:00,10566000,,,0,,,,,,
4/12/2007 0:00,10566000,,,1.47,,,,,,
4/13/2007 0:00,10566000,,,0,,,,,,
4/14/2007 0:00,10566000,,,0,,,,,,
4/15/2007 0:00,10566000,,,0,,,,,,
4/16/2007 0:00,10566000,,,0,,,,,,
4/17/2007 0:00,10566000,,,0.03,,,,,,
4/18/2007 0:00,10566000,,,0,,,,,,
4/19/2007 0:00,10566000,,,0,,,,,,
4/20/2007 0:00,10566000,,,0,,,,,,
4/21/2007 0:00,10566000,,,0,,,,,,
4/22/2007 0:00,10566000,,,0,,,,,,
4/23/2007 0:00,10566000,,,0,,,,,,
4/24/2007 0:00,10566000,,,0,,,,,,
4/25/2007 0:00,10566000,,,0,,,,,,
4/26/2007 0:00,10566000,,,0,,,,,,
4/27/2007 0:00,10566000,,,0,,,,,,
4/28/2007 0:00,10566000,,,0,,,,,,
4/29/2007 0:00,10566000,,,0,,,,,,
4/30/2007 0:00,10566000,,,0,,,,,,
5/1/2007 0:00,10566000,,,0,,,,,,
5/2/2007 0:00,10566000,,,0,,,,,,
5/3/2007 0:00,10566000,,,0,,,,,,
5/4/2007 0:00,10566000,,,0,,,,,,
5/5/2007 0:00,10566000,,,0,,,,,,
5/6/2007 0:00,10566000,,,4.63,,,,,,
5/7/2007 0:00,10566000,,,0.12,,,,,,
5/8/2007 0:00,10566000,,,0,,,,,,
5/9/2007 0:00,10566000,,,0,,,,,,
5/10/2007 0:00,10566000,,,0.73,,,,,,
5/11/2007 0:00,10566000,,,0,,,,,,
5/12/2007 0:00,10566000,,,0.73,,,,,,
5/13/2007 0:00,10566000,,,0,,,,,,
5/14/2007 0:00,10566000,,,0,,,,,,
5/15/2007 0:00,10566000,,,0,,,,,,
5/16/2007 0:00,10566000,,,0,,,,,,
5/17/2007 0:00,10566000,,,0,,,,,,
5/18/2007 0:00,10566000,,,0,,,,,,
5/19/2007 0:00,10566000,,,0,,,,,,
5/20/2007 0:00,10566000,,,0,,,,,,
5/21/2007 0:00,10566000,,,0,,,,,,
5/22/2007 0:00,10566000,,,0,,,,,,
5/23/2007 0:00,10566000,2.011,2.01,0,,,,,,
5/24/2007 0:00,10566000,2.010,2.01,0,,,,,,
5/25/2007 0:00,10566000,1.988,1.99,0,,,,,,
5/26/2007 0:00,10566000,1.956,1.96,0,,,,,,
5/27/2007 0:00,10566000,1.820,1.82,0.1,,,,,,
5/28/2007 0:00,10566000,1.723,1.72,0,,,,,,
5/29/2007 0:00,10566000,1.535,1.54,0,,,,,,
5/30/2007 0:00,10566000,1.247,1.25,0,,,,,,
5/31/2007 0:00,10566000,1.042,1.04,0,,,,,,
6/1/2007 0:00,10566000,0.929,0.93,0.7,,,,,,
6/2/2007 0:00,10566000,0.995,0.99,0.12,,,,,,
6/3/2007 0:00,10566000,0.926,0.93,0,,,,,,
6/4/2007 0:00,10566000,0.752,0.75,0,,,,,,
6/5/2007 0:00,10566000,0.622,0.62,0,,,,,,
6/6/2007 0:00,10566000,0.525,0.52,0,,,,,,
6/7/2007 0:00,10566000,0.440,0.44,0,,,,,,
6/8/2007 0:00,10566000,0.348,0.35,0,,,,,,
6/9/2007 0:00,10566000,0.279,0.28,0,,,,,,
6/10/2007 0:00,10566000,0.228,0.23,0,,,,,,
6/11/2007 0:00,10566000,0.187,0.19,0,,,,,,
6/12/2007 0:00,10566000,0.155,0.16,0.06,,,,,,
6/13/2007 0:00,10566000,0.131,0.13,0,,,,,,
6/14/2007 0:00,10566000,0.109,0.11,0.09,,,,,,
6/15/2007 0:00,10566000,0.105,0.10,11.4,,,,,,
6/16/2007 0:00,10566000,0.100,0.10,0.06,,,,,,
6/17/2007 0:00,10566000,0.090,0.09,0,,,,,,
6/18/2007 0:00,10566000,0.080,0.08,0,,,,,,
6/19/2007 0:00,10566000,0.065,0.07,0,,,,,,
6/20/2007 0:00,10566000,0.050,0.05,0,,,,,,
6/21/2007 0:00,10566000,0.038,0.04,0,,,,,,
6/22/2007 0:00,10566000,0.032,0.03,0.254,4.71,11.18,,1.69,3.8914668,4.3
6/23/2007 0:00,10566000,0.043,0.04,3.302,,,,,,
6/24/2007 0:00,10566000,0.033,0.03,0.868,,,,,,
6/25/2007 0:00,10566000,0.050,0.05,8.16,,,,,,
6/26/2007 0:00,10566000,0.082,0.08,1.08,,,,,,
6/27/2007 0:00,10566000,0.085,0.08,0.58,,,,,,
6/28/2007 0:00,10566000,0.087,0.09,0,,,,,,
6/29/2007 0:00,10566000,0.085,0.09,0,4.92,15.71,,1.19,4.2397771,5.4
6/30/2007 0:00,10566000,0.078,0.08,0,,,,,,
7/1/2007 0:00,10566000,0.061,0.06,0,,,,,,
7/2/2007 0:00,10566000,0.052,0.05,0,,,,,,
7/3/2007 0:00,10566000,0.064,0.06,0,,,,,,
7/4/2007 0:00,10566000,0.058,0.06,0,,,,,,
7/5/2007 0:00,10566000,0.051,0.05,0,,,,,,
7/6/2007 0:00,10566000,0.046,0.05,0,5.08,17.48,,1.13,3.4230495,4.3
7/7/2007 0:00,10566000,0.037,0.04,0,,,,,,
7/8/2007 0:00,10566000,0.021,0.02,0,,,,,,
7/9/2007 0:00,10566000,0.015,0.02,0.77,,,,,,
7/10/2007 0:00,10566000,0.053,0.05,4.9,,,,,,
7/11/2007 0:00,10566000,0.079,0.08,0,,,,,,
7/12/2007 0:00,10566000,0.049,0.05,0.11,,,,,,
7/13/2007 0:00,10566000,0.032,0.03,0,5.08,17.26,,0.95,4.1076594,
7/14/2007 0:00,10566000,0.030,0.03,13.13,,,,,,
7/15/2007 0:00,10566000,0.049,0.05,16.64,,,,,,
7/16/2007 0:00,10566000,0.098,0.10,3.47,,,,,,
7/17/2007 0:00,10566000,0.229,0.23,0,,,,,,
7/18/2007 0:00,10566000,0.292,0.29,2.58,,,,,,
7/19/2007 0:00,10566000,0.261,0.26,0,,,,,,
7/20/2007 0:00,10566000,0.209,0.21,0,5.22,17.42,,1.23,4.9484084,5.1
7/21/2007 0:00,10566000,0.163,0.16,0,,,,,,
7/22/2007 0:00,10566000,0.130,0.13,0,,,,,,
7/23/2007 0:00,10566000,0.106,0.11,0,,,,,,
7/24/2007 0:00,10566000,0.092,0.09,0,,,,,,
7/25/2007 0:00,10566000,0.083,0.08,0,,,,,,
7/26/2007 0:00,10566000,0.075,0.08,0.29,,,,,,
7/27/2007 0:00,10566000,0.070,0.07,0.97,5.16,16.96,,1.35,4.3718948,5.7
7/28/2007 0:00,10566000,0.068,0.07,0,,,,,,
7/29/2007 0:00,10566000,0.071,0.07,12.89,,,,,,
7/30/2007 0:00,10566000,0.089,0.09,6.3,,,,,,
7/31/2007 0:00,10566000,0.127,0.13,2.42,,,,,,
8/1/2007 0:00,10566000,0.227,0.23,5.48,,,,,,
8/2/2007 0:00,10566000,0.726,0.73,0,,,,,,
8/3/2007 0:00,10566000,0.685,0.68,3.61,5.12,15.78,,1.333,5.404815,6.8
8/4/2007 0:00,10566000,0.565,0.56,3.42,,,,,,
8/5/2007 0:00,10566000,0.791,0.79,2.04,,,,,,
8/6/2007 0:00,10566000,1.291,1.29,13.48,,,,,,
8/7/2007 0:00,10566000,2.610,2.61,0,,,,,,
8/8/2007 0:00,10566000,1.865,1.87,0,,,,,,
8/9/2007 0:00,10566000,1.327,1.33,0,,,,,,
8/10/2007 0:00,10566000,1.000,1.00,0,5.14,14.97,,1.422,6.9301739,5.9
8/11/2007 0:00,10566000,0.785,0.79,0,,,,,,
8/12/2007 0:00,10566000,0.633,0.63,0,,,,,,
8/13/2007 0:00,10566000,0.520,0.52,1.12,,,,,,
8/14/2007 0:00,10566000,0.468,0.47,2.09,,,,,,
8/15/2007 0:00,10566000,0.503,0.50,3.52,,,,,,
8/16/2007 0:00,10566000,0.629,0.63,0,,,,,,
8/17/2007 0:00,10566000,0.641,0.64,0,5.19,14.07,,1.425,6.485778,
8/18/2007 0:00,10566000,0.565,0.57,0.03,,,,,,
8/19/2007 0:00,10566000,0.498,0.50,0,,,,,,
8/20/2007 0:00,10566000,0.453,0.45,0,,,,,,
8/21/2007 0:00,10566000,0.411,0.41,0,,,,,,
8/22/2007 0:00,10566000,,,0,,,,,,
8/23/2007 0:00,10566000,0.48,0.48,0,5.3,13.45,,1.433,,
8/24/2007 0:00,10566000,,,0,,,,,,
8/25/2007 0:00,10566000,,,0,,,,,,
8/26/2007 0:00,10566000,,,0,,,,,,
8/27/2007 0:00,10566000,,,0,,,,,,
8/28/2007 0:00,10566000,,,0,,,,,,
8/29/2007 0:00,10566000,,,0.26,,,,,,
8/30/2007 0:00,10566000,,,0,,,,,,
8/31/2007 0:00,10566000,,,0,,,,,,
9/1/2007 0:00,10566000,,,0,,,,,,
9/2/2007 0:00,10566000,,,0,,,,,,
9/3/2007 0:00,10566000,,,0,,,,,,
9/4/2007 0:00,10566000,,,0,,,,,,
9/5/2007 0:00,10566000,,,0,,,,,,
9/6/2007 0:00,10566000,,,2.87,,,,,,
9/7/2007 0:00,10566000,,,0,,,,,,
9/8/2007 0:00,10566000,,,0,,,,,,
9/9/2007 0:00,10566000,,,0,,,,,,
9/10/2007 0:00,10566000,,,0,,,,,,
9/11/2007 0:00,10566000,,,0,,,,,,
9/12/2007 0:00,10566000,,,0,,,,,,
9/13/2007 0:00,10566000,,,0,,,,,,
9/14/2007 0:00,10566000,,,0,,,,,,
9/15/2007 0:00,10566000,,,0.03,,,,,,
9/16/2007 0:00,10566000,,,0,,,,,,
9/17/2007 0:00,10566000,,,0.21,,,,,,
9/18/2007 0:00,10566000,,,0,,,,,,
9/19/2007 0:00,10566000,,,0,5.32,7.83,,1.665,6.1855105,
9/20/2007 0:00,10566000,,,0,,,,,,
9/21/2007 0:00,10566000,,,0,,,,,,
9/22/2007 0:00,10566000,,,0,,,,,,
9/23/2007 0:00,10566000,,,0,,,,,,
9/24/2007 0:00,10566000,,,0,,,,,,
9/25/2007 0:00,10566000,,,0,,,,,,
9/26/2007 0:00,10566000,,,0.03,,,,,,
9/27/2007 0:00,10566000,,,0,,,,,,
9/28/2007 0:00,10566000,,,0,3.86,3.78,,1.473,6.4137138,
9/29/2007 0:00,10566000,,,0,,,,,,
9/30/2007 0:00,10566000,,,0,,,,,,
10/1/2007 0:00,10566000,,,0,,,,,,
10/2/2007 0:00,10566000,,,1.17,,,,,,
10/3/2007 0:00,10566000,,,0.03,,,,,,
10/4/2007 0:00,10566000,,,0.25,,,,,,
10/5/2007 0:00,10566000,,,0.03,,,,,,
10/6/2007 0:00,10566000,,,0,,,,,,
10/7/2007 0:00,10566000,,,0,,,,,,
10/8/2007 0:00,10566000,,,0,,,,,,
10/9/2007 0:00,10566000,,,0.12,,,,,,
10/10/2007 0:00,10566000,,,0.09,,,,,,
10/11/2007 0:00,10566000,,,0.12,,,,,,
10/12/2007 0:00,10566000,,,0.15,,,,,,
10/13/2007 0:00,10566000,,,0,,,,,,
10/14/2007 0:00,10566000,,,0,,,,,,
10/15/2007 0:00,10566000,,,0,,,,,,
10/16/2007 0:00,10566000,,,0,,,,,,
10/17/2007 0:00,10566000,,,0,,,,,,
10/18/2007 0:00,10566000,,,0.87,,,,,,
10/19/2007 0:00,10566000,,,#N/A,,,,,,
10/20/2007 0:00,10566000,,,#N/A,,,,,,
10/21/2007 0:00,10566000,,,#N/A,,,,,,
10/22/2007 0:00,10566000,,,#N/A,,,,,,
10/23/2007 0:00,10566000,,,#N/A,,,,,,
10/24/2007 0:00,10566000,,,#N/A,,,,,,
10/25/2007 0:00,10566000,,,#N/A,,,,,,
10/26/2007 0:00,10566000,,,0.15,,,,,,
10/27/2007 0:00,10566000,,,0.99,,,,,,
10/28/2007 0:00,10566000,,,0.36,,,,,,
10/29/2007 0:00,10566000,,,0,,,,,,
10/30/2007 0:00,10566000,,,0,,,,,,
10/31/2007 0:00,10566000,,,0.03,,,,,,
11/1/2007 0:00,10566000,,,0,,,,,,
11/2/2007 0:00,10566000,,,0.63,,,,,,
11/3/2007 0:00,10566000,,,1.03,,,,,,
11/4/2007 0:00,10566000,,,0,,,,,,
11/5/2007 0:00,10566000,,,2.37,,,,,,
11/6/2007 0:00,10566000,,,0.54,,,,,,
11/7/2007 0:00,10566000,,,0.1,,,,,,
11/8/2007 0:00,10566000,,,0.33,,,,,,
11/9/2007 0:00,10566000,,,0.37,,,,,,
11/10/2007 0:00,10566000,,,0,,,,,,
11/11/2007 0:00,10566000,,,0,,,,,,
11/12/2007 0:00,10566000,,,0,,,,,,
11/13/2007 0:00,10566000,,,0,,,,,,
11/14/2007 0:00,10566000,,,0,,,,,,
11/15/2007 0:00,10566000,,,0.06,,,,,,
11/16/2007 0:00,10566000,,,1.64,,,,,,
11/17/2007 0:00,10566000,,,1.21,,,,,,
11/18/2007 0:00,10566000,,,0,,,,,,
11/19/2007 0:00,10566000,,,0.03,,,,,,
11/20/2007 0:00,10566000,,,0.41,,,,,,
11/21/2007 0:00,10566000,,,0.03,,,,,,
11/22/2007 0:00,10566000,,,0.03,,,,,,
11/23/2007 0:00,10566000,,,0.06,,,,,,
11/24/2007 0:00,10566000,,,1.39,,,,,,
11/25/2007 0:00,10566000,,,0.53,,,,,,
11/26/2007 0:00,10566000,,,0,,,,,,
11/27/2007 0:00,10566000,,,0.03,,,,,,
11/28/2007 0:00,10566000,,,0,,,,,,
11/29/2007 0:00,10566000,,,0,,,,,,
11/30/2007 0:00,10566000,,,0.13,,,,,,
12/1/2007 0:00,10566000,,,0,,,,,,
12/2/2007 0:00,10566000,,,0,,,,,,
12/3/2007 0:00,10566000,,,0,,,,,,
12/4/2007 0:00,10566000,,,0.48,,,,,,
12/5/2007 0:00,10566000,,,0,,,,,,
12/6/2007 0:00,10566000,,,0,,,,,,
12/7/2007 0:00,10566000,,,0,,,,,,
12/8/2007 0:00,10566000,,,0,,,,,,
12/9/2007 0:00,10566000,,,0.12,,,,,,
12/10/2007 0:00,10566000,,,0,,,,,,
12/11/2007 0:00,10566000,,,0,,,,,,
12/12/2007 0:00,10566000,,,0.03,,,,,,
12/13/2007 0:00,10566000,,,0.87,,,,,,
12/14/2007 0:00,10566000,,,0.03,,,,,,
12/15/2007 0:00,10566000,,,0.24,,,,,,
12/16/2007 0:00,10566000,,,0.33,,,,,,
12/17/2007 0:00,10566000,,,0,,,,,,
12/18/2007 0:00,10566000,,,0,,,,,,
12/19/2007 0:00,10566000,,,0,,,,,,
12/20/2007 0:00,10566000,,,0,,,,,,
12/21/2007 0:00,10566000,,,0,,,,,,
12/22/2007 0:00,10566000,,,0.77,,,,,,
12/23/2007 0:00,10566000,,,0,,,,,,
12/24/2007 0:00,10566000,,,0.14,,,,,,
12/25/2007 0:00,10566000,,,2.4,,,,,,
12/26/2007 0:00,10566000,,,0.27,,,,,,
12/27/2007 0:00,10566000,,,0,,,,,,
12/28/2007 0:00,10566000,,,0,,,,,,
12/29/2007 0:00,10566000,,,0,,,,,,
12/30/2007 0:00,10566000,,,0,,,,,,
12/31/2007 0:00,10566000,,,0,,,,,,
1/1/2008 0:00,10566000,,,2.28,,,,,,
1/2/2008 0:00,10566000,,,1.15,,,,,,
1/3/2008 0:00,10566000,,,0.36,,,,,,
1/4/2008 0:00,10566000,,,0,,,,,,
1/5/2008 0:00,10566000,,,0.45,,,,,,
1/6/2008 0:00,10566000,,,0.78,,,,,,
1/7/2008 0:00,10566000,,,0.78,,,,,,
1/8/2008 0:00,10566000,,,0.42,,,,,,
1/9/2008 0:00,10566000,,,0.48,,,,,,
1/10/2008 0:00,10566000,,,0.09,,,,,,
1/11/2008 0:00,10566000,,,0.03,,,,,,
1/12/2008 0:00,10566000,,,0,,,,,,
1/13/2008 0:00,10566000,,,0,,,,,,
1/14/2008 0:00,10566000,,,0.06,,,,,,
1/15/2008 0:00,10566000,,,0.08,,,,,,
1/16/2008 0:00,10566000,,,0.68,,,,,,
1/17/2008 0:00,10566000,,,0.3,,,,,,
1/18/2008 0:00,10566000,,,0,,,,,,
1/19/2008 0:00,10566000,,,1.4,,,,,,
1/20/2008 0:00,10566000,,,0.28,,,,,,
1/21/2008 0:00,10566000,,,0.09,,,,,,
1/22/2008 0:00,10566000,,,0.18,,,,,,
1/23/2008 0:00,10566000,,,2.37,,,,,,
1/24/2008 0:00,10566000,,,0.06,,,,,,
1/25/2008 0:00,10566000,,,0,,,,,,
1/26/2008 0:00,10566000,,,0,,,,,,
1/27/2008 0:00,10566000,,,0,,,,,,
1/28/2008 0:00,10566000,,,0.04,,,,,,
1/29/2008 0:00,10566000,,,0.21,,,,,,
1/30/2008 0:00,10566000,,,0,,,,,,
1/31/2008 0:00,10566000,,,0.18,,,,,,
2/1/2008 0:00,10566000,,,0,,,,,,
2/2/2008 0:00,10566000,,,0.09,,,,,,
2/3/2008 0:00,10566000,,,0.03,,,,,,
2/4/2008 0:00,10566000,,,0,,,,,,
2/5/2008 0:00,10566000,,,0.39,,,,,,
2/6/2008 0:00,10566000,,,0.03,,,,,,
2/7/2008 0:00,10566000,,,0,,,,,,
2/8/2008 0:00,10566000,,,0,,,,,,
2/9/2008 0:00,10566000,,,0,,,,,,
2/10/2008 0:00,10566000,,,0.09,,,,,,
2/11/2008 0:00,10566000,,,0,,,,,,
2/12/2008 0:00,10566000,,,0.12,,,,,,
2/13/2008 0:00,10566000,,,0.15,,,,,,
2/14/2008 0:00,10566000,,,0.03,,,,,,
2/15/2008 0:00,10566000,,,0.37,,,,,,
2/16/2008 0:00,10566000,,,0.16,,,,,,
2/17/2008 0:00,10566000,,,0.03,,,,,,
2/18/2008 0:00,10566000,,,0.15,,,,,,
2/19/2008 0:00,10566000,,,0,,,,,,
2/20/2008 0:00,10566000,,,1.77,,,,,,
2/21/2008 0:00,10566000,,,0.51,,,,,,
2/22/2008 0:00,10566000,,,3.48,,,,,,
2/23/2008 0:00,10566000,,,0.76,,,,,,
2/24/2008 0:00,10566000,,,1.78,,,,,,
2/25/2008 0:00,10566000,,,0,,,,,,
2/26/2008 0:00,10566000,,,0.06,,,,,,
2/27/2008 0:00,10566000,,,0.09,,,,,,
2/28/2008 0:00,10566000,,,0.03,,,,,,
2/29/2008 0:00,10566000,,,0,,,,,,
3/1/2008 0:00,10566000,,,0,,,,,,
3/2/2008 0:00,10566000,,,0,,,,,,
3/3/2008 0:00,10566000,,,0.06,,,,,,
3/4/2008 0:00,10566000,,,0,,,,,,
3/5/2008 0:00,10566000,,,2.04,,,,,,
3/6/2008 0:00,10566000,,,1.87,,,,,,
3/7/2008 0:00,10566000,,,3.36,,,,,,
3/8/2008 0:00,10566000,,,1.59,,,,,,
3/9/2008 0:00,10566000,,,0.13,,,,,,
3/10/2008 0:00,10566000,,,0,,,,,,
3/11/2008 0:00,10566000,,,0.15,,,,,,
3/12/2008 0:00,10566000,,,0,,,,,,
3/13/2008 0:00,10566000,,,0,,,,,,
3/14/2008 0:00,10566000,,,0,,,,,,
3/15/2008 0:00,10566000,,,0,,,,,,
3/16/2008 0:00,10566000,,,0,,,,,,
3/17/2008 0:00,10566000,,,0,,,,,,
3/18/2008 0:00,10566000,,,0,,,,,,
3/19/2008 0:00,10566000,,,0,,,,,,
3/20/2008 0:00,10566000,,,0,,,,,,
3/21/2008 0:00,10566000,,,0,,,,,,
3/22/2008 0:00,10566000,,,0,,,,,,
3/23/2008 0:00,10566000,,,0,,,,,,
3/24/2008 0:00,10566000,,,0,,,,,,
3/25/2008 0:00,10566000,,,0.06,,,,,,
3/26/2008 0:00,10566000,,,0,,,,,,
3/27/2008 0:00,10566000,,,0,,,,,,
3/28/2008 0:00,10566000,,,0,,,,,,
3/29/2008 0:00,10566000,,,0,,,,,,
3/30/2008 0:00,10566000,,,0.12,,,,,,
3/31/2008 0:00,10566000,,,0,,,,,,
4/1/2008 0:00,10566000,,,0.06,,,,,,
4/2/2008 0:00,10566000,,,0.03,,,,,,
4/3/2008 0:00,10566000,,,1.33,,,,,,
4/4/2008 0:00,10566000,,,0.24,,,,,,
4/5/2008 0:00,10566000,,,0.12,,,,,,
4/6/2008 0:00,10566000,,,0.06,,,,,,
4/7/2008 0:00,10566000,,,0.89,,,,,,
4/8/2008 0:00,10566000,,,0.53,,,,,,
4/9/2008 0:00,10566000,,,0,,,,,,
4/10/2008 0:00,10566000,,,0,,,,,,
4/11/2008 0:00,10566000,,,0,,,,,,
4/12/2008 0:00,10566000,,,0,,,,,,
4/13/2008 0:00,10566000,,,0,,,,,,
4/14/2008 0:00,10566000,,,1.1,,,,,,
4/15/2008 0:00,10566000,,,1.51,,,,,,
4/16/2008 0:00,10566000,,,0.93,,,,,,
4/17/2008 0:00,10566000,,,0,,,,,,
4/18/2008 0:00,10566000,,,0,,,,,,
4/19/2008 0:00,10566000,,,0,,,,,,
4/20/2008 0:00,10566000,,,0,,,,,,
4/21/2008 0:00,10566000,,,0,,,,,,
4/22/2008 0:00,10566000,,,0,,,,,,
4/23/2008 0:00,10566000,,,0,,,,,,
4/24/2008 0:00,10566000,,,0.33,,,,,,
4/25/2008 0:00,10566000,,,2.11,,,,,,
4/26/2008 0:00,10566000,,,0,,,,,,
4/27/2008 0:00,10566000,,,1.11,,,,,,
4/28/2008 0:00,10566000,,,0.03,,,,,,
4/29/2008 0:00,10566000,,,0.27,,,,,,
4/30/2008 0:00,10566000,,,1.03,,,,,,
5/1/2008 0:00,10566000,,,2.31,,,,,,
5/2/2008 0:00,10566000,,,0,,,,,,
5/3/2008 0:00,10566000,,,0,,,,,,
5/4/2008 0:00,10566000,,,0,,,,,,
5/5/2008 0:00,10566000,,,0,,,,,,
5/6/2008 0:00,10566000,,,0,,,,,,
5/7/2008 0:00,10566000,,,0,,,,,,
5/8/2008 0:00,10566000,,,0,,,,,,
5/9/2008 0:00,10566000,,,0,,,,,,
5/10/2008 0:00,10566000,,,0.03,,,,,,
5/11/2008 0:00,10566000,,,0,,,,,,
5/12/2008 0:00,10566000,,,0,,,,,,
5/13/2008 0:00,10566000,,,0,,,,,,
5/14/2008 0:00,10566000,,,0,,,,,,
5/15/2008 0:00,10566000,,,0,,,,,,
5/16/2008 0:00,10566000,,,0,,,,,,
5/17/2008 0:00,10566000,,,0,,,,,,
5/18/2008 0:00,10566000,,,0.11,,,,,,
5/19/2008 0:00,10566000,,,3.41,,,,,,
5/20/2008 0:00,10566000,,,0,,,,,,
5/21/2008 0:00,10566000,,,0,,,,,,
5/22/2008 0:00,10566000,1.165,1.17,0,,,,,,
5/23/2008 0:00,10566000,1.054,1.05,0,,,,,,
5/24/2008 0:00,10566000,0.830,0.83,0,,,,,,
5/25/2008 0:00,10566000,0.595,0.59,12.5,,,,,,
5/26/2008 0:00,10566000,0.625,0.62,0.1,,,,,,
5/27/2008 0:00,10566000,0.959,0.96,2.54,,,,,,
5/28/2008 0:00,10566000,1.020,1.02,0.15,,,,,,
5/29/2008 0:00,10566000,0.854,0.85,0.76,,,,,,
5/30/2008 0:00,10566000,0.681,0.68,0.37,,,,,,
5/31/2008 0:00,10566000,0.582,0.58,1.58,,,,,,
6/1/2008 0:00,10566000,0.576,0.58,2.24,,,,,,
6/2/2008 0:00,10566000,0.739,0.74,0,,,,,,
6/3/2008 0:00,10566000,0.774,0.77,0,,,,,,
6/4/2008 0:00,10566000,0.720,0.72,0.06,,,,,,
6/5/2008 0:00,10566000,0.597,0.60,0.64,,,,,,
6/6/2008 0:00,10566000,0.506,0.51,1.31,,,,,,
6/7/2008 0:00,10566000,0.658,0.66,0,,,,,,
6/8/2008 0:00,10566000,0.705,0.71,0,,,,,,
6/9/2008 0:00,10566000,0.644,0.64,13.73,,,,,,
6/10/2008 0:00,10566000,1.955,1.96,1.31,,,,,,
6/11/2008 0:00,10566000,1.697,1.70,8.3,,,,,,
6/12/2008 0:00,10566000,1.825,1.82,0,,,,,,
6/13/2008 0:00,10566000,1.422,1.42,0,,,,,,
6/14/2008 0:00,10566000,0.977,0.98,0,,,,,,
6/15/2008 0:00,10566000,0.716,0.72,2.25,,,,,,
6/16/2008 0:00,10566000,0.648,0.65,12.51,,,,,,
6/17/2008 0:00,10566000,1.312,1.31,4.96,,,,,,
6/18/2008 0:00,10566000,1.891,1.89,3.47,,,,,,
6/19/2008 0:00,10566000,1.856,1.86,0,,,,,,
6/20/2008 0:00,10566000,1.328,1.33,0.03,4.26,6.83,,0.976,8.1912974,3.9
6/21/2008 0:00,10566000,0.999,1.00,0,,,,,,
6/22/2008 0:00,10566000,0.785,0.79,0.86,,,,,,
6/23/2008 0:00,10566000,0.637,0.64,0,,,,,,
6/24/2008 0:00,10566000,0.526,0.53,0,,,,,,
6/25/2008 0:00,10566000,0.488,0.49,20.05,,,,,,
6/26/2008 0:00,10566000,0.958,0.96,0,,,,,,
6/27/2008 0:00,10566000,0.945,0.95,0.25,4.13,10.34,,0.43,8.4555328,4.2
6/28/2008 0:00,10566000,0.713,0.71,0,,,,,,
6/29/2008 0:00,10566000,0.571,0.57,0,,,,,,
6/30/2008 0:00,10566000,0.485,0.48,5.43,,,,,,
7/1/2008 0:00,10566000,1.110,1.11,2.41,,,,,,
7/2/2008 0:00,10566000,1.479,1.48,0,,,,,,
7/3/2008 0:00,10566000,1.066,1.07,0,,,,,,
7/4/2008 0:00,10566000,0.744,0.74,0,4.84,12.91,,0.52,7.3385377,5.35
7/5/2008 0:00,10566000,0.542,0.54,0,,,,,,
7/6/2008 0:00,10566000,0.420,0.42,0,,,,,,
7/7/2008 0:00,10566000,0.277,0.28,0.67,,,,,,
7/8/2008 0:00,10566000,0.313,0.31,13.73,,,,,,
7/9/2008 0:00,10566000,0.416,0.42,2.57,,,,,,
7/10/2008 0:00,10566000,0.472,0.47,23.05,,,,,,
7/11/2008 0:00,10566000,2.036,2.04,1.3,5.02,14.52,,0.51,7.7108694,5.6
7/12/2008 0:00,10566000,1.848,1.85,1,,,,,,
7/13/2008 0:00,10566000,1.190,1.19,14.38,,,,,,
7/14/2008 0:00,10566000,1.419,1.42,1.87,,,,,,
7/15/2008 0:00,10566000,1.395,1.39,0.31,,,,,,
7/16/2008 0:00,10566000,1.077,1.08,1.57,,,,,,
7/17/2008 0:00,10566000,0.978,0.98,8.31,,,,,,
7/18/2008 0:00,10566000,1.101,1.10,0.15,5.13,13.79,,0.76,7.2544628,5.05
7/19/2008 0:00,10566000,0.940,0.94,0,,,,,,
7/20/2008 0:00,10566000,0.787,0.79,8.84,,,,,,
7/21/2008 0:00,10566000,1.357,1.36,4.62,,,,,,
7/22/2008 0:00,10566000,1.664,1.66,7.44,,,,,,
7/23/2008 0:00,10566000,1.836,1.84,1.12,,,,,,
7/24/2008 0:00,10566000,1.491,1.49,0,,,,,,
7/25/2008 0:00,10566000,1.111,1.11,0,5.19,11.85,,0.46,7.6147838,4.75
7/26/2008 0:00,10566000,0.849,0.85,0,,,,,,
7/27/2008 0:00,10566000,0.687,0.69,0.09,,,,,,
7/28/2008 0:00,10566000,0.570,0.57,0,,,,,,
7/29/2008 0:00,10566000,0.544,0.54,19.45,,,,,,
7/30/2008 0:00,10566000,1.274,1.27,1.22,,,,,,
7/31/2008 0:00,10566000,1.562,1.56,1.98,,,,,,
8/1/2008 0:00,10566000,1.271,1.27,0,5.38,10.11,,0.69,7.426617,5.25
8/2/2008 0:00,10566000,1.026,1.03,4.81,,,,,,
8/3/2008 0:00,10566000,1.025,1.02,1.67,,,,,,
8/4/2008 0:00,10566000,1.192,1.19,2.16,,,,,,
8/5/2008 0:00,10566000,1.307,1.31,2.98,,,,,,
8/6/2008 0:00,10566000,1.510,1.51,0.06,,,,,,
8/7/2008 0:00,10566000,1.188,1.19,0,,,,,,
8/8/2008 0:00,10566000,0.941,0.94,0.06,5.39,9.39,,0.59,7.3385377,6
8/9/2008 0:00,10566000,0.796,0.80,0,,,,,,
8/10/2008 0:00,10566000,0.697,0.70,0,,,,,,
8/11/2008 0:00,10566000,0.681,0.68,3.33,,,,,,
8/12/2008 0:00,10566000,0.708,0.71,0,,,,,,
8/13/2008 0:00,10566000,0.623,0.62,0.03,,,,,,
8/14/2008 0:00,10566000,0.537,0.54,0,,,,,,
8/15/2008 0:00,10566000,0.470,0.47,0,5.42,9.68,,0.47,6.1014356,4.4
8/16/2008 0:00,10566000,0.420,0.42,0,,,,,,
8/17/2008 0:00,10566000,0.377,0.38,0,,,,,,
8/18/2008 0:00,10566000,0.311,0.31,0,,,,,,
8/19/2008 0:00,10566000,,,0,,,,,,
8/20/2008 0:00,10566000,,,0,,,,,,
8/21/2008 0:00,10566000,,,0,,,,,,
8/22/2008 0:00,10566000,,,0.39,5.71,9.42,,0.61,,6
8/23/2008 0:00,10566000,,,0,,,,,,
8/24/2008 0:00,10566000,,,0,,,,,,
8/25/2008 0:00,10566000,,,0.03,,,,,,
8/26/2008 0:00,10566000,,,0,,,,,,
8/27/2008 0:00,10566000,,,0,,,,,,
8/28/2008 0:00,10566000,,,0.03,,,,,,
8/29/2008 0:00,10566000,,,0,,,,,,
8/30/2008 0:00,10566000,,,1.13,,,,,,
8/31/2008 0:00,10566000,,,0,,,,,,
9/1/2008 0:00,10566000,,,0,,,,,,
9/2/2008 0:00,10566000,,,0,,,,,,
9/3/2008 0:00,10566000,,,0,,,,,,
9/4/2008 0:00,10566000,,,0,,,,,,
9/5/2008 0:00,10566000,,,0.53,5.58,8.46,,0.51,,3
9/6/2008 0:00,10566000,,,0,,,,,,
9/7/2008 0:00,10566000,,,0.06,,,,,,
9/8/2008 0:00,10566000,,,0,,,,,,
9/9/2008 0:00,10566000,,,0,,,,,,
9/10/2008 0:00,10566000,,,0.06,,,,,,
9/11/2008 0:00,10566000,,,2.16,,,,,,
9/12/2008 0:00,10566000,,,0.83,,,,,,
9/13/2008 0:00,10566000,,,0,,,,,,
9/14/2008 0:00,10566000,,,0,,,,,,
9/15/2008 0:00,10566000,,,0,5.6,5.78,,0.38,,2.5
9/16/2008 0:00,10566000,,,0,,,,,,
9/17/2008 0:00,10566000,,,0,,,,,,
9/18/2008 0:00,10566000,,,0,,,,,,
9/19/2008 0:00,10566000,,,0,,,,,,
9/20/2008 0:00,10566000,,,1.74,,,,,,
9/21/2008 0:00,10566000,,,4.41,,,,,,
9/22/2008 0:00,10566000,,,2.19,,,,,,
9/23/2008 0:00,10566000,,,0.21,,,,,,
9/24/2008 0:00,10566000,,,0,,,,,,
9/25/2008 0:00,10566000,,,0.09,,,,,,
9/26/2008 0:00,10566000,,,0.51,,,,,,
9/27/2008 0:00,10566000,,,4.61,,,,,,
9/28/2008 0:00,10566000,,,1,,,,,,
9/29/2008 0:00,10566000,,,0,,,,,,
9/30/2008 0:00,10566000,,,0,,,,,,
